,601728.SH,601728.SH,601728.SH,601728.SH,601728.SH
,中国电信,中国电信,中国电信,中国电信,中国电信
date,open,close,high,low,volume
2014/1/2,0,0,0,0,0
2014/1/3,0,0,0,0,0
2014/1/6,0,0,0,0,0
2014/1/7,0,0,0,0,0
2014/1/8,0,0,0,0,0
2014/1/9,0,0,0,0,0
2014/1/10,0,0,0,0,0
2014/1/13,0,0,0,0,0
2014/1/14,0,0,0,0,0
2014/1/15,0,0,0,0,0
2014/1/16,0,0,0,0,0
2014/1/17,0,0,0,0,0
2014/1/20,0,0,0,0,0
2014/1/21,0,0,0,0,0
2014/1/22,0,0,0,0,0
2014/1/23,0,0,0,0,0
2014/1/24,0,0,0,0,0
2014/1/27,0,0,0,0,0
2014/1/28,0,0,0,0,0
2014/1/29,0,0,0,0,0
2014/1/30,0,0,0,0,0
2014/2/7,0,0,0,0,0
2014/2/10,0,0,0,0,0
2014/2/11,0,0,0,0,0
2014/2/12,0,0,0,0,0
2014/2/13,0,0,0,0,0
2014/2/14,0,0,0,0,0
2014/2/17,0,0,0,0,0
2014/2/18,0,0,0,0,0
2014/2/19,0,0,0,0,0
2014/2/20,0,0,0,0,0
2014/2/21,0,0,0,0,0
2014/2/24,0,0,0,0,0
2014/2/25,0,0,0,0,0
2014/2/26,0,0,0,0,0
2014/2/27,0,0,0,0,0
2014/2/28,0,0,0,0,0
2014/3/3,0,0,0,0,0
2014/3/4,0,0,0,0,0
2014/3/5,0,0,0,0,0
2014/3/6,0,0,0,0,0
2014/3/7,0,0,0,0,0
2014/3/10,0,0,0,0,0
2014/3/11,0,0,0,0,0
2014/3/12,0,0,0,0,0
2014/3/13,0,0,0,0,0
2014/3/14,0,0,0,0,0
2014/3/17,0,0,0,0,0
2014/3/18,0,0,0,0,0
2014/3/19,0,0,0,0,0
2014/3/20,0,0,0,0,0
2014/3/21,0,0,0,0,0
2014/3/24,0,0,0,0,0
2014/3/25,0,0,0,0,0
2014/3/26,0,0,0,0,0
2014/3/27,0,0,0,0,0
2014/3/28,0,0,0,0,0
2014/3/31,0,0,0,0,0
2014/4/1,0,0,0,0,0
2014/4/2,0,0,0,0,0
2014/4/3,0,0,0,0,0
2014/4/4,0,0,0,0,0
2014/4/8,0,0,0,0,0
2014/4/9,0,0,0,0,0
2014/4/10,0,0,0,0,0
2014/4/11,0,0,0,0,0
2014/4/14,0,0,0,0,0
2014/4/15,0,0,0,0,0
2014/4/16,0,0,0,0,0
2014/4/17,0,0,0,0,0
2014/4/18,0,0,0,0,0
2014/4/21,0,0,0,0,0
2014/4/22,0,0,0,0,0
2014/4/23,0,0,0,0,0
2014/4/24,0,0,0,0,0
2014/4/25,0,0,0,0,0
2014/4/28,0,0,0,0,0
2014/4/29,0,0,0,0,0
2014/4/30,0,0,0,0,0
2014/5/5,0,0,0,0,0
2014/5/6,0,0,0,0,0
2014/5/7,0,0,0,0,0
2014/5/8,0,0,0,0,0
2014/5/9,0,0,0,0,0
2014/5/12,0,0,0,0,0
2014/5/13,0,0,0,0,0
2014/5/14,0,0,0,0,0
2014/5/15,0,0,0,0,0
2014/5/16,0,0,0,0,0
2014/5/19,0,0,0,0,0
2014/5/20,0,0,0,0,0
2014/5/21,0,0,0,0,0
2014/5/22,0,0,0,0,0
2014/5/23,0,0,0,0,0
2014/5/26,0,0,0,0,0
2014/5/27,0,0,0,0,0
2014/5/28,0,0,0,0,0
2014/5/29,0,0,0,0,0
2014/5/30,0,0,0,0,0
2014/6/3,0,0,0,0,0
2014/6/4,0,0,0,0,0
2014/6/5,0,0,0,0,0
2014/6/6,0,0,0,0,0
2014/6/9,0,0,0,0,0
2014/6/10,0,0,0,0,0
2014/6/11,0,0,0,0,0
2014/6/12,0,0,0,0,0
2014/6/13,0,0,0,0,0
2014/6/16,0,0,0,0,0
2014/6/17,0,0,0,0,0
2014/6/18,0,0,0,0,0
2014/6/19,0,0,0,0,0
2014/6/20,0,0,0,0,0
2014/6/23,0,0,0,0,0
2014/6/24,0,0,0,0,0
2014/6/25,0,0,0,0,0
2014/6/26,0,0,0,0,0
2014/6/27,0,0,0,0,0
2014/6/30,0,0,0,0,0
2014/7/1,0,0,0,0,0
2014/7/2,0,0,0,0,0
2014/7/3,0,0,0,0,0
2014/7/4,0,0,0,0,0
2014/7/7,0,0,0,0,0
2014/7/8,0,0,0,0,0
2014/7/9,0,0,0,0,0
2014/7/10,0,0,0,0,0
2014/7/11,0,0,0,0,0
2014/7/14,0,0,0,0,0
2014/7/15,0,0,0,0,0
2014/7/16,0,0,0,0,0
2014/7/17,0,0,0,0,0
2014/7/18,0,0,0,0,0
2014/7/21,0,0,0,0,0
2014/7/22,0,0,0,0,0
2014/7/23,0,0,0,0,0
2014/7/24,0,0,0,0,0
2014/7/25,0,0,0,0,0
2014/7/28,0,0,0,0,0
2014/7/29,0,0,0,0,0
2014/7/30,0,0,0,0,0
2014/7/31,0,0,0,0,0
2014/8/1,0,0,0,0,0
2014/8/4,0,0,0,0,0
2014/8/5,0,0,0,0,0
2014/8/6,0,0,0,0,0
2014/8/7,0,0,0,0,0
2014/8/8,0,0,0,0,0
2014/8/11,0,0,0,0,0
2014/8/12,0,0,0,0,0
2014/8/13,0,0,0,0,0
2014/8/14,0,0,0,0,0
2014/8/15,0,0,0,0,0
2014/8/18,0,0,0,0,0
2014/8/19,0,0,0,0,0
2014/8/20,0,0,0,0,0
2014/8/21,0,0,0,0,0
2014/8/22,0,0,0,0,0
2014/8/25,0,0,0,0,0
2014/8/26,0,0,0,0,0
2014/8/27,0,0,0,0,0
2014/8/28,0,0,0,0,0
2014/8/29,0,0,0,0,0
2014/9/1,0,0,0,0,0
2014/9/2,0,0,0,0,0
2014/9/3,0,0,0,0,0
2014/9/4,0,0,0,0,0
2014/9/5,0,0,0,0,0
2014/9/9,0,0,0,0,0
2014/9/10,0,0,0,0,0
2014/9/11,0,0,0,0,0
2014/9/12,0,0,0,0,0
2014/9/15,0,0,0,0,0
2014/9/16,0,0,0,0,0
2014/9/17,0,0,0,0,0
2014/9/18,0,0,0,0,0
2014/9/19,0,0,0,0,0
2014/9/22,0,0,0,0,0
2014/9/23,0,0,0,0,0
2014/9/24,0,0,0,0,0
2014/9/25,0,0,0,0,0
2014/9/26,0,0,0,0,0
2014/9/29,0,0,0,0,0
2014/9/30,0,0,0,0,0
2014/10/8,0,0,0,0,0
2014/10/9,0,0,0,0,0
2014/10/10,0,0,0,0,0
2014/10/13,0,0,0,0,0
2014/10/14,0,0,0,0,0
2014/10/15,0,0,0,0,0
2014/10/16,0,0,0,0,0
2014/10/17,0,0,0,0,0
2014/10/20,0,0,0,0,0
2014/10/21,0,0,0,0,0
2014/10/22,0,0,0,0,0
2014/10/23,0,0,0,0,0
2014/10/24,0,0,0,0,0
2014/10/27,0,0,0,0,0
2014/10/28,0,0,0,0,0
2014/10/29,0,0,0,0,0
2014/10/30,0,0,0,0,0
2014/10/31,0,0,0,0,0
2014/11/3,0,0,0,0,0
2014/11/4,0,0,0,0,0
2014/11/5,0,0,0,0,0
2014/11/6,0,0,0,0,0
2014/11/7,0,0,0,0,0
2014/11/10,0,0,0,0,0
2014/11/11,0,0,0,0,0
2014/11/12,0,0,0,0,0
2014/11/13,0,0,0,0,0
2014/11/14,0,0,0,0,0
2014/11/17,0,0,0,0,0
2014/11/18,0,0,0,0,0
2014/11/19,0,0,0,0,0
2014/11/20,0,0,0,0,0
2014/11/21,0,0,0,0,0
2014/11/24,0,0,0,0,0
2014/11/25,0,0,0,0,0
2014/11/26,0,0,0,0,0
2014/11/27,0,0,0,0,0
2014/11/28,0,0,0,0,0
2014/12/1,0,0,0,0,0
2014/12/2,0,0,0,0,0
2014/12/3,0,0,0,0,0
2014/12/4,0,0,0,0,0
2014/12/5,0,0,0,0,0
2014/12/8,0,0,0,0,0
2014/12/9,0,0,0,0,0
2014/12/10,0,0,0,0,0
2014/12/11,0,0,0,0,0
2014/12/12,0,0,0,0,0
2014/12/15,0,0,0,0,0
2014/12/16,0,0,0,0,0
2014/12/17,0,0,0,0,0
2014/12/18,0,0,0,0,0
2014/12/19,0,0,0,0,0
2014/12/22,0,0,0,0,0
2014/12/23,0,0,0,0,0
2014/12/24,0,0,0,0,0
2014/12/25,0,0,0,0,0
2014/12/26,0,0,0,0,0
2014/12/29,0,0,0,0,0
2014/12/30,0,0,0,0,0
2014/12/31,0,0,0,0,0
2015/1/5,0,0,0,0,0
2015/1/6,0,0,0,0,0
2015/1/7,0,0,0,0,0
2015/1/8,0,0,0,0,0
2015/1/9,0,0,0,0,0
2015/1/12,0,0,0,0,0
2015/1/13,0,0,0,0,0
2015/1/14,0,0,0,0,0
2015/1/15,0,0,0,0,0
2015/1/16,0,0,0,0,0
2015/1/19,0,0,0,0,0
2015/1/20,0,0,0,0,0
2015/1/21,0,0,0,0,0
2015/1/22,0,0,0,0,0
2015/1/23,0,0,0,0,0
2015/1/26,0,0,0,0,0
2015/1/27,0,0,0,0,0
2015/1/28,0,0,0,0,0
2015/1/29,0,0,0,0,0
2015/1/30,0,0,0,0,0
2015/2/2,0,0,0,0,0
2015/2/3,0,0,0,0,0
2015/2/4,0,0,0,0,0
2015/2/5,0,0,0,0,0
2015/2/6,0,0,0,0,0
2015/2/9,0,0,0,0,0
2015/2/10,0,0,0,0,0
2015/2/11,0,0,0,0,0
2015/2/12,0,0,0,0,0
2015/2/13,0,0,0,0,0
2015/2/16,0,0,0,0,0
2015/2/17,0,0,0,0,0
2015/2/25,0,0,0,0,0
2015/2/26,0,0,0,0,0
2015/2/27,0,0,0,0,0
2015/3/2,0,0,0,0,0
2015/3/3,0,0,0,0,0
2015/3/4,0,0,0,0,0
2015/3/5,0,0,0,0,0
2015/3/6,0,0,0,0,0
2015/3/9,0,0,0,0,0
2015/3/10,0,0,0,0,0
2015/3/11,0,0,0,0,0
2015/3/12,0,0,0,0,0
2015/3/13,0,0,0,0,0
2015/3/16,0,0,0,0,0
2015/3/17,0,0,0,0,0
2015/3/18,0,0,0,0,0
2015/3/19,0,0,0,0,0
2015/3/20,0,0,0,0,0
2015/3/23,0,0,0,0,0
2015/3/24,0,0,0,0,0
2015/3/25,0,0,0,0,0
2015/3/26,0,0,0,0,0
2015/3/27,0,0,0,0,0
2015/3/30,0,0,0,0,0
2015/3/31,0,0,0,0,0
2015/4/1,0,0,0,0,0
2015/4/2,0,0,0,0,0
2015/4/3,0,0,0,0,0
2015/4/7,0,0,0,0,0
2015/4/8,0,0,0,0,0
2015/4/9,0,0,0,0,0
2015/4/10,0,0,0,0,0
2015/4/13,0,0,0,0,0
2015/4/14,0,0,0,0,0
2015/4/15,0,0,0,0,0
2015/4/16,0,0,0,0,0
2015/4/17,0,0,0,0,0
2015/4/20,0,0,0,0,0
2015/4/21,0,0,0,0,0
2015/4/22,0,0,0,0,0
2015/4/23,0,0,0,0,0
2015/4/24,0,0,0,0,0
2015/4/27,0,0,0,0,0
2015/4/28,0,0,0,0,0
2015/4/29,0,0,0,0,0
2015/4/30,0,0,0,0,0
2015/5/4,0,0,0,0,0
2015/5/5,0,0,0,0,0
2015/5/6,0,0,0,0,0
2015/5/7,0,0,0,0,0
2015/5/8,0,0,0,0,0
2015/5/11,0,0,0,0,0
2015/5/12,0,0,0,0,0
2015/5/13,0,0,0,0,0
2015/5/14,0,0,0,0,0
2015/5/15,0,0,0,0,0
2015/5/18,0,0,0,0,0
2015/5/19,0,0,0,0,0
2015/5/20,0,0,0,0,0
2015/5/21,0,0,0,0,0
2015/5/22,0,0,0,0,0
2015/5/25,0,0,0,0,0
2015/5/26,0,0,0,0,0
2015/5/27,0,0,0,0,0
2015/5/28,0,0,0,0,0
2015/5/29,0,0,0,0,0
2015/6/1,0,0,0,0,0
2015/6/2,0,0,0,0,0
2015/6/3,0,0,0,0,0
2015/6/4,0,0,0,0,0
2015/6/5,0,0,0,0,0
2015/6/8,0,0,0,0,0
2015/6/9,0,0,0,0,0
2015/6/10,0,0,0,0,0
2015/6/11,0,0,0,0,0
2015/6/12,0,0,0,0,0
2015/6/15,0,0,0,0,0
2015/6/16,0,0,0,0,0
2015/6/17,0,0,0,0,0
2015/6/18,0,0,0,0,0
2015/6/19,0,0,0,0,0
2015/6/23,0,0,0,0,0
2015/6/24,0,0,0,0,0
2015/6/25,0,0,0,0,0
2015/6/26,0,0,0,0,0
2015/6/29,0,0,0,0,0
2015/6/30,0,0,0,0,0
2015/7/1,0,0,0,0,0
2015/7/2,0,0,0,0,0
2015/7/3,0,0,0,0,0
2015/7/6,0,0,0,0,0
2015/7/7,0,0,0,0,0
2015/7/8,0,0,0,0,0
2015/7/9,0,0,0,0,0
2015/7/10,0,0,0,0,0
2015/7/13,0,0,0,0,0
2015/7/14,0,0,0,0,0
2015/7/15,0,0,0,0,0
2015/7/16,0,0,0,0,0
2015/7/17,0,0,0,0,0
2015/7/20,0,0,0,0,0
2015/7/21,0,0,0,0,0
2015/7/22,0,0,0,0,0
2015/7/23,0,0,0,0,0
2015/7/24,0,0,0,0,0
2015/7/27,0,0,0,0,0
2015/7/28,0,0,0,0,0
2015/7/29,0,0,0,0,0
2015/7/30,0,0,0,0,0
2015/7/31,0,0,0,0,0
2015/8/3,0,0,0,0,0
2015/8/4,0,0,0,0,0
2015/8/5,0,0,0,0,0
2015/8/6,0,0,0,0,0
2015/8/7,0,0,0,0,0
2015/8/10,0,0,0,0,0
2015/8/11,0,0,0,0,0
2015/8/12,0,0,0,0,0
2015/8/13,0,0,0,0,0
2015/8/14,0,0,0,0,0
2015/8/17,0,0,0,0,0
2015/8/18,0,0,0,0,0
2015/8/19,0,0,0,0,0
2015/8/20,0,0,0,0,0
2015/8/21,0,0,0,0,0
2015/8/24,0,0,0,0,0
2015/8/25,0,0,0,0,0
2015/8/26,0,0,0,0,0
2015/8/27,0,0,0,0,0
2015/8/28,0,0,0,0,0
2015/8/31,0,0,0,0,0
2015/9/1,0,0,0,0,0
2015/9/2,0,0,0,0,0
2015/9/7,0,0,0,0,0
2015/9/8,0,0,0,0,0
2015/9/9,0,0,0,0,0
2015/9/10,0,0,0,0,0
2015/9/11,0,0,0,0,0
2015/9/14,0,0,0,0,0
2015/9/15,0,0,0,0,0
2015/9/16,0,0,0,0,0
2015/9/17,0,0,0,0,0
2015/9/18,0,0,0,0,0
2015/9/21,0,0,0,0,0
2015/9/22,0,0,0,0,0
2015/9/23,0,0,0,0,0
2015/9/24,0,0,0,0,0
2015/9/25,0,0,0,0,0
2015/9/28,0,0,0,0,0
2015/9/29,0,0,0,0,0
2015/9/30,0,0,0,0,0
2015/10/8,0,0,0,0,0
2015/10/9,0,0,0,0,0
2015/10/12,0,0,0,0,0
2015/10/13,0,0,0,0,0
2015/10/14,0,0,0,0,0
2015/10/15,0,0,0,0,0
2015/10/16,0,0,0,0,0
2015/10/19,0,0,0,0,0
2015/10/20,0,0,0,0,0
2015/10/21,0,0,0,0,0
2015/10/22,0,0,0,0,0
2015/10/23,0,0,0,0,0
2015/10/26,0,0,0,0,0
2015/10/27,0,0,0,0,0
2015/10/28,0,0,0,0,0
2015/10/29,0,0,0,0,0
2015/10/30,0,0,0,0,0
2015/11/2,0,0,0,0,0
2015/11/3,0,0,0,0,0
2015/11/4,0,0,0,0,0
2015/11/5,0,0,0,0,0
2015/11/6,0,0,0,0,0
2015/11/9,0,0,0,0,0
2015/11/10,0,0,0,0,0
2015/11/11,0,0,0,0,0
2015/11/12,0,0,0,0,0
2015/11/13,0,0,0,0,0
2015/11/16,0,0,0,0,0
2015/11/17,0,0,0,0,0
2015/11/18,0,0,0,0,0
2015/11/19,0,0,0,0,0
2015/11/20,0,0,0,0,0
2015/11/23,0,0,0,0,0
2015/11/24,0,0,0,0,0
2015/11/25,0,0,0,0,0
2015/11/26,0,0,0,0,0
2015/11/27,0,0,0,0,0
2015/11/30,0,0,0,0,0
2015/12/1,0,0,0,0,0
2015/12/2,0,0,0,0,0
2015/12/3,0,0,0,0,0
2015/12/4,0,0,0,0,0
2015/12/7,0,0,0,0,0
2015/12/8,0,0,0,0,0
2015/12/9,0,0,0,0,0
2015/12/10,0,0,0,0,0
2015/12/11,0,0,0,0,0
2015/12/14,0,0,0,0,0
2015/12/15,0,0,0,0,0
2015/12/16,0,0,0,0,0
2015/12/17,0,0,0,0,0
2015/12/18,0,0,0,0,0
2015/12/21,0,0,0,0,0
2015/12/22,0,0,0,0,0
2015/12/23,0,0,0,0,0
2015/12/24,0,0,0,0,0
2015/12/25,0,0,0,0,0
2015/12/28,0,0,0,0,0
2015/12/29,0,0,0,0,0
2015/12/30,0,0,0,0,0
2015/12/31,0,0,0,0,0
2016/1/4,0,0,0,0,0
2016/1/5,0,0,0,0,0
2016/1/6,0,0,0,0,0
2016/1/7,0,0,0,0,0
2016/1/8,0,0,0,0,0
2016/1/11,0,0,0,0,0
2016/1/12,0,0,0,0,0
2016/1/13,0,0,0,0,0
2016/1/14,0,0,0,0,0
2016/1/15,0,0,0,0,0
2016/1/18,0,0,0,0,0
2016/1/19,0,0,0,0,0
2016/1/20,0,0,0,0,0
2016/1/21,0,0,0,0,0
2016/1/22,0,0,0,0,0
2016/1/25,0,0,0,0,0
2016/1/26,0,0,0,0,0
2016/1/27,0,0,0,0,0
2016/1/28,0,0,0,0,0
2016/1/29,0,0,0,0,0
2016/2/1,0,0,0,0,0
2016/2/2,0,0,0,0,0
2016/2/3,0,0,0,0,0
2016/2/4,0,0,0,0,0
2016/2/5,0,0,0,0,0
2016/2/15,0,0,0,0,0
2016/2/16,0,0,0,0,0
2016/2/17,0,0,0,0,0
2016/2/18,0,0,0,0,0
2016/2/19,0,0,0,0,0
2016/2/22,0,0,0,0,0
2016/2/23,0,0,0,0,0
2016/2/24,0,0,0,0,0
2016/2/25,0,0,0,0,0
2016/2/26,0,0,0,0,0
2016/2/29,0,0,0,0,0
2016/3/1,0,0,0,0,0
2016/3/2,0,0,0,0,0
2016/3/3,0,0,0,0,0
2016/3/4,0,0,0,0,0
2016/3/7,0,0,0,0,0
2016/3/8,0,0,0,0,0
2016/3/9,0,0,0,0,0
2016/3/10,0,0,0,0,0
2016/3/11,0,0,0,0,0
2016/3/14,0,0,0,0,0
2016/3/15,0,0,0,0,0
2016/3/16,0,0,0,0,0
2016/3/17,0,0,0,0,0
2016/3/18,0,0,0,0,0
2016/3/21,0,0,0,0,0
2016/3/22,0,0,0,0,0
2016/3/23,0,0,0,0,0
2016/3/24,0,0,0,0,0
2016/3/25,0,0,0,0,0
2016/3/28,0,0,0,0,0
2016/3/29,0,0,0,0,0
2016/3/30,0,0,0,0,0
2016/3/31,0,0,0,0,0
2016/4/1,0,0,0,0,0
2016/4/5,0,0,0,0,0
2016/4/6,0,0,0,0,0
2016/4/7,0,0,0,0,0
2016/4/8,0,0,0,0,0
2016/4/11,0,0,0,0,0
2016/4/12,0,0,0,0,0
2016/4/13,0,0,0,0,0
2016/4/14,0,0,0,0,0
2016/4/15,0,0,0,0,0
2016/4/18,0,0,0,0,0
2016/4/19,0,0,0,0,0
2016/4/20,0,0,0,0,0
2016/4/21,0,0,0,0,0
2016/4/22,0,0,0,0,0
2016/4/25,0,0,0,0,0
2016/4/26,0,0,0,0,0
2016/4/27,0,0,0,0,0
2016/4/28,0,0,0,0,0
2016/4/29,0,0,0,0,0
2016/5/3,0,0,0,0,0
2016/5/4,0,0,0,0,0
2016/5/5,0,0,0,0,0
2016/5/6,0,0,0,0,0
2016/5/9,0,0,0,0,0
2016/5/10,0,0,0,0,0
2016/5/11,0,0,0,0,0
2016/5/12,0,0,0,0,0
2016/5/13,0,0,0,0,0
2016/5/16,0,0,0,0,0
2016/5/17,0,0,0,0,0
2016/5/18,0,0,0,0,0
2016/5/19,0,0,0,0,0
2016/5/20,0,0,0,0,0
2016/5/23,0,0,0,0,0
2016/5/24,0,0,0,0,0
2016/5/25,0,0,0,0,0
2016/5/26,0,0,0,0,0
2016/5/27,0,0,0,0,0
2016/5/30,0,0,0,0,0
2016/5/31,0,0,0,0,0
2016/6/1,0,0,0,0,0
2016/6/2,0,0,0,0,0
2016/6/3,0,0,0,0,0
2016/6/6,0,0,0,0,0
2016/6/7,0,0,0,0,0
2016/6/8,0,0,0,0,0
2016/6/13,0,0,0,0,0
2016/6/14,0,0,0,0,0
2016/6/15,0,0,0,0,0
2016/6/16,0,0,0,0,0
2016/6/17,0,0,0,0,0
2016/6/20,0,0,0,0,0
2016/6/21,0,0,0,0,0
2016/6/22,0,0,0,0,0
2016/6/23,0,0,0,0,0
2016/6/24,0,0,0,0,0
2016/6/27,0,0,0,0,0
2016/6/28,0,0,0,0,0
2016/6/29,0,0,0,0,0
2016/6/30,0,0,0,0,0
2016/7/1,0,0,0,0,0
2016/7/4,0,0,0,0,0
2016/7/5,0,0,0,0,0
2016/7/6,0,0,0,0,0
2016/7/7,0,0,0,0,0
2016/7/8,0,0,0,0,0
2016/7/11,0,0,0,0,0
2016/7/12,0,0,0,0,0
2016/7/13,0,0,0,0,0
2016/7/14,0,0,0,0,0
2016/7/15,0,0,0,0,0
2016/7/18,0,0,0,0,0
2016/7/19,0,0,0,0,0
2016/7/20,0,0,0,0,0
2016/7/21,0,0,0,0,0
2016/7/22,0,0,0,0,0
2016/7/25,0,0,0,0,0
2016/7/26,0,0,0,0,0
2016/7/27,0,0,0,0,0
2016/7/28,0,0,0,0,0
2016/7/29,0,0,0,0,0
2016/8/1,0,0,0,0,0
2016/8/2,0,0,0,0,0
2016/8/3,0,0,0,0,0
2016/8/4,0,0,0,0,0
2016/8/5,0,0,0,0,0
2016/8/8,0,0,0,0,0
2016/8/9,0,0,0,0,0
2016/8/10,0,0,0,0,0
2016/8/11,0,0,0,0,0
2016/8/12,0,0,0,0,0
2016/8/15,0,0,0,0,0
2016/8/16,0,0,0,0,0
2016/8/17,0,0,0,0,0
2016/8/18,0,0,0,0,0
2016/8/19,0,0,0,0,0
2016/8/22,0,0,0,0,0
2016/8/23,0,0,0,0,0
2016/8/24,0,0,0,0,0
2016/8/25,0,0,0,0,0
2016/8/26,0,0,0,0,0
2016/8/29,0,0,0,0,0
2016/8/30,0,0,0,0,0
2016/8/31,0,0,0,0,0
2016/9/1,0,0,0,0,0
2016/9/2,0,0,0,0,0
2016/9/5,0,0,0,0,0
2016/9/6,0,0,0,0,0
2016/9/7,0,0,0,0,0
2016/9/8,0,0,0,0,0
2016/9/9,0,0,0,0,0
2016/9/12,0,0,0,0,0
2016/9/13,0,0,0,0,0
2016/9/14,0,0,0,0,0
2016/9/19,0,0,0,0,0
2016/9/20,0,0,0,0,0
2016/9/21,0,0,0,0,0
2016/9/22,0,0,0,0,0
2016/9/23,0,0,0,0,0
2016/9/26,0,0,0,0,0
2016/9/27,0,0,0,0,0
2016/9/28,0,0,0,0,0
2016/9/29,0,0,0,0,0
2016/9/30,0,0,0,0,0
2016/10/10,0,0,0,0,0
2016/10/11,0,0,0,0,0
2016/10/12,0,0,0,0,0
2016/10/13,0,0,0,0,0
2016/10/14,0,0,0,0,0
2016/10/17,0,0,0,0,0
2016/10/18,0,0,0,0,0
2016/10/19,0,0,0,0,0
2016/10/20,0,0,0,0,0
2016/10/21,0,0,0,0,0
2016/10/24,0,0,0,0,0
2016/10/25,0,0,0,0,0
2016/10/26,0,0,0,0,0
2016/10/27,0,0,0,0,0
2016/10/28,0,0,0,0,0
2016/10/31,0,0,0,0,0
2016/11/1,0,0,0,0,0
2016/11/2,0,0,0,0,0
2016/11/3,0,0,0,0,0
2016/11/4,0,0,0,0,0
2016/11/7,0,0,0,0,0
2016/11/8,0,0,0,0,0
2016/11/9,0,0,0,0,0
2016/11/10,0,0,0,0,0
2016/11/11,0,0,0,0,0
2016/11/14,0,0,0,0,0
2016/11/15,0,0,0,0,0
2016/11/16,0,0,0,0,0
2016/11/17,0,0,0,0,0
2016/11/18,0,0,0,0,0
2016/11/21,0,0,0,0,0
2016/11/22,0,0,0,0,0
2016/11/23,0,0,0,0,0
2016/11/24,0,0,0,0,0
2016/11/25,0,0,0,0,0
2016/11/28,0,0,0,0,0
2016/11/29,0,0,0,0,0
2016/11/30,0,0,0,0,0
2016/12/1,0,0,0,0,0
2016/12/2,0,0,0,0,0
2016/12/5,0,0,0,0,0
2016/12/6,0,0,0,0,0
2016/12/7,0,0,0,0,0
2016/12/8,0,0,0,0,0
2016/12/9,0,0,0,0,0
2016/12/12,0,0,0,0,0
2016/12/13,0,0,0,0,0
2016/12/14,0,0,0,0,0
2016/12/15,0,0,0,0,0
2016/12/16,0,0,0,0,0
2016/12/19,0,0,0,0,0
2016/12/20,0,0,0,0,0
2016/12/21,0,0,0,0,0
2016/12/22,0,0,0,0,0
2016/12/23,0,0,0,0,0
2016/12/26,0,0,0,0,0
2016/12/27,0,0,0,0,0
2016/12/28,0,0,0,0,0
2016/12/29,0,0,0,0,0
2016/12/30,0,0,0,0,0
2017/1/3,0,0,0,0,0
2017/1/4,0,0,0,0,0
2017/1/5,0,0,0,0,0
2017/1/6,0,0,0,0,0
2017/1/9,0,0,0,0,0
2017/1/10,0,0,0,0,0
2017/1/11,0,0,0,0,0
2017/1/12,0,0,0,0,0
2017/1/13,0,0,0,0,0
2017/1/16,0,0,0,0,0
2017/1/17,0,0,0,0,0
2017/1/18,0,0,0,0,0
2017/1/19,0,0,0,0,0
2017/1/20,0,0,0,0,0
2017/1/23,0,0,0,0,0
2017/1/24,0,0,0,0,0
2017/1/25,0,0,0,0,0
2017/1/26,0,0,0,0,0
2017/2/3,0,0,0,0,0
2017/2/6,0,0,0,0,0
2017/2/7,0,0,0,0,0
2017/2/8,0,0,0,0,0
2017/2/9,0,0,0,0,0
2017/2/10,0,0,0,0,0
2017/2/13,0,0,0,0,0
2017/2/14,0,0,0,0,0
2017/2/15,0,0,0,0,0
2017/2/16,0,0,0,0,0
2017/2/17,0,0,0,0,0
2017/2/20,0,0,0,0,0
2017/2/21,0,0,0,0,0
2017/2/22,0,0,0,0,0
2017/2/23,0,0,0,0,0
2017/2/24,0,0,0,0,0
2017/2/27,0,0,0,0,0
2017/2/28,0,0,0,0,0
2017/3/1,0,0,0,0,0
2017/3/2,0,0,0,0,0
2017/3/3,0,0,0,0,0
2017/3/6,0,0,0,0,0
2017/3/7,0,0,0,0,0
2017/3/8,0,0,0,0,0
2017/3/9,0,0,0,0,0
2017/3/10,0,0,0,0,0
2017/3/13,0,0,0,0,0
2017/3/14,0,0,0,0,0
2017/3/15,0,0,0,0,0
2017/3/16,0,0,0,0,0
2017/3/17,0,0,0,0,0
2017/3/20,0,0,0,0,0
2017/3/21,0,0,0,0,0
2017/3/22,0,0,0,0,0
2017/3/23,0,0,0,0,0
2017/3/24,0,0,0,0,0
2017/3/27,0,0,0,0,0
2017/3/28,0,0,0,0,0
2017/3/29,0,0,0,0,0
2017/3/30,0,0,0,0,0
2017/3/31,0,0,0,0,0
2017/4/5,0,0,0,0,0
2017/4/6,0,0,0,0,0
2017/4/7,0,0,0,0,0
2017/4/10,0,0,0,0,0
2017/4/11,0,0,0,0,0
2017/4/12,0,0,0,0,0
2017/4/13,0,0,0,0,0
2017/4/14,0,0,0,0,0
2017/4/17,0,0,0,0,0
2017/4/18,0,0,0,0,0
2017/4/19,0,0,0,0,0
2017/4/20,0,0,0,0,0
2017/4/21,0,0,0,0,0
2017/4/24,0,0,0,0,0
2017/4/25,0,0,0,0,0
2017/4/26,0,0,0,0,0
2017/4/27,0,0,0,0,0
2017/4/28,0,0,0,0,0
2017/5/2,0,0,0,0,0
2017/5/3,0,0,0,0,0
2017/5/4,0,0,0,0,0
2017/5/5,0,0,0,0,0
2017/5/8,0,0,0,0,0
2017/5/9,0,0,0,0,0
2017/5/10,0,0,0,0,0
2017/5/11,0,0,0,0,0
2017/5/12,0,0,0,0,0
2017/5/15,0,0,0,0,0
2017/5/16,0,0,0,0,0
2017/5/17,0,0,0,0,0
2017/5/18,0,0,0,0,0
2017/5/19,0,0,0,0,0
2017/5/22,0,0,0,0,0
2017/5/23,0,0,0,0,0
2017/5/24,0,0,0,0,0
2017/5/25,0,0,0,0,0
2017/5/26,0,0,0,0,0
2017/5/31,0,0,0,0,0
2017/6/1,0,0,0,0,0
2017/6/2,0,0,0,0,0
2017/6/5,0,0,0,0,0
2017/6/6,0,0,0,0,0
2017/6/7,0,0,0,0,0
2017/6/8,0,0,0,0,0
2017/6/9,0,0,0,0,0
2017/6/12,0,0,0,0,0
2017/6/13,0,0,0,0,0
2017/6/14,0,0,0,0,0
2017/6/15,0,0,0,0,0
2017/6/16,0,0,0,0,0
2017/6/19,0,0,0,0,0
2017/6/20,0,0,0,0,0
2017/6/21,0,0,0,0,0
2017/6/22,0,0,0,0,0
2017/6/23,0,0,0,0,0
2017/6/26,0,0,0,0,0
2017/6/27,0,0,0,0,0
2017/6/28,0,0,0,0,0
2017/6/29,0,0,0,0,0
2017/6/30,0,0,0,0,0
2017/7/3,0,0,0,0,0
2017/7/4,0,0,0,0,0
2017/7/5,0,0,0,0,0
2017/7/6,0,0,0,0,0
2017/7/7,0,0,0,0,0
2017/7/10,0,0,0,0,0
2017/7/11,0,0,0,0,0
2017/7/12,0,0,0,0,0
2017/7/13,0,0,0,0,0
2017/7/14,0,0,0,0,0
2017/7/17,0,0,0,0,0
2017/7/18,0,0,0,0,0
2017/7/19,0,0,0,0,0
2017/7/20,0,0,0,0,0
2017/7/21,0,0,0,0,0
2017/7/24,0,0,0,0,0
2017/7/25,0,0,0,0,0
2017/7/26,0,0,0,0,0
2017/7/27,0,0,0,0,0
2017/7/28,0,0,0,0,0
2017/7/31,0,0,0,0,0
2017/8/1,0,0,0,0,0
2017/8/2,0,0,0,0,0
2017/8/3,0,0,0,0,0
2017/8/4,0,0,0,0,0
2017/8/7,0,0,0,0,0
2017/8/8,0,0,0,0,0
2017/8/9,0,0,0,0,0
2017/8/10,0,0,0,0,0
2017/8/11,0,0,0,0,0
2017/8/14,0,0,0,0,0
2017/8/15,0,0,0,0,0
2017/8/16,0,0,0,0,0
2017/8/17,0,0,0,0,0
2017/8/18,0,0,0,0,0
2017/8/21,0,0,0,0,0
2017/8/22,0,0,0,0,0
2017/8/23,0,0,0,0,0
2017/8/24,0,0,0,0,0
2017/8/25,0,0,0,0,0
2017/8/28,0,0,0,0,0
2017/8/29,0,0,0,0,0
2017/8/30,0,0,0,0,0
2017/8/31,0,0,0,0,0
2017/9/1,0,0,0,0,0
2017/9/4,0,0,0,0,0
2017/9/5,0,0,0,0,0
2017/9/6,0,0,0,0,0
2017/9/7,0,0,0,0,0
2017/9/8,0,0,0,0,0
2017/9/11,0,0,0,0,0
2017/9/12,0,0,0,0,0
2017/9/13,0,0,0,0,0
2017/9/14,0,0,0,0,0
2017/9/15,0,0,0,0,0
2017/9/18,0,0,0,0,0
2017/9/19,0,0,0,0,0
2017/9/20,0,0,0,0,0
2017/9/21,0,0,0,0,0
2017/9/22,0,0,0,0,0
2017/9/25,0,0,0,0,0
2017/9/26,0,0,0,0,0
2017/9/27,0,0,0,0,0
2017/9/28,0,0,0,0,0
2017/9/29,0,0,0,0,0
2017/10/9,0,0,0,0,0
2017/10/10,0,0,0,0,0
2017/10/11,0,0,0,0,0
2017/10/12,0,0,0,0,0
2017/10/13,0,0,0,0,0
2017/10/16,0,0,0,0,0
2017/10/17,0,0,0,0,0
2017/10/18,0,0,0,0,0
2017/10/19,0,0,0,0,0
2017/10/20,0,0,0,0,0
2017/10/23,0,0,0,0,0
2017/10/24,0,0,0,0,0
2017/10/25,0,0,0,0,0
2017/10/26,0,0,0,0,0
2017/10/27,0,0,0,0,0
2017/10/30,0,0,0,0,0
2017/10/31,0,0,0,0,0
2017/11/1,0,0,0,0,0
2017/11/2,0,0,0,0,0
2017/11/3,0,0,0,0,0
2017/11/6,0,0,0,0,0
2017/11/7,0,0,0,0,0
2017/11/8,0,0,0,0,0
2017/11/9,0,0,0,0,0
2017/11/10,0,0,0,0,0
2017/11/13,0,0,0,0,0
2017/11/14,0,0,0,0,0
2017/11/15,0,0,0,0,0
2017/11/16,0,0,0,0,0
2017/11/17,0,0,0,0,0
2017/11/20,0,0,0,0,0
2017/11/21,0,0,0,0,0
2017/11/22,0,0,0,0,0
2017/11/23,0,0,0,0,0
2017/11/24,0,0,0,0,0
2017/11/27,0,0,0,0,0
2017/11/28,0,0,0,0,0
2017/11/29,0,0,0,0,0
2017/11/30,0,0,0,0,0
2017/12/1,0,0,0,0,0
2017/12/4,0,0,0,0,0
2017/12/5,0,0,0,0,0
2017/12/6,0,0,0,0,0
2017/12/7,0,0,0,0,0
2017/12/8,0,0,0,0,0
2017/12/11,0,0,0,0,0
2017/12/12,0,0,0,0,0
2017/12/13,0,0,0,0,0
2017/12/14,0,0,0,0,0
2017/12/15,0,0,0,0,0
2017/12/18,0,0,0,0,0
2017/12/19,0,0,0,0,0
2017/12/20,0,0,0,0,0
2017/12/21,0,0,0,0,0
2017/12/22,0,0,0,0,0
2017/12/25,0,0,0,0,0
2017/12/26,0,0,0,0,0
2017/12/27,0,0,0,0,0
2017/12/28,0,0,0,0,0
2017/12/29,0,0,0,0,0
2018/1/2,0,0,0,0,0
2018/1/3,0,0,0,0,0
2018/1/4,0,0,0,0,0
2018/1/5,0,0,0,0,0
2018/1/8,0,0,0,0,0
2018/1/9,0,0,0,0,0
2018/1/10,0,0,0,0,0
2018/1/11,0,0,0,0,0
2018/1/12,0,0,0,0,0
2018/1/15,0,0,0,0,0
2018/1/16,0,0,0,0,0
2018/1/17,0,0,0,0,0
2018/1/18,0,0,0,0,0
2018/1/19,0,0,0,0,0
2018/1/22,0,0,0,0,0
2018/1/23,0,0,0,0,0
2018/1/24,0,0,0,0,0
2018/1/25,0,0,0,0,0
2018/1/26,0,0,0,0,0
2018/1/29,0,0,0,0,0
2018/1/30,0,0,0,0,0
2018/1/31,0,0,0,0,0
2018/2/1,0,0,0,0,0
2018/2/2,0,0,0,0,0
2018/2/5,0,0,0,0,0
2018/2/6,0,0,0,0,0
2018/2/7,0,0,0,0,0
2018/2/8,0,0,0,0,0
2018/2/9,0,0,0,0,0
2018/2/12,0,0,0,0,0
2018/2/13,0,0,0,0,0
2018/2/14,0,0,0,0,0
2018/2/22,0,0,0,0,0
2018/2/23,0,0,0,0,0
2018/2/26,0,0,0,0,0
2018/2/27,0,0,0,0,0
2018/2/28,0,0,0,0,0
2018/3/1,0,0,0,0,0
2018/3/2,0,0,0,0,0
2018/3/5,0,0,0,0,0
2018/3/6,0,0,0,0,0
2018/3/7,0,0,0,0,0
2018/3/8,0,0,0,0,0
2018/3/9,0,0,0,0,0
2018/3/12,0,0,0,0,0
2018/3/13,0,0,0,0,0
2018/3/14,0,0,0,0,0
2018/3/15,0,0,0,0,0
2018/3/16,0,0,0,0,0
2018/3/19,0,0,0,0,0
2018/3/20,0,0,0,0,0
2018/3/21,0,0,0,0,0
2018/3/22,0,0,0,0,0
2018/3/23,0,0,0,0,0
2018/3/26,0,0,0,0,0
2018/3/27,0,0,0,0,0
2018/3/28,0,0,0,0,0
2018/3/29,0,0,0,0,0
2018/3/30,0,0,0,0,0
2018/4/2,0,0,0,0,0
2018/4/3,0,0,0,0,0
2018/4/4,0,0,0,0,0
2018/4/9,0,0,0,0,0
2018/4/10,0,0,0,0,0
2018/4/11,0,0,0,0,0
2018/4/12,0,0,0,0,0
2018/4/13,0,0,0,0,0
2018/4/16,0,0,0,0,0
2018/4/17,0,0,0,0,0
2018/4/18,0,0,0,0,0
2018/4/19,0,0,0,0,0
2018/4/20,0,0,0,0,0
2018/4/23,0,0,0,0,0
2018/4/24,0,0,0,0,0
2018/4/25,0,0,0,0,0
2018/4/26,0,0,0,0,0
2018/4/27,0,0,0,0,0
2018/5/2,0,0,0,0,0
2018/5/3,0,0,0,0,0
2018/5/4,0,0,0,0,0
2018/5/7,0,0,0,0,0
2018/5/8,0,0,0,0,0
2018/5/9,0,0,0,0,0
2018/5/10,0,0,0,0,0
2018/5/11,0,0,0,0,0
2018/5/14,0,0,0,0,0
2018/5/15,0,0,0,0,0
2018/5/16,0,0,0,0,0
2018/5/17,0,0,0,0,0
2018/5/18,0,0,0,0,0
2018/5/21,0,0,0,0,0
2018/5/22,0,0,0,0,0
2018/5/23,0,0,0,0,0
2018/5/24,0,0,0,0,0
2018/5/25,0,0,0,0,0
2018/5/28,0,0,0,0,0
2018/5/29,0,0,0,0,0
2018/5/30,0,0,0,0,0
2018/5/31,0,0,0,0,0
2018/6/1,0,0,0,0,0
2018/6/4,0,0,0,0,0
2018/6/5,0,0,0,0,0
2018/6/6,0,0,0,0,0
2018/6/7,0,0,0,0,0
2018/6/8,0,0,0,0,0
2018/6/11,0,0,0,0,0
2018/6/12,0,0,0,0,0
2018/6/13,0,0,0,0,0
2018/6/14,0,0,0,0,0
2018/6/15,0,0,0,0,0
2018/6/19,0,0,0,0,0
2018/6/20,0,0,0,0,0
2018/6/21,0,0,0,0,0
2018/6/22,0,0,0,0,0
2018/6/25,0,0,0,0,0
2018/6/26,0,0,0,0,0
2018/6/27,0,0,0,0,0
2018/6/28,0,0,0,0,0
2018/6/29,0,0,0,0,0
2018/7/2,0,0,0,0,0
2018/7/3,0,0,0,0,0
2018/7/4,0,0,0,0,0
2018/7/5,0,0,0,0,0
2018/7/6,0,0,0,0,0
2018/7/9,0,0,0,0,0
2018/7/10,0,0,0,0,0
2018/7/11,0,0,0,0,0
2018/7/12,0,0,0,0,0
2018/7/13,0,0,0,0,0
2018/7/16,0,0,0,0,0
2018/7/17,0,0,0,0,0
2018/7/18,0,0,0,0,0
2018/7/19,0,0,0,0,0
2018/7/20,0,0,0,0,0
2018/7/23,0,0,0,0,0
2018/7/24,0,0,0,0,0
2018/7/25,0,0,0,0,0
2018/7/26,0,0,0,0,0
2018/7/27,0,0,0,0,0
2018/7/30,0,0,0,0,0
2018/7/31,0,0,0,0,0
2018/8/1,0,0,0,0,0
2018/8/2,0,0,0,0,0
2018/8/3,0,0,0,0,0
2018/8/6,0,0,0,0,0
2018/8/7,0,0,0,0,0
2018/8/8,0,0,0,0,0
2018/8/9,0,0,0,0,0
2018/8/10,0,0,0,0,0
2018/8/13,0,0,0,0,0
2018/8/14,0,0,0,0,0
2018/8/15,0,0,0,0,0
2018/8/16,0,0,0,0,0
2018/8/17,0,0,0,0,0
2018/8/20,0,0,0,0,0
2018/8/21,0,0,0,0,0
2018/8/22,0,0,0,0,0
2018/8/23,0,0,0,0,0
2018/8/24,0,0,0,0,0
2018/8/27,0,0,0,0,0
2018/8/28,0,0,0,0,0
2018/8/29,0,0,0,0,0
2018/8/30,0,0,0,0,0
2018/8/31,0,0,0,0,0
2018/9/3,0,0,0,0,0
2018/9/4,0,0,0,0,0
2018/9/5,0,0,0,0,0
2018/9/6,0,0,0,0,0
2018/9/7,0,0,0,0,0
2018/9/10,0,0,0,0,0
2018/9/11,0,0,0,0,0
2018/9/12,0,0,0,0,0
2018/9/13,0,0,0,0,0
2018/9/14,0,0,0,0,0
2018/9/17,0,0,0,0,0
2018/9/18,0,0,0,0,0
2018/9/19,0,0,0,0,0
2018/9/20,0,0,0,0,0
2018/9/21,0,0,0,0,0
2018/9/25,0,0,0,0,0
2018/9/26,0,0,0,0,0
2018/9/27,0,0,0,0,0
2018/9/28,0,0,0,0,0
2018/10/8,0,0,0,0,0
2018/10/9,0,0,0,0,0
2018/10/10,0,0,0,0,0
2018/10/11,0,0,0,0,0
2018/10/12,0,0,0,0,0
2018/10/15,0,0,0,0,0
2018/10/16,0,0,0,0,0
2018/10/17,0,0,0,0,0
2018/10/18,0,0,0,0,0
2018/10/19,0,0,0,0,0
2018/10/22,0,0,0,0,0
2018/10/23,0,0,0,0,0
2018/10/24,0,0,0,0,0
2018/10/25,0,0,0,0,0
2018/10/26,0,0,0,0,0
2018/10/29,0,0,0,0,0
2018/10/30,0,0,0,0,0
2018/10/31,0,0,0,0,0
2018/11/1,0,0,0,0,0
2018/11/2,0,0,0,0,0
2018/11/5,0,0,0,0,0
2018/11/6,0,0,0,0,0
2018/11/7,0,0,0,0,0
2018/11/8,0,0,0,0,0
2018/11/9,0,0,0,0,0
2018/11/12,0,0,0,0,0
2018/11/13,0,0,0,0,0
2018/11/14,0,0,0,0,0
2018/11/15,0,0,0,0,0
2018/11/16,0,0,0,0,0
2018/11/19,0,0,0,0,0
2018/11/20,0,0,0,0,0
2018/11/21,0,0,0,0,0
2018/11/22,0,0,0,0,0
2018/11/23,0,0,0,0,0
2018/11/26,0,0,0,0,0
2018/11/27,0,0,0,0,0
2018/11/28,0,0,0,0,0
2018/11/29,0,0,0,0,0
2018/11/30,0,0,0,0,0
2018/12/3,0,0,0,0,0
2018/12/4,0,0,0,0,0
2018/12/5,0,0,0,0,0
2018/12/6,0,0,0,0,0
2018/12/7,0,0,0,0,0
2018/12/10,0,0,0,0,0
2018/12/11,0,0,0,0,0
2018/12/12,0,0,0,0,0
2018/12/13,0,0,0,0,0
2018/12/14,0,0,0,0,0
2018/12/17,0,0,0,0,0
2018/12/18,0,0,0,0,0
2018/12/19,0,0,0,0,0
2018/12/20,0,0,0,0,0
2018/12/21,0,0,0,0,0
2018/12/24,0,0,0,0,0
2018/12/25,0,0,0,0,0
2018/12/26,0,0,0,0,0
2018/12/27,0,0,0,0,0
2018/12/28,0,0,0,0,0
2019/1/2,0,0,0,0,0
2019/1/3,0,0,0,0,0
2019/1/4,0,0,0,0,0
2019/1/7,0,0,0,0,0
2019/1/8,0,0,0,0,0
2019/1/9,0,0,0,0,0
2019/1/10,0,0,0,0,0
2019/1/11,0,0,0,0,0
2019/1/14,0,0,0,0,0
2019/1/15,0,0,0,0,0
2019/1/16,0,0,0,0,0
2019/1/17,0,0,0,0,0
2019/1/18,0,0,0,0,0
2019/1/21,0,0,0,0,0
2019/1/22,0,0,0,0,0
2019/1/23,0,0,0,0,0
2019/1/24,0,0,0,0,0
2019/1/25,0,0,0,0,0
2019/1/28,0,0,0,0,0
2019/1/29,0,0,0,0,0
2019/1/30,0,0,0,0,0
2019/1/31,0,0,0,0,0
2019/2/1,0,0,0,0,0
2019/2/11,0,0,0,0,0
2019/2/12,0,0,0,0,0
2019/2/13,0,0,0,0,0
2019/2/14,0,0,0,0,0
2019/2/15,0,0,0,0,0
2019/2/18,0,0,0,0,0
2019/2/19,0,0,0,0,0
2019/2/20,0,0,0,0,0
2019/2/21,0,0,0,0,0
2019/2/22,0,0,0,0,0
2019/2/25,0,0,0,0,0
2019/2/26,0,0,0,0,0
2019/2/27,0,0,0,0,0
2019/2/28,0,0,0,0,0
2019/3/1,0,0,0,0,0
2019/3/4,0,0,0,0,0
2019/3/5,0,0,0,0,0
2019/3/6,0,0,0,0,0
2019/3/7,0,0,0,0,0
2019/3/8,0,0,0,0,0
2019/3/11,0,0,0,0,0
2019/3/12,0,0,0,0,0
2019/3/13,0,0,0,0,0
2019/3/14,0,0,0,0,0
2019/3/15,0,0,0,0,0
2019/3/18,0,0,0,0,0
2019/3/19,0,0,0,0,0
2019/3/20,0,0,0,0,0
2019/3/21,0,0,0,0,0
2019/3/22,0,0,0,0,0
2019/3/25,0,0,0,0,0
2019/3/26,0,0,0,0,0
2019/3/27,0,0,0,0,0
2019/3/28,0,0,0,0,0
2019/3/29,0,0,0,0,0
2019/4/1,0,0,0,0,0
2019/4/2,0,0,0,0,0
2019/4/3,0,0,0,0,0
2019/4/4,0,0,0,0,0
2019/4/8,0,0,0,0,0
2019/4/9,0,0,0,0,0
2019/4/10,0,0,0,0,0
2019/4/11,0,0,0,0,0
2019/4/12,0,0,0,0,0
2019/4/15,0,0,0,0,0
2019/4/16,0,0,0,0,0
2019/4/17,0,0,0,0,0
2019/4/18,0,0,0,0,0
2019/4/19,0,0,0,0,0
2019/4/22,0,0,0,0,0
2019/4/23,0,0,0,0,0
2019/4/24,0,0,0,0,0
2019/4/25,0,0,0,0,0
2019/4/26,0,0,0,0,0
2019/4/29,0,0,0,0,0
2019/4/30,0,0,0,0,0
2019/5/6,0,0,0,0,0
2019/5/7,0,0,0,0,0
2019/5/8,0,0,0,0,0
2019/5/9,0,0,0,0,0
2019/5/10,0,0,0,0,0
2019/5/13,0,0,0,0,0
2019/5/14,0,0,0,0,0
2019/5/15,0,0,0,0,0
2019/5/16,0,0,0,0,0
2019/5/17,0,0,0,0,0
2019/5/20,0,0,0,0,0
2019/5/21,0,0,0,0,0
2019/5/22,0,0,0,0,0
2019/5/23,0,0,0,0,0
2019/5/24,0,0,0,0,0
2019/5/27,0,0,0,0,0
2019/5/28,0,0,0,0,0
2019/5/29,0,0,0,0,0
2019/5/30,0,0,0,0,0
2019/5/31,0,0,0,0,0
2019/6/3,0,0,0,0,0
2019/6/4,0,0,0,0,0
2019/6/5,0,0,0,0,0
2019/6/6,0,0,0,0,0
2019/6/10,0,0,0,0,0
2019/6/11,0,0,0,0,0
2019/6/12,0,0,0,0,0
2019/6/13,0,0,0,0,0
2019/6/14,0,0,0,0,0
2019/6/17,0,0,0,0,0
2019/6/18,0,0,0,0,0
2019/6/19,0,0,0,0,0
2019/6/20,0,0,0,0,0
2019/6/21,0,0,0,0,0
2019/6/24,0,0,0,0,0
2019/6/25,0,0,0,0,0
2019/6/26,0,0,0,0,0
2019/6/27,0,0,0,0,0
2019/6/28,0,0,0,0,0
2019/7/1,0,0,0,0,0
2019/7/2,0,0,0,0,0
2019/7/3,0,0,0,0,0
2019/7/4,0,0,0,0,0
2019/7/5,0,0,0,0,0
2019/7/8,0,0,0,0,0
2019/7/9,0,0,0,0,0
2019/7/10,0,0,0,0,0
2019/7/11,0,0,0,0,0
2019/7/12,0,0,0,0,0
2019/7/15,0,0,0,0,0
2019/7/16,0,0,0,0,0
2019/7/17,0,0,0,0,0
2019/7/18,0,0,0,0,0
2019/7/19,0,0,0,0,0
2019/7/22,0,0,0,0,0
2019/7/23,0,0,0,0,0
2019/7/24,0,0,0,0,0
2019/7/25,0,0,0,0,0
2019/7/26,0,0,0,0,0
2019/7/29,0,0,0,0,0
2019/7/30,0,0,0,0,0
2019/7/31,0,0,0,0,0
2019/8/1,0,0,0,0,0
2019/8/2,0,0,0,0,0
2019/8/5,0,0,0,0,0
2019/8/6,0,0,0,0,0
2019/8/7,0,0,0,0,0
2019/8/8,0,0,0,0,0
2019/8/9,0,0,0,0,0
2019/8/12,0,0,0,0,0
2019/8/13,0,0,0,0,0
2019/8/14,0,0,0,0,0
2019/8/15,0,0,0,0,0
2019/8/16,0,0,0,0,0
2019/8/19,0,0,0,0,0
2019/8/20,0,0,0,0,0
2019/8/21,0,0,0,0,0
2019/8/22,0,0,0,0,0
2019/8/23,0,0,0,0,0
2019/8/26,0,0,0,0,0
2019/8/27,0,0,0,0,0
2019/8/28,0,0,0,0,0
2019/8/29,0,0,0,0,0
2019/8/30,0,0,0,0,0
2019/9/2,0,0,0,0,0
2019/9/3,0,0,0,0,0
2019/9/4,0,0,0,0,0
2019/9/5,0,0,0,0,0
2019/9/6,0,0,0,0,0
2019/9/9,0,0,0,0,0
2019/9/10,0,0,0,0,0
2019/9/11,0,0,0,0,0
2019/9/12,0,0,0,0,0
2019/9/16,0,0,0,0,0
2019/9/17,0,0,0,0,0
2019/9/18,0,0,0,0,0
2019/9/19,0,0,0,0,0
2019/9/20,0,0,0,0,0
2019/9/23,0,0,0,0,0
2019/9/24,0,0,0,0,0
2019/9/25,0,0,0,0,0
2019/9/26,0,0,0,0,0
2019/9/27,0,0,0,0,0
2019/9/30,0,0,0,0,0
2019/10/8,0,0,0,0,0
2019/10/9,0,0,0,0,0
2019/10/10,0,0,0,0,0
2019/10/11,0,0,0,0,0
2019/10/14,0,0,0,0,0
2019/10/15,0,0,0,0,0
2019/10/16,0,0,0,0,0
2019/10/17,0,0,0,0,0
2019/10/18,0,0,0,0,0
2019/10/21,0,0,0,0,0
2019/10/22,0,0,0,0,0
2019/10/23,0,0,0,0,0
2019/10/24,0,0,0,0,0
2019/10/25,0,0,0,0,0
2019/10/28,0,0,0,0,0
2019/10/29,0,0,0,0,0
2019/10/30,0,0,0,0,0
2019/10/31,0,0,0,0,0
2019/11/1,0,0,0,0,0
2019/11/4,0,0,0,0,0
2019/11/5,0,0,0,0,0
2019/11/6,0,0,0,0,0
2019/11/7,0,0,0,0,0
2019/11/8,0,0,0,0,0
2019/11/11,0,0,0,0,0
2019/11/12,0,0,0,0,0
2019/11/13,0,0,0,0,0
2019/11/14,0,0,0,0,0
2019/11/15,0,0,0,0,0
2019/11/18,0,0,0,0,0
2019/11/19,0,0,0,0,0
2019/11/20,0,0,0,0,0
2019/11/21,0,0,0,0,0
2019/11/22,0,0,0,0,0
2019/11/25,0,0,0,0,0
2019/11/26,0,0,0,0,0
2019/11/27,0,0,0,0,0
2019/11/28,0,0,0,0,0
2019/11/29,0,0,0,0,0
2019/12/2,0,0,0,0,0
2019/12/3,0,0,0,0,0
2019/12/4,0,0,0,0,0
2019/12/5,0,0,0,0,0
2019/12/6,0,0,0,0,0
2019/12/9,0,0,0,0,0
2019/12/10,0,0,0,0,0
2019/12/11,0,0,0,0,0
2019/12/12,0,0,0,0,0
2019/12/13,0,0,0,0,0
2019/12/16,0,0,0,0,0
2019/12/17,0,0,0,0,0
2019/12/18,0,0,0,0,0
2019/12/19,0,0,0,0,0
2019/12/20,0,0,0,0,0
2019/12/23,0,0,0,0,0
2019/12/24,0,0,0,0,0
2019/12/25,0,0,0,0,0
2019/12/26,0,0,0,0,0
2019/12/27,0,0,0,0,0
2019/12/30,0,0,0,0,0
2019/12/31,0,0,0,0,0
2020/1/2,0,0,0,0,0
2020/1/3,0,0,0,0,0
2020/1/6,0,0,0,0,0
2020/1/7,0,0,0,0,0
2020/1/8,0,0,0,0,0
2020/1/9,0,0,0,0,0
2020/1/10,0,0,0,0,0
2020/1/13,0,0,0,0,0
2020/1/14,0,0,0,0,0
2020/1/15,0,0,0,0,0
2020/1/16,0,0,0,0,0
2020/1/17,0,0,0,0,0
2020/1/20,0,0,0,0,0
2020/1/21,0,0,0,0,0
2020/1/22,0,0,0,0,0
2020/1/23,0,0,0,0,0
2020/2/3,0,0,0,0,0
2020/2/4,0,0,0,0,0
2020/2/5,0,0,0,0,0
2020/2/6,0,0,0,0,0
2020/2/7,0,0,0,0,0
2020/2/10,0,0,0,0,0
2020/2/11,0,0,0,0,0
2020/2/12,0,0,0,0,0
2020/2/13,0,0,0,0,0
2020/2/14,0,0,0,0,0
2020/2/17,0,0,0,0,0
2020/2/18,0,0,0,0,0
2020/2/19,0,0,0,0,0
2020/2/20,0,0,0,0,0
2020/2/21,0,0,0,0,0
2020/2/24,0,0,0,0,0
2020/2/25,0,0,0,0,0
2020/2/26,0,0,0,0,0
2020/2/27,0,0,0,0,0
2020/2/28,0,0,0,0,0
2020/3/2,0,0,0,0,0
2020/3/3,0,0,0,0,0
2020/3/4,0,0,0,0,0
2020/3/5,0,0,0,0,0
2020/3/6,0,0,0,0,0
2020/3/9,0,0,0,0,0
2020/3/10,0,0,0,0,0
2020/3/11,0,0,0,0,0
2020/3/12,0,0,0,0,0
2020/3/13,0,0,0,0,0
2020/3/16,0,0,0,0,0
2020/3/17,0,0,0,0,0
2020/3/18,0,0,0,0,0
2020/3/19,0,0,0,0,0
2020/3/20,0,0,0,0,0
2020/3/23,0,0,0,0,0
2020/3/24,0,0,0,0,0
2020/3/25,0,0,0,0,0
2020/3/26,0,0,0,0,0
2020/3/27,0,0,0,0,0
2020/3/30,0,0,0,0,0
2020/3/31,0,0,0,0,0
2020/4/1,0,0,0,0,0
2020/4/2,0,0,0,0,0
2020/4/3,0,0,0,0,0
2020/4/7,0,0,0,0,0
2020/4/8,0,0,0,0,0
2020/4/9,0,0,0,0,0
2020/4/10,0,0,0,0,0
2020/4/13,0,0,0,0,0
2020/4/14,0,0,0,0,0
2020/4/15,0,0,0,0,0
2020/4/16,0,0,0,0,0
2020/4/17,0,0,0,0,0
2020/4/20,0,0,0,0,0
2020/4/21,0,0,0,0,0
2020/4/22,0,0,0,0,0
2020/4/23,0,0,0,0,0
2020/4/24,0,0,0,0,0
2020/4/27,0,0,0,0,0
2020/4/28,0,0,0,0,0
2020/4/29,0,0,0,0,0
2020/4/30,0,0,0,0,0
2020/5/6,0,0,0,0,0
2020/5/7,0,0,0,0,0
2020/5/8,0,0,0,0,0
2020/5/11,0,0,0,0,0
2020/5/12,0,0,0,0,0
2020/5/13,0,0,0,0,0
2020/5/14,0,0,0,0,0
2020/5/15,0,0,0,0,0
2020/5/18,0,0,0,0,0
2020/5/19,0,0,0,0,0
2020/5/20,0,0,0,0,0
2020/5/21,0,0,0,0,0
2020/5/22,0,0,0,0,0
2020/5/25,0,0,0,0,0
2020/5/26,0,0,0,0,0
2020/5/27,0,0,0,0,0
2020/5/28,0,0,0,0,0
2020/5/29,0,0,0,0,0
2020/6/1,0,0,0,0,0
2020/6/2,0,0,0,0,0
2020/6/3,0,0,0,0,0
2020/6/4,0,0,0,0,0
2020/6/5,0,0,0,0,0
2020/6/8,0,0,0,0,0
2020/6/9,0,0,0,0,0
2020/6/10,0,0,0,0,0
2020/6/11,0,0,0,0,0
2020/6/12,0,0,0,0,0
2020/6/15,0,0,0,0,0
2020/6/16,0,0,0,0,0
2020/6/17,0,0,0,0,0
2020/6/18,0,0,0,0,0
2020/6/19,0,0,0,0,0
2020/6/22,0,0,0,0,0
2020/6/23,0,0,0,0,0
2020/6/24,0,0,0,0,0
2020/6/29,0,0,0,0,0
2020/6/30,0,0,0,0,0
2020/7/1,0,0,0,0,0
2020/7/2,0,0,0,0,0
2020/7/3,0,0,0,0,0
2020/7/6,0,0,0,0,0
2020/7/7,0,0,0,0,0
2020/7/8,0,0,0,0,0
2020/7/9,0,0,0,0,0
2020/7/10,0,0,0,0,0
2020/7/13,0,0,0,0,0
2020/7/14,0,0,0,0,0
2020/7/15,0,0,0,0,0
2020/7/16,0,0,0,0,0
2020/7/17,0,0,0,0,0
2020/7/20,0,0,0,0,0
2020/7/21,0,0,0,0,0
2020/7/22,0,0,0,0,0
2020/7/23,0,0,0,0,0
2020/7/24,0,0,0,0,0
2020/7/27,0,0,0,0,0
2020/7/28,0,0,0,0,0
2020/7/29,0,0,0,0,0
2020/7/30,0,0,0,0,0
2020/7/31,0,0,0,0,0
2020/8/3,0,0,0,0,0
2020/8/4,0,0,0,0,0
2020/8/5,0,0,0,0,0
2020/8/6,0,0,0,0,0
2020/8/7,0,0,0,0,0
2020/8/10,0,0,0,0,0
2020/8/11,0,0,0,0,0
2020/8/12,0,0,0,0,0
2020/8/13,0,0,0,0,0
2020/8/14,0,0,0,0,0
2020/8/17,0,0,0,0,0
2020/8/18,0,0,0,0,0
2020/8/19,0,0,0,0,0
2020/8/20,0,0,0,0,0
2020/8/21,0,0,0,0,0
2020/8/24,0,0,0,0,0
2020/8/25,0,0,0,0,0
2020/8/26,0,0,0,0,0
2020/8/27,0,0,0,0,0
2020/8/28,0,0,0,0,0
2020/8/31,0,0,0,0,0
2020/9/1,0,0,0,0,0
2020/9/2,0,0,0,0,0
2020/9/3,0,0,0,0,0
2020/9/4,0,0,0,0,0
2020/9/7,0,0,0,0,0
2020/9/8,0,0,0,0,0
2020/9/9,0,0,0,0,0
2020/9/10,0,0,0,0,0
2020/9/11,0,0,0,0,0
2020/9/14,0,0,0,0,0
2020/9/15,0,0,0,0,0
2020/9/16,0,0,0,0,0
2020/9/17,0,0,0,0,0
2020/9/18,0,0,0,0,0
2020/9/21,0,0,0,0,0
2020/9/22,0,0,0,0,0
2020/9/23,0,0,0,0,0
2020/9/24,0,0,0,0,0
2020/9/25,0,0,0,0,0
2020/9/28,0,0,0,0,0
2020/9/29,0,0,0,0,0
2020/9/30,0,0,0,0,0
2020/10/9,0,0,0,0,0
2020/10/12,0,0,0,0,0
2020/10/13,0,0,0,0,0
2020/10/14,0,0,0,0,0
2020/10/15,0,0,0,0,0
2020/10/16,0,0,0,0,0
2020/10/19,0,0,0,0,0
2020/10/20,0,0,0,0,0
2020/10/21,0,0,0,0,0
2020/10/22,0,0,0,0,0
2020/10/23,0,0,0,0,0
2020/10/26,0,0,0,0,0
2020/10/27,0,0,0,0,0
2020/10/28,0,0,0,0,0
2020/10/29,0,0,0,0,0
2020/10/30,0,0,0,0,0
2020/11/2,0,0,0,0,0
2020/11/3,0,0,0,0,0
2020/11/4,0,0,0,0,0
2020/11/5,0,0,0,0,0
2020/11/6,0,0,0,0,0
2020/11/9,0,0,0,0,0
2020/11/10,0,0,0,0,0
2020/11/11,0,0,0,0,0
2020/11/12,0,0,0,0,0
2020/11/13,0,0,0,0,0
2020/11/16,0,0,0,0,0
2020/11/17,0,0,0,0,0
2020/11/18,0,0,0,0,0
2020/11/19,0,0,0,0,0
2020/11/20,0,0,0,0,0
2020/11/23,0,0,0,0,0
2020/11/24,0,0,0,0,0
2020/11/25,0,0,0,0,0
2020/11/26,0,0,0,0,0
2020/11/27,0,0,0,0,0
2020/11/30,0,0,0,0,0
2020/12/1,0,0,0,0,0
2020/12/2,0,0,0,0,0
2020/12/3,0,0,0,0,0
2020/12/4,0,0,0,0,0
2020/12/7,0,0,0,0,0
2020/12/8,0,0,0,0,0
2020/12/9,0,0,0,0,0
2020/12/10,0,0,0,0,0
2020/12/11,0,0,0,0,0
2020/12/14,0,0,0,0,0
2020/12/15,0,0,0,0,0
2020/12/16,0,0,0,0,0
2020/12/17,0,0,0,0,0
2020/12/18,0,0,0,0,0
2020/12/21,0,0,0,0,0
2020/12/22,0,0,0,0,0
2020/12/23,0,0,0,0,0
2020/12/24,0,0,0,0,0
2020/12/25,0,0,0,0,0
2020/12/28,0,0,0,0,0
2020/12/29,0,0,0,0,0
2020/12/30,0,0,0,0,0
2020/12/31,0,0,0,0,0
2021/1/4,0,0,0,0,0
2021/1/5,0,0,0,0,0
2021/1/6,0,0,0,0,0
2021/1/7,0,0,0,0,0
2021/1/8,0,0,0,0,0
2021/1/11,0,0,0,0,0
2021/1/12,0,0,0,0,0
2021/1/13,0,0,0,0,0
2021/1/14,0,0,0,0,0
2021/1/15,0,0,0,0,0
2021/1/18,0,0,0,0,0
2021/1/19,0,0,0,0,0
2021/1/20,0,0,0,0,0
2021/1/21,0,0,0,0,0
2021/1/22,0,0,0,0,0
2021/1/25,0,0,0,0,0
2021/1/26,0,0,0,0,0
2021/1/27,0,0,0,0,0
2021/1/28,0,0,0,0,0
2021/1/29,0,0,0,0,0
2021/2/1,0,0,0,0,0
2021/2/2,0,0,0,0,0
2021/2/3,0,0,0,0,0
2021/2/4,0,0,0,0,0
2021/2/5,0,0,0,0,0
2021/2/8,0,0,0,0,0
2021/2/9,0,0,0,0,0
2021/2/10,0,0,0,0,0
2021/2/18,0,0,0,0,0
2021/2/19,0,0,0,0,0
2021/2/22,0,0,0,0,0
2021/2/23,0,0,0,0,0
2021/2/24,0,0,0,0,0
2021/2/25,0,0,0,0,0
2021/2/26,0,0,0,0,0
2021/3/1,0,0,0,0,0
2021/3/2,0,0,0,0,0
2021/3/3,0,0,0,0,0
2021/3/4,0,0,0,0,0
2021/3/5,0,0,0,0,0
2021/3/8,0,0,0,0,0
2021/3/9,0,0,0,0,0
2021/3/10,0,0,0,0,0
2021/3/11,0,0,0,0,0
2021/3/12,0,0,0,0,0
2021/3/15,0,0,0,0,0
2021/3/16,0,0,0,0,0
2021/3/17,0,0,0,0,0
2021/3/18,0,0,0,0,0
2021/3/19,0,0,0,0,0
2021/3/22,0,0,0,0,0
2021/3/23,0,0,0,0,0
2021/3/24,0,0,0,0,0
2021/3/25,0,0,0,0,0
2021/3/26,0,0,0,0,0
2021/3/29,0,0,0,0,0
2021/3/30,0,0,0,0,0
2021/3/31,0,0,0,0,0
2021/4/1,0,0,0,0,0
2021/4/2,0,0,0,0,0
2021/4/6,0,0,0,0,0
2021/4/7,0,0,0,0,0
2021/4/8,0,0,0,0,0
2021/4/9,0,0,0,0,0
2021/4/12,0,0,0,0,0
2021/4/13,0,0,0,0,0
2021/4/14,0,0,0,0,0
2021/4/15,0,0,0,0,0
2021/4/16,0,0,0,0,0
2021/4/19,0,0,0,0,0
2021/4/20,0,0,0,0,0
2021/4/21,0,0,0,0,0
2021/4/22,0,0,0,0,0
2021/4/23,0,0,0,0,0
2021/4/26,0,0,0,0,0
2021/4/27,0,0,0,0,0
2021/4/28,0,0,0,0,0
2021/4/29,0,0,0,0,0
2021/4/30,0,0,0,0,0
2021/5/6,0,0,0,0,0
2021/5/7,0,0,0,0,0
2021/5/10,0,0,0,0,0
2021/5/11,0,0,0,0,0
2021/5/12,0,0,0,0,0
2021/5/13,0,0,0,0,0
2021/5/14,0,0,0,0,0
2021/5/17,0,0,0,0,0
2021/5/18,0,0,0,0,0
2021/5/19,0,0,0,0,0
2021/5/20,0,0,0,0,0
2021/5/21,0,0,0,0,0
2021/5/24,0,0,0,0,0
2021/5/25,0,0,0,0,0
2021/5/26,0,0,0,0,0
2021/5/27,0,0,0,0,0
2021/5/28,0,0,0,0,0
2021/5/31,0,0,0,0,0
2021/6/1,0,0,0,0,0
2021/6/2,0,0,0,0,0
2021/6/3,0,0,0,0,0
2021/6/4,0,0,0,0,0
2021/6/7,0,0,0,0,0
2021/6/8,0,0,0,0,0
2021/6/9,0,0,0,0,0
2021/6/10,0,0,0,0,0
2021/6/11,0,0,0,0,0
2021/6/15,0,0,0,0,0
2021/6/16,0,0,0,0,0
2021/6/17,0,0,0,0,0
2021/6/18,0,0,0,0,0
2021/6/21,0,0,0,0,0
2021/6/22,0,0,0,0,0
2021/6/23,0,0,0,0,0
2021/6/24,0,0,0,0,0
2021/6/25,0,0,0,0,0
2021/6/28,0,0,0,0,0
2021/6/29,0,0,0,0,0
2021/6/30,0,0,0,0,0
2021/7/1,0,0,0,0,0
2021/7/2,0,0,0,0,0
2021/7/5,0,0,0,0,0
2021/7/6,0,0,0,0,0
2021/7/7,0,0,0,0,0
2021/7/8,0,0,0,0,0
2021/7/9,0,0,0,0,0
2021/7/12,0,0,0,0,0
2021/7/13,0,0,0,0,0
2021/7/14,0,0,0,0,0
2021/7/15,0,0,0,0,0
2021/7/16,0,0,0,0,0
2021/7/19,0,0,0,0,0
2021/7/20,0,0,0,0,0
2021/7/21,0,0,0,0,0
2021/7/22,0,0,0,0,0
2021/7/23,0,0,0,0,0
2021/7/26,0,0,0,0,0
2021/7/27,0,0,0,0,0
2021/7/28,0,0,0,0,0
2021/7/29,0,0,0,0,0
2021/7/30,0,0,0,0,0
2021/8/2,0,0,0,0,0
2021/8/3,0,0,0,0,0
2021/8/4,0,0,0,0,0
2021/8/5,0,0,0,0,0
2021/8/6,0,0,0,0,0
2021/8/9,0,0,0,0,0
2021/8/10,0,0,0,0,0
2021/8/11,0,0,0,0,0
2021/8/12,0,0,0,0,0
2021/8/13,0,0,0,0,0
2021/8/16,0,0,0,0,0
2021/8/17,0,0,0,0,0
2021/8/18,0,0,0,0,0
2021/8/19,0,0,0,0,0
2021/8/20,4.79,6.11,6.52,4.58,3884664320
2021/8/23,5.5,5.5,5.5,5.5,310972400
2021/8/24,4.95,4.95,4.95,4.95,406597504
2021/8/25,4.95,4.83,5.14,4.77,2084090256
2021/8/26,4.73,4.71,4.84,4.62,1381649328
2021/8/27,4.66,4.61,4.7,4.6,915488256
2021/8/30,4.62,4.64,4.67,4.58,828324064
2021/8/31,4.61,4.56,4.62,4.55,742828832
2021/9/1,4.55,4.58,4.61,4.54,691719408
2021/9/2,4.56,4.56,4.57,4.54,598877040
2021/9/3,4.55,4.54,4.55,4.53,560911936
2021/9/6,4.54,4.55,4.58,4.53,596007072
2021/9/7,4.54,4.54,4.55,4.53,498043232
2021/9/8,4.54,4.54,4.55,4.53,457927360
2021/9/9,4.54,4.54,4.55,4.53,419472208
2021/9/10,4.54,4.53,4.55,4.53,402243808
2021/9/13,4.53,4.54,4.54,4.53,343276816
2021/9/14,4.54,4.53,4.54,4.53,408281632
2021/9/15,4.53,4.53,4.54,4.53,339075120
2021/9/16,4.53,4.53,4.54,4.53,436825808
2021/9/17,4.53,4.53,4.54,4.53,539070048
2021/9/22,4.54,4.63,4.73,4.53,543501920
2021/9/23,4.59,4.55,4.6,4.54,334993200
2021/9/24,4.54,4.44,4.55,4.43,354509152
2021/9/27,4.44,4.31,4.44,4.3,285734320
2021/9/28,4.29,4.34,4.38,4.25,158002969
2021/9/29,4.29,4.26,4.31,4.25,145843812
2021/9/30,4.26,4.29,4.3,4.25,97689323
2021/10/8,4.3,4.34,4.35,4.27,140377383
2021/10/11,4.33,4.33,4.35,4.31,105987535
2021/10/12,4.32,4.28,4.33,4.25,126268161
2021/10/13,4.27,4.27,4.28,4.25,85803160
2021/10/14,4.27,4.26,4.27,4.25,67538893
2021/10/15,4.26,4.26,4.28,4.25,78302887
2021/10/18,4.26,4.22,4.26,4.21,115107082
2021/10/19,4.22,4.2,4.23,4.19,93616996
2021/10/20,4.2,4.19,4.21,4.18,80494821
2021/10/21,4.19,4.17,4.19,4.16,88284552
2021/10/22,4.16,4.14,4.16,4.13,103028857
2021/10/25,4.14,4.22,4.22,4.14,140698566
2021/10/26,4.2,4.2,4.22,4.16,106323021
2021/10/27,4.18,4.23,4.23,4.14,127170880
2021/10/28,4.23,4.41,4.41,4.18,211183338
2021/10/29,4.35,4.39,4.39,4.31,166786136
2021/11/1,4.35,4.33,4.36,4.31,86848662
2021/11/2,4.31,4.22,4.33,4.22,103392173
2021/11/3,4.21,4.21,4.22,4.19,56751205
2021/11/4,4.21,4.19,4.22,4.18,60252322
2021/11/5,4.19,4.24,4.27,4.17,117217118
2021/11/8,4.22,4.21,4.24,4.2,57234348
2021/11/9,4.2,4.22,4.24,4.19,54105157
2021/11/10,4.22,4.21,4.23,4.19,53161541
2021/11/11,4.2,4.21,4.23,4.2,63302413
2021/11/12,4.21,4.21,4.22,4.2,56733806
2021/11/15,4.22,4.22,4.25,4.21,69201950
2021/11/16,4.22,4.21,4.23,4.2,55596261
2021/11/17,4.21,4.21,4.22,4.2,39879159
2021/11/18,4.21,4.18,4.22,4.18,62993300
2021/11/19,4.18,4.19,4.2,4.17,57566672
2021/11/22,4.19,4.4,4.4,4.18,232716104
2021/11/23,4.32,4.3,4.35,4.29,124425580
2021/11/24,4.29,4.29,4.32,4.26,74774503
2021/11/25,4.28,4.28,4.3,4.28,42905517
2021/11/26,4.28,4.28,4.29,4.27,50985664
2021/11/29,4.27,4.28,4.31,4.24,71173828
2021/11/30,4.28,4.28,4.3,4.27,61362300
2021/12/1,4.27,4.29,4.3,4.26,57230649
2021/12/2,4.28,4.28,4.29,4.27,52096090
2021/12/3,4.28,4.32,4.36,4.27,125563534
2021/12/6,4.31,4.33,4.37,4.3,131942432
2021/12/7,4.32,4.33,4.35,4.31,85493857
2021/12/8,4.33,4.34,4.35,4.32,87365910
2021/12/9,4.34,4.42,4.42,4.33,178988712
2021/12/10,4.38,4.44,4.47,4.37,220846266
2021/12/13,4.42,4.4,4.44,4.4,120544625
2021/12/14,4.39,4.34,4.4,4.34,99235500
2021/12/15,4.33,4.35,4.37,4.32,76716358
2021/12/16,4.35,4.36,4.37,4.33,65330610
2021/12/17,4.35,4.35,4.36,4.34,53101619
2021/12/20,4.35,4.42,4.47,4.34,222091253
2021/12/21,4.41,4.43,4.45,4.39,126315229
2021/12/22,4.43,4.36,4.44,4.36,101516603
2021/12/23,4.36,4.35,4.38,4.35,67862700
2021/12/24,4.35,4.31,4.36,4.31,87025648
2021/12/27,4.31,4.32,4.34,4.3,61368267
2021/12/28,4.32,4.32,4.33,4.3,45236903
2021/12/29,4.32,4.31,4.32,4.3,35787095
2021/12/30,4.31,4.31,4.34,4.3,45510844
2021/12/31,4.32,4.33,4.34,4.31,48703707
2022/1/4,4.32,4.38,4.4,4.32,123273192
2022/1/5,4.36,4.3,4.36,4.3,145210563
2022/1/6,4.3,4.3,4.32,4.28,76037027
2022/1/7,4.29,4.29,4.33,4.29,73837180
2022/1/10,4.29,4.32,4.34,4.29,97150111
2022/1/11,4.32,4.31,4.33,4.3,70170093
2022/1/12,4.31,4.31,4.32,4.3,38055898
2022/1/13,4.32,4.3,4.34,4.3,71834965
2022/1/14,4.3,4.26,4.31,4.26,91742675
2022/1/17,4.26,4.27,4.28,4.25,49411805
2022/1/18,4.27,4.29,4.31,4.26,66871847
2022/1/19,4.28,4.26,4.28,4.26,46798118
2022/1/20,4.28,4.28,4.3,4.27,60206506
2022/1/21,4.28,4.27,4.28,4.26,45785571
2022/1/24,4.27,4.28,4.29,4.25,57095606
2022/1/25,4.27,4.2,4.28,4.19,87692900
2022/1/26,4.2,4.21,4.23,4.2,40425668
2022/1/27,4.22,4.15,4.22,4.15,62497105
2022/1/28,4.16,4.16,4.18,4.15,43075097
2022/2/7,4.18,4.21,4.22,4.17,47537168
2022/2/8,4.21,4.29,4.33,4.2,155000348
2022/2/9,4.28,4.41,4.47,4.27,365676544
2022/2/10,4.37,4.32,4.38,4.3,178249188
2022/2/11,4.31,4.31,4.35,4.3,88643407
2022/2/14,4.3,4.26,4.31,4.24,96647559
2022/2/15,4.25,4.24,4.26,4.23,42035209
2022/2/16,4.25,4.25,4.26,4.23,53418895
2022/2/17,4.24,4.22,4.25,4.22,39390698
2022/2/18,4.22,4.26,4.26,4.22,50132721
2022/2/21,4.2,4.19,4.22,4.14,477608832
2022/2/22,4.16,4.16,4.18,4.14,197596113
2022/2/23,4.16,4.18,4.18,4.15,113603349
2022/2/24,4.17,4.13,4.17,4.12,188477794
2022/2/25,4.13,4.14,4.16,4.13,91649697
2022/2/28,4.14,4.12,4.14,4.1,101461399
2022/3/1,4.12,4.13,4.13,4.11,59536641
2022/3/2,4.12,4.13,4.13,4.11,72925121
2022/3/3,4.12,4.14,4.15,4.12,93391460
2022/3/4,4.13,4.12,4.13,4.1,105817338
2022/3/7,4.11,4.07,4.11,4.06,126244416
2022/3/8,4.07,4.01,4.09,4,120029748
2022/3/9,4.01,3.95,4.02,3.82,150975445
2022/3/10,3.97,3.99,3.99,3.93,98732878
2022/3/11,3.95,3.96,3.97,3.9,73156319
2022/3/14,3.93,3.97,3.98,3.92,88700302
2022/3/15,3.94,3.9,3.95,3.87,121067904
2022/3/16,3.91,3.94,3.95,3.84,92905260
2022/3/17,3.95,4.04,4.04,3.94,133782465
2022/3/18,4.06,4.05,4.07,4.01,116138109
2022/3/21,4.03,4.03,4.04,4.01,65305214
2022/3/22,4.02,4.05,4.06,4.01,66306965
2022/3/23,4.05,4.05,4.07,4.04,63796583
2022/3/24,4.04,4.08,4.12,4.03,122287864
2022/3/25,4.06,4.03,4.07,4.02,71826815
2022/3/28,4,4.01,4.03,3.96,62486822
2022/3/29,4.01,4.01,4.03,3.99,44759474
2022/3/30,4,4.02,4.03,4,47260123
2022/3/31,4.01,4,4.03,4,44137680
2022/4/1,3.99,4.01,4.02,3.97,41626147
2022/4/6,4.01,4.03,4.04,4,45996450
2022/4/7,4.02,4,4.05,4,45691252
2022/4/8,4,4.01,4.02,3.98,52396590
2022/4/11,4.01,3.97,4.01,3.95,70129823
2022/4/12,3.96,4,4,3.95,45321040
2022/4/13,3.99,4.02,4.05,3.97,78372464
2022/4/14,4.02,4.02,4.04,4.01,53414599
2022/4/15,4.01,4.01,4.03,3.99,53325000
2022/4/18,4,3.97,4.01,3.96,65036445
2022/4/19,3.98,3.99,3.99,3.96,35423204
2022/4/20,3.99,3.97,4,3.97,42888172
2022/4/21,3.98,3.92,3.98,3.91,72015763
2022/4/22,3.91,3.96,3.99,3.9,70783766
2022/4/25,3.93,3.9,3.99,3.87,101169239
2022/4/26,3.9,3.86,3.92,3.85,63334681
2022/4/27,3.84,3.87,3.88,3.82,77565570
2022/4/28,3.86,3.85,3.87,3.83,66206728
2022/4/29,3.86,3.89,3.9,3.85,74731977
2022/5/5,3.88,3.87,3.88,3.86,80892835
2022/5/6,3.83,3.84,3.85,3.82,63573860
2022/5/9,3.83,3.85,3.86,3.83,37077199
2022/5/10,3.83,3.86,3.86,3.82,40208588
2022/5/11,3.85,3.84,3.89,3.84,80526317
2022/5/12,3.84,3.84,3.86,3.83,51102695
2022/5/13,3.84,3.85,3.86,3.84,42695370
2022/5/16,3.86,3.85,3.86,3.84,37419821
2022/5/17,3.85,3.85,3.86,3.84,28038039
2022/5/18,3.86,3.86,3.86,3.84,39822218
2022/5/19,3.84,3.85,3.85,3.83,42849498
2022/5/20,3.85,3.86,3.87,3.84,77014676
2022/5/23,3.86,3.88,3.89,3.85,76016041
2022/5/24,3.88,3.84,3.88,3.84,78012003
2022/5/25,3.84,3.86,3.87,3.84,41914204
2022/5/26,3.86,3.87,3.88,3.85,41112842
2022/5/27,3.88,3.86,3.88,3.85,38191472
2022/5/30,3.87,3.86,3.87,3.85,33516807
2022/5/31,3.85,3.87,3.88,3.85,51171676
2022/6/1,3.88,3.89,3.9,3.87,68125452
2022/6/2,3.89,3.91,3.92,3.87,54715676
2022/6/6,3.91,3.91,3.91,3.89,81071842
2022/6/7,3.91,3.91,3.92,3.89,63830522
2022/6/8,3.76,3.74,3.78,3.73,122770381
2022/6/9,3.74,3.75,3.76,3.73,58599544
2022/6/10,3.74,3.78,3.78,3.73,79535006
2022/6/13,3.76,3.75,3.77,3.74,49254740
2022/6/14,3.74,3.75,3.75,3.72,54143101
2022/6/15,3.75,3.82,3.83,3.74,152895107
2022/6/16,3.8,3.77,3.81,3.77,75076394
2022/6/17,3.76,3.75,3.77,3.74,51714166
2022/6/20,3.75,3.75,3.77,3.74,55439740
2022/6/21,3.75,3.75,3.76,3.74,44870491
2022/6/22,3.76,3.73,3.76,3.73,41881978
2022/6/23,3.73,3.74,3.75,3.72,40486808
2022/6/24,3.74,3.74,3.75,3.73,36871941
2022/6/27,3.75,3.74,3.75,3.73,40732621
2022/6/28,3.74,3.75,3.75,3.73,34819323
2022/6/29,3.75,3.74,3.75,3.72,54544445
2022/6/30,3.73,3.73,3.74,3.72,63467023
2022/7/1,3.72,3.72,3.73,3.72,36005842
2022/7/4,3.72,3.73,3.73,3.71,35253069
2022/7/5,3.73,3.71,3.73,3.71,47360300
2022/7/6,3.71,3.7,3.72,3.69,51906515
2022/7/7,3.7,3.7,3.72,3.69,43095860
2022/7/8,3.71,3.71,3.72,3.7,34391473
2022/7/11,3.71,3.72,3.74,3.69,69466528
2022/7/12,3.72,3.74,3.76,3.72,79052412
2022/7/13,3.74,3.75,3.75,3.72,40762733
2022/7/14,3.75,3.72,3.75,3.72,35822629
2022/7/15,3.73,3.71,3.74,3.71,53736109
2022/7/18,3.71,3.74,3.74,3.71,34053948
2022/7/19,3.73,3.74,3.74,3.72,28176311
2022/7/20,3.74,3.73,3.75,3.73,31718661
2022/7/21,3.74,3.74,3.75,3.72,43347071
2022/7/22,3.73,3.74,3.74,3.72,27979112
2022/7/25,3.74,3.72,3.74,3.71,30638199
2022/7/26,3.73,3.74,3.75,3.71,49967309
2022/7/27,3.74,3.73,3.75,3.73,23580872
2022/7/28,3.73,3.73,3.74,3.72,33513976
2022/7/29,3.73,3.71,3.74,3.71,36635973
2022/8/1,3.71,3.71,3.73,3.7,31986487
2022/8/2,3.7,3.7,3.71,3.65,96184362
2022/8/3,3.68,3.68,3.7,3.67,30077671
2022/8/4,3.68,3.68,3.69,3.67,25838119
2022/8/5,3.69,3.7,3.7,3.67,31819335
2022/8/8,3.69,3.7,3.7,3.68,23352042
2022/8/9,3.69,3.73,3.74,3.69,58108274
2022/8/10,3.72,3.72,3.75,3.71,39695455
2022/8/11,3.73,3.74,3.75,3.72,55279825
2022/8/12,3.76,3.75,3.76,3.74,63108243
2022/8/15,3.75,3.76,3.76,3.74,50338459
2022/8/16,3.76,3.75,3.76,3.74,38381768
2022/8/17,3.74,3.77,3.77,3.73,126263961
2022/8/18,3.76,3.77,3.78,3.74,71219683
2022/8/19,3.76,3.8,3.8,3.75,94871182
2022/8/22,3.78,3.83,3.83,3.77,106698099
2022/8/23,3.82,3.8,3.82,3.79,45691403
2022/8/24,3.8,3.74,3.8,3.74,67696017
2022/8/25,3.76,3.76,3.77,3.72,54473645
2022/8/26,3.76,3.74,3.76,3.73,31700885
2022/8/29,3.73,3.74,3.74,3.72,28414746
2022/8/30,3.73,3.74,3.75,3.73,23356890
2022/8/31,3.74,3.75,3.77,3.73,50319815
2022/9/1,3.76,3.76,3.78,3.74,54744216
2022/9/2,3.77,3.79,3.79,3.75,43850338
2022/9/5,3.79,3.82,3.82,3.77,64701357
2022/9/6,3.81,3.81,3.83,3.8,57495208
2022/9/7,3.81,3.82,3.83,3.79,55939293
2022/9/8,3.72,3.75,3.76,3.7,114160303
2022/9/9,3.75,3.8,3.8,3.73,108202910
2022/9/13,3.8,3.81,3.84,3.77,93113414
2022/9/14,3.79,3.81,3.81,3.75,81507437
2022/9/15,3.79,3.78,3.82,3.77,54591232
2022/9/16,3.79,3.75,3.79,3.74,66443112
2022/9/19,3.73,3.74,3.78,3.72,43324659
2022/9/20,3.75,3.73,3.76,3.72,22244100
2022/9/21,3.74,3.74,3.76,3.71,43731908
2022/9/22,3.73,3.76,3.76,3.72,32720465
2022/9/23,3.75,3.86,3.89,3.75,237709248
2022/9/26,3.86,3.82,3.87,3.79,100546723
2022/9/27,3.8,3.85,3.86,3.8,63155029
2022/9/28,3.85,3.83,3.88,3.82,77532928
2022/9/29,3.83,3.81,3.86,3.79,65402700
2022/9/30,3.81,3.83,3.85,3.79,40446274
2022/10/10,3.83,3.88,3.91,3.82,142168634
2022/10/11,3.89,3.88,3.89,3.86,53042115
2022/10/12,3.88,3.94,3.95,3.87,132874063
2022/10/13,3.93,3.96,3.98,3.89,111224342
2022/10/14,3.96,3.92,3.97,3.9,107957506
2022/10/17,3.92,3.94,3.95,3.9,70246320
2022/10/18,3.93,3.91,3.94,3.89,60000727
2022/10/19,3.92,3.92,3.93,3.88,53906762
2022/10/20,3.91,3.92,3.94,3.89,56245720
2022/10/21,3.89,3.89,3.92,3.87,59493752
2022/10/24,3.89,3.85,3.91,3.85,73183974
2022/10/25,3.85,3.87,3.89,3.84,56091746
2022/10/26,3.88,3.87,3.88,3.86,47951843
2022/10/27,3.87,3.95,3.97,3.86,118800493
2022/10/28,3.94,3.91,3.96,3.9,53047600
2022/10/31,3.9,3.93,3.95,3.89,65049546
2022/11/1,3.93,3.96,3.98,3.92,65111357
2022/11/2,3.96,4.03,4.15,3.92,170252326
2022/11/3,3.99,3.95,4,3.93,92225502
2022/11/4,3.93,3.97,3.97,3.92,78045716
2022/11/7,3.95,3.95,3.96,3.94,55629917
2022/11/8,3.95,3.94,3.96,3.93,44801236
2022/11/9,3.94,3.94,3.96,3.93,31610571
2022/11/10,3.94,3.96,3.97,3.93,44448534
2022/11/11,4,3.98,4,3.97,53271725
2022/11/14,3.99,3.92,3.99,3.92,71670665
2022/11/15,3.92,3.9,3.94,3.87,104776339
2022/11/16,3.89,3.9,3.92,3.88,50851571
2022/11/17,3.9,3.91,3.91,3.88,34836655
2022/11/18,3.92,3.92,3.94,3.9,75951190
2022/11/21,3.9,3.89,3.91,3.89,36168481
2022/11/22,3.9,4.03,4.15,3.89,295193201
2022/11/23,4,4.03,4.08,3.97,146279833
2022/11/24,4.02,4.02,4.06,3.99,71428747
2022/11/25,4.01,4.19,4.26,4,425726918
2022/11/28,4.12,4.2,4.25,4.1,197635021
2022/11/29,4.2,4.18,4.24,4.15,131215606
2022/11/30,4.18,4.34,4.39,4.17,351669285
2022/12/1,4.31,4.38,4.66,4.28,412805480
2022/12/2,4.35,4.34,4.42,4.3,177526513
2022/12/5,4.41,4.59,4.66,4.38,544696113
2022/12/6,4.51,4.5,4.57,4.45,261048238
2022/12/7,4.49,4.39,4.5,4.33,267630499
2022/12/8,4.38,4.36,4.39,4.32,172720691
2022/12/9,4.35,4.4,4.48,4.33,277695328
2022/12/12,4.38,4.47,4.6,4.37,253952195
2022/12/13,4.47,4.43,4.49,4.38,94870128
2022/12/14,4.43,4.35,4.48,4.34,120893569
2022/12/15,4.37,4.34,4.39,4.33,104352744
2022/12/16,4.31,4.32,4.36,4.31,90549474
2022/12/19,4.32,4.17,4.34,4.13,141287381
2022/12/20,4.18,4.17,4.23,4.14,75513599
2022/12/21,4.17,4.14,4.2,4.11,80343246
2022/12/22,4.15,4.13,4.23,4.1,109004528
2022/12/23,4.11,4.23,4.25,4.11,108021029
2022/12/26,4.22,4.21,4.3,4.19,71139477
2022/12/27,4.22,4.24,4.26,4.2,72790804
2022/12/28,4.24,4.23,4.3,4.19,81099341
2022/12/29,4.22,4.2,4.24,4.16,73526446
2022/12/30,4.21,4.19,4.23,4.16,59333375
2023/1/3,4.18,4.35,4.42,4.15,188696184
2023/1/4,4.33,4.38,4.41,4.32,121721565
2023/1/5,4.38,4.36,4.48,4.35,116206004
2023/1/6,4.35,4.3,4.36,4.27,112133503
2023/1/9,4.3,4.35,4.36,4.27,104959185
2023/1/10,4.34,4.31,4.36,4.3,70322203
2023/1/11,4.31,4.35,4.38,4.3,120521250
2023/1/12,4.33,4.4,4.43,4.31,127922894
2023/1/13,4.39,4.44,4.45,4.37,130861463
2023/1/16,4.43,4.35,4.45,4.33,172883398
2023/1/17,4.34,4.3,4.37,4.29,84896231
2023/1/18,4.29,4.39,4.43,4.26,155285734
2023/1/19,4.38,4.41,4.45,4.35,122441454
2023/1/20,4.44,4.85,4.85,4.44,797846042
2023/1/30,4.98,5,5.11,4.84,740630217
2023/1/31,4.95,5,5.04,4.87,368999351
2023/2/1,4.96,5.03,5.17,4.93,327291913
2023/2/2,5.02,5.14,5.25,5,366037855
2023/2/3,5.09,5.13,5.16,5,236712798
2023/2/6,5.03,5.05,5.17,4.96,260821784
2023/2/7,5.04,5.03,5.08,5,150392684
2023/2/8,4.98,4.88,5.03,4.87,261841839
2023/2/9,4.83,5.03,5.13,4.81,201796707
2023/2/10,5.01,5.01,5.17,4.97,150071022
2023/2/13,4.97,5.08,5.1,4.95,194738619
2023/2/14,5.08,5.07,5.15,5.01,111446149
2023/2/15,5.09,5.27,5.53,5.07,312170576
2023/2/16,5.27,5.7,5.8,5.23,554264034
2023/2/17,5.71,5.45,5.75,5.38,405778718
2023/2/20,5.6,6,6,5.45,727250588
2023/2/21,6.04,6.15,6.18,5.83,662831717
2023/2/22,6.01,5.68,6.01,5.66,809373630
2023/2/23,5.58,5.45,5.64,5.38,726371847
2023/2/24,5.43,5.53,5.61,5.35,569600714
2023/2/27,5.45,5.5,5.62,5.44,467459421
2023/2/28,5.72,5.85,5.95,5.63,902445694
2023/3/1,5.78,6.35,6.42,5.75,981057198
2023/3/2,6.25,6.28,6.38,6.14,542295399
2023/3/3,6.13,6.38,6.66,6.07,667168511
2023/3/6,6.45,6.42,6.66,6.28,587533000
2023/3/7,6.33,6.16,6.61,6.1,653625752
2023/3/8,6.16,6.45,6.45,6.11,484247663
2023/3/9,6.39,6.8,6.95,6.25,693359672
2023/3/10,6.68,6.63,7.03,6.57,658496360
2023/3/13,6.65,7.26,7.27,6.63,790967716
2023/3/14,7.12,7.28,7.51,7.04,692732110
2023/3/15,7.27,7.15,7.33,7.01,459893691
2023/3/16,7.08,7.04,7.3,6.95,506412545
2023/3/17,7.05,7.25,7.25,6.94,620005786
2023/3/20,7.21,6.53,7.28,6.53,965962033
2023/3/21,6.42,6.62,6.7,6.42,582581893
2023/3/22,6.55,6.7,6.85,6.48,588000306
2023/3/23,6.85,6.89,6.93,6.52,891549204
2023/3/24,6.78,6.63,6.8,6.51,700052198
2023/3/27,6.55,6.35,6.64,6.12,895751714
2023/3/28,6.3,6.42,6.56,6.24,659140418
2023/3/29,6.36,6.32,6.42,6.12,612984486
2023/3/30,6.29,6.08,6.4,6.03,639192746
2023/3/31,6.1,6.33,6.43,6.05,602553161
2023/4/3,6.27,6.52,6.62,6.23,708958197
2023/4/4,6.47,6.97,7.08,6.44,931677510
2023/4/6,6.81,6.92,7.02,6.63,555849093
2023/4/7,6.87,6.98,7.12,6.76,401731371
2023/4/10,6.92,6.89,7.24,6.87,572445573
2023/4/11,6.81,6.62,6.84,6.5,547027303
2023/4/12,6.58,7.02,7.12,6.56,647243963
2023/4/13,6.9,6.8,7,6.67,433860357
2023/4/14,6.82,6.89,7.03,6.74,404839165
2023/4/17,6.82,7.03,7.07,6.72,496424919
2023/4/18,6.91,7.08,7.15,6.83,520010908
2023/4/19,7.03,6.77,7.04,6.74,502542822
2023/4/20,6.8,6.82,6.88,6.65,383500618
2023/4/21,6.84,6.64,6.9,6.64,406064675
2023/4/24,6.62,6.66,6.83,6.55,315763100
2023/4/25,6.67,6.51,6.7,6.39,357896156
2023/4/26,6.44,6.49,6.55,6.28,318333369
2023/4/27,6.38,6.53,6.59,6.31,290689536
2023/4/28,6.54,6.69,6.71,6.51,253556967
2023/5/4,6.61,6.65,6.72,6.49,260819023
2023/5/5,6.65,6.61,6.82,6.49,289866803
2023/5/8,6.58,6.89,7.01,6.53,467061625
2023/5/9,6.85,6.65,6.96,6.62,332830469
2023/5/10,6.65,6.75,6.92,6.55,287876421
2023/5/11,6.72,6.55,6.72,6.5,260332117
2023/5/12,6.55,6.39,6.69,6.38,234111666
2023/5/15,6.36,6.24,6.38,6.02,410561665
2023/5/16,6.2,6.11,6.3,6.06,221318156
2023/5/17,6.05,5.85,6.05,5.74,534357591
2023/5/18,5.87,5.9,5.98,5.83,282876979
2023/5/19,5.84,5.84,5.95,5.75,219873591
2023/5/22,5.82,5.89,5.96,5.79,174516009
2023/5/23,5.88,5.7,5.92,5.69,242081637
2023/5/24,5.67,5.64,5.74,5.63,174700457
2023/5/25,5.67,5.67,5.71,5.51,214290963
2023/5/26,5.66,5.75,5.79,5.58,258146734
2023/5/29,5.78,5.81,5.86,5.74,201445252
2023/5/30,5.79,6,6.01,5.75,296249450
2023/5/31,5.97,6.09,6.14,5.93,223487830
2023/6/1,6.05,6.18,6.23,6.01,240015944
2023/6/2,6.19,6.18,6.26,6.11,171776299
2023/6/5,6.15,6.15,6.25,6.13,174897024
2023/6/6,6.18,6.1,6.24,6.08,151197610
2023/6/7,6.09,6.12,6.16,6.04,101900373
2023/6/8,6.1,6.17,6.18,5.93,163050018
2023/6/9,6.09,6.49,6.49,6.04,254049025
2023/6/12,6.33,6.28,6.38,6.25,287651221
2023/6/13,6.25,6.18,6.28,6.08,223830258
2023/6/14,6.17,6.05,6.18,6.02,209787364
2023/6/15,6.05,5.99,6.11,5.92,222948093
2023/6/16,5.98,5.96,6,5.92,236194478
2023/6/19,5.97,6.09,6.12,5.84,354821088
2023/6/20,6.06,6.06,6.18,6,228044008
2023/6/21,6.01,5.67,6.01,5.65,395148183
2023/6/26,5.58,5.65,5.78,5.53,210265387
2023/6/27,5.66,5.74,5.84,5.61,245901861
2023/6/28,5.71,5.62,5.73,5.57,192347549
2023/6/29,5.6,5.67,5.7,5.6,150914826
2023/6/30,5.66,5.63,5.72,5.6,186626338
2023/7/3,5.64,5.74,5.77,5.58,255816899
2023/7/4,5.72,5.8,5.83,5.71,174758837
2023/7/5,5.83,5.79,5.88,5.76,128182100
2023/7/6,5.78,5.79,5.83,5.75,94257324
2023/7/7,5.76,5.73,5.81,5.68,96799800
2023/7/10,5.75,5.73,5.79,5.7,74454778
2023/7/11,5.73,5.7,5.74,5.65,160520984
2023/7/12,5.7,5.47,5.71,5.46,288360823
2023/7/13,5.52,5.57,5.59,5.48,226500123
2023/7/14,5.55,5.91,6.02,5.52,481754498
2023/7/17,5.85,5.86,5.99,5.8,227060938
2023/7/18,5.82,5.78,5.88,5.77,124221868
2023/7/19,5.76,5.84,5.85,5.74,117496705
2023/7/20,5.83,5.75,5.87,5.73,114751427
2023/7/21,5.75,5.75,5.78,5.7,112311205
2023/7/24,5.73,5.79,5.87,5.69,115680189
2023/7/25,5.86,5.82,5.92,5.77,134024067
2023/7/26,5.82,5.71,5.82,5.69,125430461
2023/7/27,5.71,5.62,5.72,5.59,128327253
2023/7/28,5.6,5.82,5.88,5.58,226103613
2023/7/31,5.84,5.68,5.91,5.64,296827268
2023/8/1,5.7,5.73,5.77,5.66,124170823
2023/8/2,5.72,5.67,5.72,5.65,106361200
2023/8/3,5.64,5.64,5.69,5.6,135909245
2023/8/4,5.66,5.88,5.99,5.65,425008898
2023/8/7,5.81,5.78,5.9,5.76,163265551
2023/8/8,5.77,5.8,5.83,5.75,99536115
2023/8/9,5.83,5.74,5.84,5.73,125455555
2023/8/10,5.75,5.85,5.9,5.74,163840529
2023/8/11,5.84,5.85,6.1,5.83,366102003
2023/8/14,5.81,6,6.09,5.77,282795835
2023/8/15,5.99,5.94,6,5.87,171881224
2023/8/16,5.93,5.77,5.96,5.7,167545958
2023/8/17,5.72,5.76,5.77,5.64,120479302
2023/8/18,5.75,5.62,5.75,5.62,133442385
2023/8/21,5.62,5.68,5.79,5.6,136078465
2023/8/22,5.71,5.99,6,5.71,399836669
2023/8/23,5.93,5.93,6.07,5.92,200906362
2023/8/24,5.96,5.8,6,5.77,196549524
2023/8/25,5.75,5.79,5.88,5.69,167528194
2023/8/28,6.08,5.95,6.12,5.87,215158916
2023/8/29,5.9,6.01,6.06,5.89,199888237
2023/8/30,6.01,5.93,6.07,5.9,174097112
2023/8/31,5.82,5.76,5.85,5.68,154141144
2023/9/1,5.77,5.72,5.79,5.66,113400027
2023/9/4,5.75,5.91,5.93,5.71,223057346
2023/9/5,5.88,5.79,5.93,5.78,121557200
2023/9/6,5.78,5.83,5.84,5.72,90606108
2023/9/7,5.82,5.85,5.92,5.79,121610946
2023/9/8,5.84,5.91,5.94,5.77,139246736
2023/9/11,5.92,5.91,5.95,5.85,120537841
2023/9/12,5.88,6,6.02,5.86,171064117
2023/9/13,5.99,6.02,6.06,5.94,192598276
2023/9/14,6,6.2,6.24,5.98,256553099
2023/9/15,6.19,6.14,6.26,6.12,177805771
2023/9/18,6.11,6.01,6.12,5.98,154786660
2023/9/19,5.99,6.03,6.07,5.98,88942661
2023/9/20,6.01,5.95,6.06,5.95,98196506
2023/9/21,5.93,6,6.02,5.91,96005109
2023/9/22,5.98,6.04,6.05,5.95,111822011
2023/9/25,6.02,5.98,6.03,5.94,72974808
2023/9/26,5.97,5.83,5.98,5.8,154578220
2023/9/27,5.82,5.86,5.88,5.81,98905247
2023/9/28,5.87,5.79,5.88,5.77,137911076
2023/10/9,5.78,5.86,5.9,5.72,172272975
2023/10/10,5.85,5.83,5.89,5.79,94465565
2023/10/11,5.81,5.79,5.87,5.78,78579461
2023/10/12,5.83,5.9,5.97,5.79,167551821
2023/10/13,5.85,5.9,5.94,5.81,106829088
2023/10/16,5.9,5.95,5.98,5.85,126129463
2023/10/17,5.94,6.11,6.18,5.93,193741729
2023/10/18,6.07,6.12,6.14,6.03,136508094
2023/10/19,6.09,5.97,6.14,5.96,105553458
2023/10/20,5.95,5.74,5.96,5.71,167705732
2023/10/23,5.74,5.68,5.78,5.61,117262880
2023/10/24,5.69,5.59,5.71,5.53,166725605
2023/10/25,5.61,5.4,5.63,5.35,267548674
2023/10/26,5.36,5.42,5.43,5.31,127992973
2023/10/27,5.38,5.42,5.45,5.37,136456500
2023/10/30,5.41,5.31,5.42,5.2,210009842
2023/10/31,5.28,5.33,5.38,5.26,146271558
2023/11/1,5.33,5.32,5.34,5.27,98519182
2023/11/2,5.32,5.33,5.38,5.32,88002183
2023/11/3,5.32,5.34,5.36,5.3,99554854
2023/11/6,5.35,5.28,5.37,5.23,245098837
2023/11/7,5.27,5.26,5.28,5.22,145755938
2023/11/8,5.24,5.24,5.25,5.21,123978996
2023/11/9,5.24,5.26,5.27,5.23,107000300
2023/11/10,5.25,5.23,5.27,5.2,99677165
2023/11/13,5.25,5.28,5.28,5.21,122107949
2023/11/14,5.27,5.27,5.3,5.25,91475561
2023/11/15,5.29,5.24,5.3,5.23,111775120
2023/11/16,5.24,5.13,5.24,5.12,197488068
2023/11/17,5.1,5.06,5.1,4.99,235768974
2023/11/20,5.04,5.06,5.08,5,114952547
2023/11/21,5.06,5.06,5.1,5.05,115258683
2023/11/22,5.06,5.17,5.25,5.05,247064118
2023/11/23,5.16,5.18,5.19,5.12,96124018
2023/11/24,5.18,5.16,5.21,5.15,87307654
2023/11/27,5.16,5.1,5.17,5.05,87909432
2023/11/28,5.08,5.07,5.1,5.06,72960392
2023/11/29,5.07,5.08,5.11,5.02,109308597
2023/11/30,5.08,5.19,5.23,5.06,158266800
2023/12/1,5.18,5.27,5.29,5.14,175162477
2023/12/4,5.28,5.24,5.29,5.23,80763128
2023/12/5,5.23,5.17,5.26,5.17,84576809
2023/12/6,5.17,5.12,5.18,5.08,84232230
2023/12/7,5.1,5.06,5.12,5.04,122472428
2023/12/8,5.07,5.16,5.18,5.06,127791065
2023/12/11,5.15,5.19,5.2,5.08,106675238
2023/12/12,5.17,5.25,5.28,5.16,119868328
2023/12/13,5.25,5.18,5.26,5.18,62134207
2023/12/14,5.19,5.17,5.26,5.17,65543600
2023/12/15,5.17,5.16,5.22,5.14,70415829
2023/12/18,5.16,5.13,5.17,5.11,66498300
2023/12/19,5.12,5.19,5.19,5.11,81425695
2023/12/20,5.18,5.13,5.2,5.12,68270914
2023/12/21,5.11,5.16,5.18,5.1,70256509
2023/12/22,5.16,5.18,5.22,5.14,99336209
2023/12/25,5.19,5.15,5.2,5.14,61053447
2023/12/26,5.15,5.21,5.27,5.14,101165953
2023/12/27,5.21,5.35,5.37,5.2,208141095
2023/12/28,5.35,5.35,5.44,5.3,166150739
2023/12/29,5.32,5.41,5.42,5.3,141716395
