,601398.SH,601398.SH,601398.SH,601398.SH,601398.SH
,工商银行,工商银行,工商银行,工商银行,工商银行
date,open,close,high,low,volume
2014/1/2,3.58,3.58,3.59,3.56,40377049
2014/1/3,3.57,3.56,3.58,3.55,43531021
2014/1/6,3.56,3.55,3.56,3.51,69846560
2014/1/7,3.53,3.55,3.55,3.51,41238508
2014/1/8,3.54,3.57,3.58,3.53,51944377
2014/1/9,3.56,3.53,3.58,3.51,44621580
2014/1/10,3.53,3.53,3.55,3.5,41733708
2014/1/13,3.54,3.54,3.55,3.52,44410673
2014/1/14,3.53,3.52,3.53,3.5,43708009
2014/1/15,3.51,3.46,3.52,3.44,70814680
2014/1/16,3.45,3.43,3.46,3.42,77381262
2014/1/17,3.41,3.41,3.42,3.4,61018825
2014/1/20,3.41,3.4,3.42,3.38,52516508
2014/1/21,3.39,3.4,3.42,3.38,51800518
2014/1/22,3.4,3.43,3.43,3.39,78229837
2014/1/23,3.41,3.4,3.42,3.39,53203666
2014/1/24,3.4,3.4,3.41,3.39,49522632
2014/1/27,3.39,3.36,3.4,3.33,99385374
2014/1/28,3.36,3.39,3.4,3.35,50011270
2014/1/29,3.38,3.44,3.44,3.38,60262486
2014/1/30,3.43,3.41,3.44,3.4,27753040
2014/2/7,3.39,3.4,3.4,3.37,27875615
2014/2/10,3.41,3.42,3.43,3.4,49508730
2014/2/11,3.41,3.45,3.47,3.39,99157913
2014/2/12,3.44,3.44,3.45,3.43,39812519
2014/2/13,3.43,3.44,3.48,3.42,73477630
2014/2/14,3.45,3.43,3.45,3.42,35515424
2014/2/17,3.44,3.44,3.46,3.43,51404632
2014/2/18,3.44,3.43,3.45,3.42,42180520
2014/2/19,3.43,3.48,3.52,3.42,86047371
2014/2/20,3.47,3.44,3.5,3.43,55789541
2014/2/21,3.44,3.44,3.45,3.42,28834380
2014/2/24,3.42,3.37,3.42,3.36,60659215
2014/2/25,3.37,3.37,3.39,3.36,45042366
2014/2/26,3.36,3.34,3.38,3.32,40669039
2014/2/27,3.34,3.36,3.36,3.32,65181850
2014/2/28,3.35,3.34,3.35,3.32,54062832
2014/3/3,3.33,3.33,3.35,3.31,65326776
2014/3/4,3.33,3.34,3.34,3.31,51674342
2014/3/5,3.34,3.32,3.34,3.31,40622760
2014/3/6,3.32,3.33,3.34,3.3,39202882
2014/3/7,3.33,3.33,3.34,3.31,37293093
2014/3/10,3.32,3.26,3.32,3.25,66083274
2014/3/11,3.26,3.23,3.26,3.2,83643780
2014/3/12,3.22,3.23,3.23,3.2,54483174
2014/3/13,3.24,3.27,3.32,3.23,82831947
2014/3/14,3.25,3.24,3.26,3.22,53106073
2014/3/17,3.24,3.25,3.26,3.22,37925434
2014/3/18,3.26,3.26,3.27,3.24,36811648
2014/3/19,3.25,3.28,3.28,3.24,46684431
2014/3/20,3.27,3.28,3.32,3.26,62125906
2014/3/21,3.27,3.34,3.37,3.27,126470711
2014/3/24,3.35,3.38,3.39,3.34,74527859
2014/3/25,3.38,3.36,3.38,3.35,33313761
2014/3/26,3.36,3.4,3.4,3.36,50588706
2014/3/27,3.39,3.38,3.42,3.36,43623784
2014/3/28,3.39,3.46,3.49,3.38,101965982
2014/3/31,3.47,3.45,3.49,3.43,60798536
2014/4/1,3.45,3.45,3.47,3.44,38552866
2014/4/2,3.45,3.44,3.46,3.42,56673465
2014/4/3,3.45,3.42,3.45,3.41,52315507
2014/4/4,3.41,3.43,3.44,3.4,31393371
2014/4/8,3.43,3.5,3.5,3.42,94074053
2014/4/9,3.49,3.48,3.51,3.47,54761657
2014/4/10,3.48,3.55,3.56,3.47,97100109
2014/4/11,3.55,3.52,3.55,3.51,80135246
2014/4/14,3.53,3.5,3.54,3.49,46705385
2014/4/15,3.49,3.46,3.5,3.44,34711015
2014/4/16,3.46,3.5,3.51,3.44,52377067
2014/4/17,3.5,3.48,3.5,3.46,29182670
2014/4/18,3.46,3.47,3.47,3.44,24978403
2014/4/21,3.46,3.44,3.49,3.44,28167419
2014/4/22,3.43,3.45,3.47,3.43,27277977
2014/4/23,3.44,3.44,3.45,3.42,33539472
2014/4/24,3.43,3.42,3.47,3.41,37571433
2014/4/25,3.44,3.45,3.46,3.42,41185614
2014/4/28,3.46,3.46,3.47,3.45,44103634
2014/4/29,3.45,3.45,3.46,3.44,37890427
2014/4/30,3.45,3.44,3.45,3.41,32244872
2014/5/5,3.42,3.42,3.43,3.39,42750973
2014/5/6,3.42,3.4,3.43,3.39,49064031
2014/5/7,3.4,3.42,3.42,3.4,31728815
2014/5/8,3.4,3.43,3.45,3.4,41258372
2014/5/9,3.44,3.45,3.47,3.43,45599431
2014/5/12,3.45,3.48,3.5,3.44,68788313
2014/5/13,3.49,3.46,3.49,3.45,38603201
2014/5/14,3.46,3.45,3.48,3.44,37644804
2014/5/15,3.45,3.47,3.48,3.44,36503306
2014/5/16,3.47,3.48,3.49,3.46,38486587
2014/5/19,3.47,3.46,3.48,3.44,42914105
2014/5/20,3.47,3.47,3.48,3.45,36655983
2014/5/21,3.46,3.49,3.49,3.45,37612837
2014/5/22,3.48,3.5,3.52,3.48,46632614
2014/5/23,3.5,3.52,3.52,3.49,29670540
2014/5/26,3.53,3.51,3.53,3.5,30899633
2014/5/27,3.51,3.53,3.55,3.51,43758926
2014/5/28,3.53,3.57,3.58,3.53,47696974
2014/5/29,3.58,3.57,3.59,3.56,33706143
2014/5/30,3.57,3.56,3.58,3.55,47443192
2014/6/3,3.56,3.58,3.6,3.56,51413737
2014/6/4,3.59,3.57,3.6,3.56,49748689
2014/6/5,3.57,3.63,3.63,3.56,75230700
2014/6/6,3.63,3.61,3.65,3.61,60943044
2014/6/9,3.61,3.66,3.68,3.61,50378807
2014/6/10,3.66,3.73,3.74,3.66,96285930
2014/6/11,3.72,3.72,3.75,3.68,79762401
2014/6/12,3.7,3.71,3.73,3.69,47082738
2014/6/13,3.7,3.74,3.74,3.7,63714956
2014/6/16,3.74,3.78,3.78,3.72,96202193
2014/6/17,3.76,3.73,3.78,3.7,107429151
2014/6/18,3.73,3.74,3.74,3.69,110170563
2014/6/19,3.73,3.71,3.74,3.69,91929176
2014/6/20,3.45,3.45,3.46,3.37,106996636
2014/6/23,3.44,3.41,3.44,3.41,55131333
2014/6/24,3.41,3.42,3.42,3.39,54892434
2014/6/25,3.41,3.38,3.41,3.37,51279143
2014/6/26,3.38,3.39,3.4,3.37,48194464
2014/6/27,3.39,3.39,3.4,3.37,33472791
2014/6/30,3.39,3.39,3.41,3.38,30646379
2014/7/1,3.4,3.39,3.41,3.38,43298613
2014/7/2,3.39,3.41,3.42,3.38,42913624
2014/7/3,3.4,3.42,3.43,3.4,40242723
2014/7/4,3.42,3.42,3.43,3.41,34768715
2014/7/7,3.42,3.45,3.45,3.41,38568768
2014/7/8,3.45,3.47,3.48,3.44,56055811
2014/7/9,3.47,3.42,3.47,3.42,41657252
2014/7/10,3.42,3.45,3.46,3.41,56609148
2014/7/11,3.44,3.44,3.47,3.44,28952724
2014/7/14,3.45,3.45,3.46,3.43,47915210
2014/7/15,3.46,3.47,3.47,3.44,58812387
2014/7/16,3.46,3.46,3.47,3.45,43599684
2014/7/17,3.45,3.45,3.45,3.43,35123796
2014/7/18,3.43,3.45,3.46,3.43,41842947
2014/7/21,3.45,3.42,3.45,3.41,40266316
2014/7/22,3.41,3.43,3.45,3.41,53147448
2014/7/23,3.43,3.44,3.45,3.42,48761920
2014/7/24,3.44,3.48,3.49,3.43,94244153
2014/7/25,3.49,3.52,3.52,3.48,68339725
2014/7/28,3.53,3.6,3.62,3.53,217488793
2014/7/29,3.6,3.59,3.61,3.57,111754292
2014/7/30,3.59,3.57,3.6,3.55,94851128
2014/7/31,3.57,3.6,3.6,3.55,74602213
2014/8/1,3.59,3.59,3.62,3.58,102543180
2014/8/4,3.59,3.61,3.62,3.58,98156081
2014/8/5,3.61,3.59,3.62,3.57,102705694
2014/8/6,3.58,3.58,3.59,3.55,72821156
2014/8/7,3.57,3.52,3.58,3.51,102245067
2014/8/8,3.52,3.51,3.53,3.47,84117583
2014/8/11,3.51,3.56,3.59,3.5,84838724
2014/8/12,3.57,3.53,3.57,3.52,48251190
2014/8/13,3.53,3.51,3.54,3.5,76447456
2014/8/14,3.52,3.51,3.54,3.5,53468957
2014/8/15,3.51,3.52,3.53,3.5,49403769
2014/8/18,3.52,3.51,3.54,3.5,76953081
2014/8/19,3.52,3.52,3.52,3.5,52016791
2014/8/20,3.51,3.52,3.53,3.5,47680676
2014/8/21,3.51,3.5,3.52,3.48,59879014
2014/8/22,3.5,3.51,3.51,3.49,45891569
2014/8/25,3.51,3.5,3.51,3.48,62128292
2014/8/26,3.49,3.49,3.51,3.48,55553105
2014/8/27,3.49,3.49,3.49,3.47,48391648
2014/8/28,3.48,3.44,3.49,3.43,61143605
2014/8/29,3.45,3.46,3.48,3.43,68933756
2014/9/1,3.47,3.48,3.5,3.45,65646664
2014/9/2,3.48,3.52,3.53,3.47,94003817
2014/9/3,3.52,3.55,3.56,3.51,89031759
2014/9/4,3.56,3.59,3.59,3.54,80954574
2014/9/5,3.59,3.61,3.61,3.58,97710995
2014/9/9,3.61,3.59,3.61,3.58,49912621
2014/9/10,3.58,3.56,3.58,3.55,66518386
2014/9/11,3.56,3.55,3.6,3.54,60161579
2014/9/12,3.55,3.57,3.57,3.54,29257710
2014/9/15,3.55,3.57,3.57,3.53,67819988
2014/9/16,3.56,3.55,3.58,3.54,119646601
2014/9/17,3.56,3.56,3.57,3.54,74210238
2014/9/18,3.56,3.56,3.57,3.53,77449624
2014/9/19,3.56,3.56,3.56,3.53,85829075
2014/9/22,3.54,3.49,3.55,3.48,73100587
2014/9/23,3.49,3.5,3.5,3.48,54145942
2014/9/24,3.48,3.54,3.55,3.48,119688356
2014/9/25,3.56,3.55,3.56,3.53,99746539
2014/9/26,3.54,3.55,3.56,3.52,48963689
2014/9/29,3.54,3.52,3.55,3.51,82359783
2014/9/30,3.52,3.53,3.53,3.51,67466303
2014/10/8,3.53,3.53,3.54,3.49,103554754
2014/10/9,3.52,3.52,3.53,3.51,70150756
2014/10/10,3.51,3.51,3.52,3.5,66858562
2014/10/13,3.5,3.48,3.51,3.48,82847057
2014/10/14,3.48,3.48,3.5,3.48,51424891
2014/10/15,3.48,3.5,3.51,3.47,51045311
2014/10/16,3.49,3.52,3.53,3.48,89555569
2014/10/17,3.52,3.52,3.52,3.5,68879040
2014/10/20,3.52,3.52,3.53,3.5,56422228
2014/10/21,3.52,3.51,3.52,3.49,65645075
2014/10/22,3.5,3.5,3.53,3.49,94662661
2014/10/23,3.5,3.52,3.53,3.49,93150378
2014/10/24,3.51,3.52,3.53,3.5,76048464
2014/10/27,3.51,3.49,3.52,3.48,66899674
2014/10/28,3.49,3.52,3.53,3.49,57510818
2014/10/29,3.52,3.54,3.56,3.51,112721580
2014/10/30,3.55,3.59,3.6,3.54,148966483
2014/10/31,3.59,3.66,3.69,3.59,216995581
2014/11/3,3.67,3.63,3.67,3.62,127058057
2014/11/4,3.63,3.64,3.66,3.61,105104292
2014/11/5,3.64,3.58,3.65,3.57,197428259
2014/11/6,3.58,3.57,3.59,3.54,117359895
2014/11/7,3.56,3.57,3.61,3.54,140102572
2014/11/10,3.6,3.67,3.67,3.59,192955645
2014/11/11,3.69,3.81,3.92,3.69,559821600
2014/11/12,3.78,3.76,3.78,3.72,177572982
2014/11/13,3.76,3.76,3.83,3.75,186477472
2014/11/14,3.78,3.78,3.79,3.74,131953261
2014/11/17,3.88,3.75,3.89,3.74,217102236
2014/11/18,3.79,3.72,3.8,3.71,152253328
2014/11/19,3.7,3.69,3.72,3.67,107967668
2014/11/20,3.68,3.68,3.7,3.65,92372322
2014/11/21,3.69,3.73,3.75,3.67,111465974
2014/11/24,3.7,3.73,3.78,3.68,175637226
2014/11/25,3.73,3.77,3.79,3.72,160306801
2014/11/26,3.77,3.82,3.82,3.75,248996468
2014/11/27,3.84,3.83,3.85,3.81,306435984
2014/11/28,3.83,4.04,4.05,3.82,853707104
2014/12/1,4.05,4.01,4.16,4,650680672
2014/12/2,3.98,4.18,4.22,3.96,667799088
2014/12/3,4.16,4.1,4.26,4.08,648892240
2014/12/4,4.1,4.27,4.28,4.08,713784384
2014/12/5,4.3,4.59,4.68,4.22,1024644400
2014/12/8,4.49,4.63,4.75,4.38,871306272
2014/12/9,4.54,4.2,4.62,4.17,1137160976
2014/12/10,4.17,4.3,4.33,4.07,616082496
2014/12/11,4.21,4.2,4.31,4.17,372197328
2014/12/12,4.22,4.21,4.3,4.18,313792768
2014/12/15,4.18,4.13,4.19,4.07,342045088
2014/12/16,4.12,4.25,4.27,4.12,472326592
2014/12/17,4.27,4.47,4.52,4.21,996465504
2014/12/18,4.46,4.35,4.47,4.32,548007360
2014/12/19,4.34,4.41,4.45,4.31,605437632
2014/12/22,4.46,4.71,4.8,4.46,1746555104
2014/12/23,4.6,4.48,4.67,4.46,778303184
2014/12/24,4.51,4.33,4.53,4.26,624579776
2014/12/25,4.38,4.46,4.5,4.34,549303056
2014/12/26,4.47,4.62,4.64,4.45,670773472
2014/12/29,4.78,4.61,4.82,4.55,886266704
2014/12/30,4.61,4.71,4.78,4.57,696602768
2014/12/31,4.73,4.87,4.92,4.65,1050294672
2015/1/5,4.93,5.06,5.15,4.9,1365851680
2015/1/6,5,5.1,5.36,4.95,1497561536
2015/1/7,5,5.04,5.1,4.95,810596736
2015/1/8,5.05,4.83,5.07,4.8,692049072
2015/1/9,4.82,4.88,5.15,4.74,991590384
2015/1/12,4.85,4.82,4.92,4.72,547037408
2015/1/13,4.79,4.82,4.86,4.78,268526208
2015/1/14,4.84,4.89,4.97,4.83,539696480
2015/1/15,4.89,5.09,5.12,4.85,623208464
2015/1/16,5.12,5.15,5.27,5.1,786854048
2015/1/19,4.8,4.64,4.93,4.64,992468672
2015/1/20,4.66,4.64,4.74,4.53,647920912
2015/1/21,4.68,4.92,4.98,4.64,792843360
2015/1/22,4.92,4.88,4.93,4.8,569659280
2015/1/23,4.91,4.98,5.13,4.91,931939616
2015/1/26,4.97,4.93,4.99,4.84,532652448
2015/1/27,4.93,4.78,4.93,4.69,704101056
2015/1/28,4.73,4.69,4.77,4.65,551296784
2015/1/29,4.61,4.56,4.64,4.53,577536880
2015/1/30,4.59,4.54,4.62,4.51,419427376
2015/2/2,4.48,4.41,4.48,4.38,508024176
2015/2/3,4.45,4.5,4.51,4.37,561586560
2015/2/4,4.5,4.41,4.53,4.4,464394320
2015/2/5,4.59,4.4,4.61,4.39,760964928
2015/2/6,4.37,4.3,4.38,4.27,503713504
2015/2/9,4.27,4.3,4.34,4.24,475547808
2015/2/10,4.29,4.36,4.36,4.27,451046448
2015/2/11,4.31,4.33,4.36,4.3,296336992
2015/2/12,4.32,4.34,4.35,4.28,297367408
2015/2/13,4.36,4.44,4.46,4.35,482503072
2015/2/16,4.43,4.42,4.44,4.39,237106593
2015/2/17,4.43,4.49,4.52,4.43,325581072
2015/2/25,4.49,4.49,4.53,4.46,316108368
2015/2/26,4.47,4.59,4.61,4.46,501162352
2015/2/27,4.6,4.58,4.62,4.54,381156208
2015/3/2,4.59,4.57,4.61,4.54,307229744
2015/3/3,4.54,4.4,4.55,4.4,439941760
2015/3/4,4.4,4.38,4.43,4.36,248473365
2015/3/5,4.35,4.31,4.37,4.28,295341120
2015/3/6,4.32,4.34,4.36,4.3,219538207
2015/3/9,4.36,4.52,4.56,4.31,526958896
2015/3/10,4.47,4.42,4.48,4.41,342244016
2015/3/11,4.43,4.46,4.52,4.43,318957584
2015/3/12,4.52,4.57,4.65,4.49,665406352
2015/3/13,4.61,4.57,4.66,4.53,505880720
2015/3/16,4.59,4.6,4.62,4.55,391708112
2015/3/17,4.62,4.63,4.64,4.6,454549552
2015/3/18,4.63,4.73,4.74,4.62,620859776
2015/3/19,4.73,4.69,4.74,4.67,517945568
2015/3/20,4.68,4.72,4.78,4.65,596498096
2015/3/23,4.78,4.78,4.81,4.74,534961296
2015/3/24,4.81,4.8,4.87,4.75,777551488
2015/3/25,4.78,4.69,4.81,4.68,650708880
2015/3/26,4.65,4.72,4.76,4.62,467425536
2015/3/27,4.73,4.71,4.75,4.67,454051824
2015/3/30,4.75,4.92,4.94,4.74,1137506288
2015/3/31,4.99,4.86,5.01,4.82,1004747648
2015/4/1,4.83,4.89,4.92,4.82,682475760
2015/4/2,4.91,4.85,4.92,4.81,555922224
2015/4/3,4.81,4.87,4.89,4.79,514181856
2015/4/7,4.93,5,5,4.9,861760864
2015/4/8,5.01,5.04,5.05,4.92,880345136
2015/4/9,5.05,5.03,5.14,5,876879808
2015/4/10,5.01,5.1,5.12,5,689361104
2015/4/13,5.18,5.32,5.33,5.18,1259537920
2015/4/14,5.3,5.26,5.35,5.22,763721472
2015/4/15,5.26,5.43,5.6,5.25,1135801936
2015/4/16,5.41,5.62,5.63,5.37,944008032
2015/4/17,5.72,5.64,5.76,5.62,1154808960
2015/4/20,5.69,5.42,5.69,5.4,1414169216
2015/4/21,5.4,5.44,5.45,5.32,1227983616
2015/4/22,5.47,5.52,5.52,5.42,939030848
2015/4/23,5.53,5.48,5.53,5.43,772045488
2015/4/24,5.37,5.33,5.4,5.25,796662320
2015/4/27,5.33,5.5,5.5,5.33,894864928
2015/4/28,5.53,5.64,5.85,5.49,1539549088
2015/4/29,5.57,5.53,5.58,5.44,737446464
2015/4/30,5.5,5.41,5.52,5.4,618168848
2015/5/4,5.39,5.39,5.42,5.36,435844976
2015/5/5,5.39,5.14,5.39,5.11,792325504
2015/5/6,5.14,5.13,5.28,5.1,589904128
2015/5/7,5.13,5.08,5.18,5.07,440196160
2015/5/8,5.13,5.15,5.17,5.07,352474944
2015/5/11,5.15,5.2,5.21,5.06,545472928
2015/5/12,5.22,5.19,5.22,5.13,447072592
2015/5/13,5.21,5.16,5.24,5.14,447773344
2015/5/14,5.18,5.13,5.19,5.1,427794976
2015/5/15,5.12,5.08,5.13,5.03,459914560
2015/5/18,5.03,5,5.07,4.99,338870640
2015/5/19,4.99,5.14,5.15,4.98,485237664
2015/5/20,5.14,5.15,5.23,5.11,502261584
2015/5/21,5.15,5.2,5.24,5.14,404938272
2015/5/22,5.25,5.33,5.35,5.22,571110784
2015/5/25,5.35,5.44,5.44,5.35,507821088
2015/5/26,5.45,5.44,5.47,5.4,491049088
2015/5/27,5.45,5.37,5.46,5.32,591954960
2015/5/28,5.36,5.1,5.37,5.07,685890352
2015/5/29,5.07,5.07,5.14,5,538703280
2015/6/1,5.07,5.23,5.25,5.03,767178720
2015/6/2,5.21,5.2,5.25,5.14,519137952
2015/6/3,5.2,5.2,5.24,5.12,444807696
2015/6/4,5.2,5.34,5.38,5.13,876889792
2015/6/5,5.41,5.32,5.45,5.23,874789040
2015/6/8,5.32,5.63,5.64,5.3,1726158096
2015/6/9,5.65,5.52,5.69,5.45,1312909744
2015/6/10,5.44,5.43,5.48,5.41,745505728
2015/6/11,5.42,5.42,5.46,5.35,497674688
2015/6/12,5.43,5.44,5.44,5.37,485218880
2015/6/15,5.45,5.32,5.51,5.31,700285488
2015/6/16,5.29,5.23,5.37,5.2,533868464
2015/6/17,5.29,5.29,5.32,5.21,484857088
2015/6/18,5.26,5.11,5.26,5.07,505935440
2015/6/19,5.08,4.97,5.14,4.95,569782096
2015/6/23,5,5.18,5.2,4.98,687707904
2015/6/24,5.18,5.22,5.24,5.13,485095312
2015/6/25,5.31,5.15,5.34,5.12,537049200
2015/6/26,5.11,4.98,5.17,4.85,775787104
2015/6/29,5.04,5.07,5.1,4.7,918854160
2015/6/30,5.06,5.28,5.29,5,965041264
2015/7/1,5.2,5.14,5.24,5.11,606218096
2015/7/2,5.15,5.44,5.48,5.03,1432633808
2015/7/3,5.3,5.31,5.44,5.16,1177261296
2015/7/6,5.73,5.79,5.8,5.43,2949582304
2015/7/7,5.48,5.74,5.94,5.36,2248404400
2015/7/8,5.42,5.47,5.82,5.17,2970797104
2015/7/9,5.47,5.58,5.88,5.1,2008218224
2015/7/10,5.4,5.54,5.9,5.31,2116259104
2015/7/13,5.39,5.27,5.41,5.22,1403223264
2015/7/14,5.2,5.15,5.26,5.04,1096512640
2015/7/15,5.11,5.27,5.3,5.1,1060248976
2015/7/16,5.27,5.22,5.37,5.15,741363440
2015/7/17,5.22,5.21,5.24,5.15,551775456
2015/7/20,5.18,5.17,5.21,5.14,495904816
2015/7/21,5.15,5.15,5.19,5.11,410062304
2015/7/22,5.13,5.12,5.17,5.11,331839840
2015/7/23,5.11,5.15,5.16,5.1,378126864
2015/7/24,5.15,5.1,5.16,5.09,437818832
2015/7/27,5.06,4.82,5.1,4.76,631610816
2015/7/28,4.76,4.83,4.98,4.72,598084272
2015/7/29,4.8,4.86,4.89,4.8,377276304
2015/7/30,4.85,4.79,4.86,4.79,312166464
2015/7/31,4.77,4.83,4.86,4.74,306775168
2015/8/3,4.79,4.87,4.89,4.75,480986560
2015/8/4,4.83,4.87,4.88,4.82,255171684
2015/8/5,4.85,4.82,4.87,4.82,225129367
2015/8/6,4.79,4.81,4.85,4.78,164819724
2015/8/7,4.83,4.84,4.85,4.8,184998486
2015/8/10,4.83,4.92,4.92,4.8,434953344
2015/8/11,4.89,4.87,4.9,4.84,312398720
2015/8/12,4.83,4.8,4.84,4.79,196837900
2015/8/13,4.79,4.79,4.83,4.74,203310342
2015/8/14,4.79,4.77,4.8,4.76,167583835
2015/8/17,4.75,4.71,4.76,4.69,222751488
2015/8/18,4.71,4.63,4.74,4.63,323620240
2015/8/19,4.61,4.57,4.65,4.52,340343488
2015/8/20,4.59,4.55,4.61,4.54,226557475
2015/8/21,4.52,4.54,4.62,4.52,391604688
2015/8/24,4.48,4.1,4.48,4.09,527506400
2015/8/25,3.98,3.89,4.21,3.81,533607792
2015/8/26,3.97,4.05,4.11,3.81,596108320
2015/8/27,4.06,4.24,4.25,3.95,563720560
2015/8/28,4.22,4.23,4.27,4.16,368256320
2015/8/31,4.18,4.19,4.21,4.11,300230672
2015/9/1,4.19,4.5,4.53,4.17,1018541232
2015/9/2,4.37,4.95,4.95,4.34,1394605696
2015/9/7,4.73,4.52,4.75,4.49,648542768
2015/9/8,4.44,4.5,4.54,4.35,404199408
2015/9/9,4.45,4.5,4.53,4.42,366216688
2015/9/10,4.46,4.47,4.49,4.43,184433634
2015/9/11,4.45,4.43,4.47,4.42,128608436
2015/9/14,4.42,4.52,4.6,4.37,426149936
2015/9/15,4.47,4.54,4.58,4.44,382841472
2015/9/16,4.48,4.53,4.59,4.44,238809951
2015/9/17,4.51,4.52,4.58,4.5,214363152
2015/9/18,4.51,4.45,4.53,4.42,162282989
2015/9/21,4.42,4.42,4.44,4.36,164594616
2015/9/22,4.42,4.44,4.46,4.4,135949647
2015/9/23,4.41,4.37,4.43,4.36,110786308
2015/9/24,4.38,4.37,4.4,4.35,77556004
2015/9/25,4.36,4.45,4.47,4.35,179878957
2015/9/28,4.41,4.38,4.44,4.36,93773145
2015/9/29,4.36,4.32,4.36,4.31,93585842
2015/9/30,4.33,4.32,4.37,4.32,71715972
2015/10/8,4.4,4.38,4.42,4.37,120700712
2015/10/9,4.4,4.44,4.45,4.39,118418895
2015/10/12,4.45,4.51,4.54,4.43,186416592
2015/10/13,4.49,4.45,4.5,4.43,123003386
2015/10/14,4.43,4.43,4.45,4.41,88456676
2015/10/15,4.43,4.49,4.49,4.41,113760995
2015/10/16,4.5,4.5,4.51,4.48,137963108
2015/10/19,4.5,4.49,4.53,4.48,126978377
2015/10/20,4.48,4.5,4.51,4.47,88230181
2015/10/21,4.5,4.77,4.95,4.48,395609280
2015/10/22,4.59,4.65,4.72,4.56,260276992
2015/10/23,4.61,4.61,4.65,4.57,205449506
2015/10/26,4.63,4.62,4.64,4.59,140614465
2015/10/27,4.61,4.63,4.68,4.58,171854866
2015/10/28,4.6,4.61,4.67,4.58,177382834
2015/10/29,4.6,4.58,4.62,4.57,132176820
2015/10/30,4.58,4.57,4.6,4.56,115987539
2015/11/2,4.55,4.52,4.6,4.52,115745633
2015/11/3,4.52,4.45,4.53,4.44,137880154
2015/11/4,4.44,4.56,4.57,4.43,215693190
2015/11/5,4.53,4.64,4.72,4.52,450953520
2015/11/6,4.62,4.65,4.65,4.58,243645222
2015/11/9,4.69,4.8,4.92,4.66,524861536
2015/11/10,4.76,4.73,4.79,4.7,261928000
2015/11/11,4.71,4.7,4.72,4.66,194574316
2015/11/12,4.68,4.65,4.7,4.62,151435182
2015/11/13,4.63,4.6,4.65,4.6,132284093
2015/11/16,4.57,4.65,4.65,4.56,160922198
2015/11/17,4.65,4.67,4.71,4.63,182921046
2015/11/18,4.66,4.68,4.71,4.63,167032969
2015/11/19,4.66,4.68,4.69,4.65,116716686
2015/11/20,4.67,4.66,4.68,4.64,140072829
2015/11/23,4.66,4.65,4.66,4.61,169488380
2015/11/24,4.64,4.64,4.65,4.59,190858640
2015/11/25,4.62,4.66,4.67,4.61,193052112
2015/11/26,4.65,4.68,4.69,4.65,184004127
2015/11/27,4.66,4.58,4.68,4.54,156770859
2015/11/30,4.57,4.62,4.63,4.56,208152848
2015/12/1,4.59,4.55,4.59,4.52,189093553
2015/12/2,4.54,4.72,4.73,4.53,401160224
2015/12/3,4.68,4.86,4.91,4.65,702118896
2015/12/4,4.8,4.69,4.81,4.68,205777283
2015/12/7,4.7,4.66,4.71,4.63,125971505
2015/12/8,4.63,4.62,4.68,4.57,172415066
2015/12/9,4.61,4.66,4.67,4.6,90689996
2015/12/10,4.65,4.61,4.7,4.6,126544975
2015/12/11,4.6,4.59,4.61,4.56,111942525
2015/12/14,4.57,4.65,4.65,4.56,149183983
2015/12/15,4.64,4.6,4.65,4.59,90021442
2015/12/16,4.61,4.59,4.62,4.57,83805022
2015/12/17,4.6,4.62,4.64,4.59,92519956
2015/12/18,4.61,4.62,4.71,4.6,197836899
2015/12/21,4.6,4.69,4.71,4.59,250020948
2015/12/22,4.69,4.67,4.72,4.65,146002853
2015/12/23,4.66,4.67,4.71,4.64,236911383
2015/12/24,4.68,4.65,4.68,4.62,162346693
2015/12/25,4.65,4.65,4.66,4.64,86776633
2015/12/28,4.65,4.59,4.66,4.59,146697558
2015/12/29,4.59,4.61,4.61,4.58,124565023
2015/12/30,4.6,4.61,4.62,4.58,82408564
2015/12/31,4.6,4.58,4.61,4.58,97925207
2016/1/4,4.58,4.45,4.59,4.44,147508685
2016/1/5,4.42,4.47,4.51,4.38,160629284
2016/1/6,4.45,4.51,4.52,4.45,113177263
2016/1/7,4.49,4.43,4.5,4.42,34491508
2016/1/8,4.44,4.46,4.49,4.4,186134474
2016/1/11,4.43,4.32,4.43,4.31,164702051
2016/1/12,4.36,4.32,4.38,4.31,115754335
2016/1/13,4.35,4.3,4.35,4.29,101544385
2016/1/14,4.26,4.31,4.31,4.21,131047547
2016/1/15,4.29,4.23,4.3,4.21,101190760
2016/1/18,4.19,4.19,4.25,4.17,119484135
2016/1/19,4.19,4.25,4.27,4.18,98135774
2016/1/20,4.25,4.22,4.25,4.17,106584738
2016/1/21,4.2,4.18,4.26,4.18,84601580
2016/1/22,4.21,4.22,4.22,4.18,84696499
2016/1/25,4.22,4.23,4.25,4.2,62768998
2016/1/26,4.21,4.08,4.22,4.05,112381408
2016/1/27,4.09,4.11,4.15,4.06,152478645
2016/1/28,4.1,4.05,4.1,4.02,90199334
2016/1/29,4.04,4.1,4.12,4.03,137585643
2016/2/1,4.09,4.03,4.09,4,104028310
2016/2/2,4.02,4.05,4.07,4,92645580
2016/2/3,4.02,4.01,4.03,3.97,77935178
2016/2/4,4.02,4.02,4.04,4,73562943
2016/2/5,4.02,4.01,4.03,4,71204411
2016/2/15,3.94,3.97,3.99,3.93,58226580
2016/2/16,3.98,4.05,4.06,3.98,85327980
2016/2/17,4.04,4.04,4.06,4.02,84084658
2016/2/18,4.05,4.06,4.07,4.04,88436527
2016/2/19,4.04,4.02,4.05,4.01,94079934
2016/2/22,4.04,4.08,4.11,4.02,131720894
2016/2/23,4.08,4.05,4.08,4.03,69148356
2016/2/24,4.04,4.05,4.06,4.02,74589777
2016/2/25,4.05,4.01,4.08,4,221264453
2016/2/26,4.01,4.02,4.05,4,115826517
2016/2/29,4.01,4.03,4.04,3.89,183234157
2016/3/1,4.02,4.03,4.03,3.98,85462000
2016/3/2,4.03,4.11,4.12,4.01,208078890
2016/3/3,4.1,4.13,4.14,4.08,149768911
2016/3/4,4.12,4.31,4.33,4.09,409303280
2016/3/7,4.27,4.29,4.31,4.24,135311230
2016/3/8,4.26,4.33,4.34,4.21,169417154
2016/3/9,4.28,4.41,4.42,4.26,188468201
2016/3/10,4.36,4.32,4.38,4.32,105044132
2016/3/11,4.3,4.34,4.34,4.26,100313485
2016/3/14,4.34,4.3,4.34,4.29,199920794
2016/3/15,4.29,4.26,4.29,4.22,155203345
2016/3/16,4.24,4.32,4.35,4.23,290465136
2016/3/17,4.3,4.29,4.31,4.26,156098379
2016/3/18,4.3,4.3,4.3,4.24,165222463
2016/3/21,4.3,4.31,4.34,4.28,135307955
2016/3/22,4.31,4.29,4.33,4.28,96265666
2016/3/23,4.3,4.3,4.33,4.28,98446751
2016/3/24,4.3,4.26,4.31,4.25,73796490
2016/3/25,4.26,4.28,4.28,4.25,37351400
2016/3/28,4.27,4.3,4.3,4.25,76782196
2016/3/29,4.28,4.25,4.3,4.25,85868439
2016/3/30,4.24,4.32,4.33,4.24,142674879
2016/3/31,4.31,4.29,4.33,4.28,91863121
2016/4/1,4.29,4.3,4.31,4.26,92120439
2016/4/5,4.3,4.32,4.33,4.28,100099566
2016/4/6,4.3,4.29,4.31,4.28,70570722
2016/4/7,4.3,4.26,4.3,4.26,74637985
2016/4/8,4.25,4.26,4.29,4.25,46683454
2016/4/11,4.26,4.29,4.31,4.26,67374407
2016/4/12,4.29,4.28,4.3,4.28,48195029
2016/4/13,4.29,4.32,4.34,4.29,153412951
2016/4/14,4.33,4.31,4.33,4.31,44085883
2016/4/15,4.33,4.3,4.33,4.29,68158357
2016/4/18,4.29,4.29,4.3,4.26,93235807
2016/4/19,4.29,4.29,4.3,4.27,41791422
2016/4/20,4.29,4.29,4.29,4.22,144911727
2016/4/21,4.26,4.3,4.31,4.25,80991192
2016/4/22,4.28,4.28,4.3,4.27,57375276
2016/4/25,4.27,4.27,4.28,4.25,44559176
2016/4/26,4.27,4.28,4.29,4.26,49455325
2016/4/27,4.28,4.28,4.28,4.26,31701532
2016/4/28,4.28,4.28,4.28,4.25,50901269
2016/4/29,4.27,4.26,4.27,4.25,46049086
2016/5/3,4.26,4.28,4.29,4.24,75971478
2016/5/4,4.27,4.27,4.28,4.26,40369142
2016/5/5,4.27,4.28,4.28,4.26,45022080
2016/5/6,4.28,4.24,4.28,4.23,71657233
2016/5/9,4.23,4.17,4.24,4.16,71439800
2016/5/10,4.16,4.16,4.18,4.14,59931469
2016/5/11,4.17,4.19,4.21,4.15,65089697
2016/5/12,4.17,4.18,4.2,4.15,53021658
2016/5/13,4.18,4.22,4.23,4.17,77867887
2016/5/16,4.2,4.25,4.26,4.2,58012956
2016/5/17,4.24,4.25,4.26,4.23,40929431
2016/5/18,4.25,4.24,4.25,4.18,58526023
2016/5/19,4.23,4.24,4.26,4.22,52750006
2016/5/20,4.24,4.25,4.26,4.24,43407775
2016/5/23,4.26,4.26,4.28,4.25,43113503
2016/5/24,4.27,4.26,4.27,4.24,48488885
2016/5/25,4.27,4.26,4.28,4.26,24523733
2016/5/26,4.26,4.28,4.28,4.26,44247309
2016/5/27,4.27,4.29,4.29,4.26,32224893
2016/5/30,4.29,4.3,4.31,4.27,84516663
2016/5/31,4.29,4.36,4.37,4.29,104740402
2016/6/1,4.36,4.34,4.36,4.32,63441751
2016/6/2,4.34,4.34,4.35,4.33,29648778
2016/6/3,4.35,4.37,4.37,4.32,48206398
2016/6/6,4.36,4.38,4.39,4.35,59276484
2016/6/7,4.38,4.4,4.42,4.37,58853493
2016/6/8,4.41,4.39,4.41,4.36,57889772
2016/6/13,4.37,4.37,4.4,4.36,66550532
2016/6/14,4.35,4.4,4.42,4.35,69583009
2016/6/15,4.39,4.39,4.41,4.37,64010809
2016/6/16,4.37,4.37,4.38,4.35,39889730
2016/6/17,4.37,4.37,4.4,4.36,37494345
2016/6/20,4.39,4.39,4.4,4.37,36431977
2016/6/21,4.4,4.41,4.41,4.38,35358922
2016/6/22,4.4,4.44,4.46,4.39,56411629
2016/6/23,4.44,4.44,4.46,4.43,25477847
2016/6/24,4.44,4.4,4.46,4.36,44452637
2016/6/27,4.39,4.42,4.42,4.39,31933930
2016/6/28,4.41,4.42,4.43,4.36,64395143
2016/6/29,4.41,4.42,4.43,4.39,53792231
2016/6/30,4.42,4.44,4.45,4.4,44120661
2016/7/1,4.45,4.47,4.49,4.44,53452780
2016/7/4,4.47,4.54,4.55,4.47,64872069
2016/7/5,4.54,4.55,4.57,4.51,67474926
2016/7/6,4.54,4.56,4.56,4.49,67726987
2016/7/7,4.55,4.59,4.6,4.53,111989706
2016/7/8,4.35,4.29,4.35,4.27,115400788
2016/7/11,4.28,4.27,4.31,4.26,75103755
2016/7/12,4.27,4.34,4.35,4.26,141273663
2016/7/13,4.33,4.35,4.37,4.3,136168870
2016/7/14,4.35,4.31,4.35,4.3,57044041
2016/7/15,4.31,4.32,4.33,4.3,55305234
2016/7/18,4.31,4.34,4.35,4.31,58448115
2016/7/19,4.34,4.3,4.35,4.29,83653833
2016/7/20,4.3,4.28,4.31,4.27,52772357
2016/7/21,4.28,4.28,4.3,4.26,74667293
2016/7/22,4.28,4.28,4.29,4.24,70445357
2016/7/25,4.26,4.29,4.3,4.26,66019787
2016/7/26,4.29,4.31,4.32,4.27,59875814
2016/7/27,4.31,4.31,4.32,4.24,104570068
2016/7/28,4.3,4.29,4.31,4.28,57911779
2016/7/29,4.29,4.3,4.3,4.28,35004529
2016/8/1,4.3,4.33,4.33,4.29,73572877
2016/8/2,4.32,4.34,4.34,4.31,45228648
2016/8/3,4.33,4.33,4.34,4.32,67941362
2016/8/4,4.32,4.33,4.33,4.31,52886153
2016/8/5,4.31,4.33,4.33,4.3,58463993
2016/8/8,4.32,4.34,4.35,4.32,47988242
2016/8/9,4.33,4.37,4.37,4.33,90851724
2016/8/10,4.37,4.38,4.39,4.35,66893288
2016/8/11,4.38,4.42,4.47,4.38,127544975
2016/8/12,4.42,4.5,4.51,4.4,139550563
2016/8/15,4.51,4.58,4.61,4.48,190796136
2016/8/16,4.59,4.44,4.59,4.39,379202624
2016/8/17,4.43,4.44,4.45,4.41,111953777
2016/8/18,4.43,4.43,4.46,4.41,120802807
2016/8/19,4.44,4.44,4.44,4.41,77286861
2016/8/22,4.43,4.47,4.49,4.43,120534917
2016/8/23,4.47,4.52,4.53,4.46,140575529
2016/8/24,4.52,4.52,4.53,4.5,97280725
2016/8/25,4.51,4.52,4.53,4.48,127172549
2016/8/26,4.52,4.5,4.52,4.49,66375925
2016/8/29,4.49,4.49,4.5,4.43,85397545
2016/8/30,4.48,4.51,4.51,4.47,73462568
2016/8/31,4.5,4.53,4.53,4.49,62221953
2016/9/1,4.52,4.52,4.54,4.5,55451775
2016/9/2,4.51,4.53,4.54,4.51,74471958
2016/9/5,4.52,4.53,4.55,4.5,85903781
2016/9/6,4.52,4.46,4.55,4.44,202747495
2016/9/7,4.47,4.48,4.49,4.46,94756451
2016/9/8,4.46,4.49,4.49,4.46,66651637
2016/9/9,4.48,4.48,4.49,4.47,51363680
2016/9/12,4.45,4.45,4.46,4.42,112496998
2016/9/13,4.45,4.43,4.45,4.42,59140534
2016/9/14,4.42,4.37,4.43,4.35,77542821
2016/9/19,4.37,4.4,4.41,4.36,50569217
2016/9/20,4.4,4.4,4.4,4.38,44893767
2016/9/21,4.39,4.41,4.42,4.37,64520861
2016/9/22,4.42,4.44,4.45,4.41,75787325
2016/9/23,4.44,4.44,4.46,4.43,52577108
2016/9/26,4.44,4.41,4.45,4.41,69287712
2016/9/27,4.41,4.44,4.45,4.39,45716057
2016/9/28,4.44,4.43,4.44,4.42,29460797
2016/9/29,4.43,4.44,4.44,4.42,42713318
2016/9/30,4.43,4.43,4.44,4.42,26057004
2016/10/10,4.43,4.46,4.46,4.43,78484966
2016/10/11,4.46,4.45,4.46,4.44,55342680
2016/10/12,4.44,4.43,4.45,4.42,59244398
2016/10/13,4.43,4.42,4.44,4.41,47888441
2016/10/14,4.41,4.42,4.43,4.39,67662149
2016/10/17,4.41,4.38,4.42,4.36,60322226
2016/10/18,4.37,4.41,4.41,4.37,60521378
2016/10/19,4.41,4.41,4.43,4.39,53880138
2016/10/20,4.41,4.39,4.41,4.38,50365908
2016/10/21,4.39,4.41,4.41,4.38,33583795
2016/10/24,4.4,4.43,4.45,4.39,147965394
2016/10/25,4.43,4.45,4.45,4.42,82503339
2016/10/26,4.44,4.42,4.44,4.41,81485905
2016/10/27,4.41,4.42,4.42,4.39,62037326
2016/10/28,4.41,4.44,4.45,4.4,81003113
2016/10/31,4.42,4.43,4.44,4.4,67620002
2016/11/1,4.42,4.44,4.44,4.41,60044424
2016/11/2,4.42,4.42,4.43,4.4,56576605
2016/11/3,4.42,4.42,4.43,4.4,59317374
2016/11/4,4.42,4.41,4.42,4.39,92834063
2016/11/7,4.4,4.41,4.41,4.39,57769848
2016/11/8,4.4,4.44,4.45,4.4,169272738
2016/11/9,4.42,4.4,4.43,4.38,127193116
2016/11/10,4.42,4.43,4.43,4.41,73081234
2016/11/11,4.42,4.41,4.43,4.36,192367518
2016/11/14,4.4,4.4,4.41,4.39,190875086
2016/11/15,4.4,4.4,4.4,4.39,74971347
2016/11/16,4.4,4.4,4.4,4.39,69330906
2016/11/17,4.39,4.39,4.4,4.38,53452620
2016/11/18,4.39,4.39,4.4,4.38,56792920
2016/11/21,4.39,4.42,4.42,4.39,125320308
2016/11/22,4.41,4.43,4.44,4.41,240278889
2016/11/23,4.42,4.45,4.47,4.41,230905200
2016/11/24,4.44,4.44,4.45,4.43,99859805
2016/11/25,4.43,4.5,4.5,4.43,205461301
2016/11/28,4.5,4.55,4.56,4.5,242278688
2016/11/29,4.55,4.57,4.57,4.53,146817838
2016/11/30,4.56,4.52,4.56,4.5,121384447
2016/12/1,4.52,4.52,4.55,4.5,109041099
2016/12/2,4.51,4.52,4.54,4.47,175955035
2016/12/5,4.5,4.56,4.57,4.49,182637021
2016/12/6,4.55,4.54,4.58,4.54,108282724
2016/12/7,4.54,4.53,4.56,4.52,68071144
2016/12/8,4.54,4.54,4.55,4.51,85539288
2016/12/9,4.54,4.59,4.62,4.53,243020568
2016/12/12,4.59,4.63,4.67,4.57,267941471
2016/12/13,4.6,4.56,4.61,4.55,117361944
2016/12/14,4.56,4.57,4.6,4.56,74006731
2016/12/15,4.56,4.46,4.57,4.44,125354573
2016/12/16,4.45,4.43,4.46,4.41,106381972
2016/12/19,4.43,4.44,4.45,4.41,49766289
2016/12/20,4.44,4.41,4.45,4.37,102928182
2016/12/21,4.39,4.42,4.43,4.39,73573845
2016/12/22,4.42,4.4,4.43,4.39,60826555
2016/12/23,4.4,4.4,4.41,4.38,60063435
2016/12/26,4.38,4.41,4.41,4.35,89013884
2016/12/27,4.39,4.39,4.41,4.38,48688669
2016/12/28,4.39,4.37,4.39,4.35,92805354
2016/12/29,4.36,4.38,4.39,4.36,79000475
2016/12/30,4.38,4.41,4.41,4.37,87610736
2017/1/3,4.4,4.43,4.43,4.39,104161632
2017/1/4,4.42,4.43,4.44,4.41,118923425
2017/1/5,4.43,4.44,4.45,4.42,87356137
2017/1/6,4.44,4.44,4.45,4.43,87008191
2017/1/9,4.45,4.46,4.48,4.43,117454094
2017/1/10,4.45,4.46,4.47,4.44,63663257
2017/1/11,4.46,4.47,4.48,4.45,52395427
2017/1/12,4.46,4.47,4.47,4.44,62166279
2017/1/13,4.45,4.49,4.49,4.44,93851289
2017/1/16,4.47,4.55,4.58,4.44,302311392
2017/1/17,4.52,4.53,4.54,4.51,90022291
2017/1/18,4.52,4.53,4.54,4.51,68290432
2017/1/19,4.53,4.53,4.56,4.5,110598840
2017/1/20,4.52,4.52,4.53,4.5,67870182
2017/1/23,4.52,4.53,4.53,4.51,77011069
2017/1/24,4.52,4.55,4.57,4.52,117283449
2017/1/25,4.55,4.56,4.57,4.53,68255713
2017/1/26,4.56,4.6,4.6,4.56,84502233
2017/2/3,4.59,4.56,4.6,4.55,53137727
2017/2/6,4.57,4.56,4.57,4.54,55128293
2017/2/7,4.55,4.55,4.56,4.54,68414436
2017/2/8,4.55,4.56,4.56,4.51,55511309
2017/2/9,4.55,4.57,4.57,4.54,65501269
2017/2/10,4.57,4.59,4.59,4.56,59720167
2017/2/13,4.59,4.62,4.63,4.58,93998902
2017/2/14,4.62,4.62,4.64,4.61,80645823
2017/2/15,4.62,4.68,4.69,4.62,156678868
2017/2/16,4.68,4.68,4.72,4.66,103172534
2017/2/17,4.7,4.64,4.7,4.62,95376937
2017/2/20,4.63,4.67,4.71,4.63,155702505
2017/2/21,4.68,4.68,4.71,4.66,90739831
2017/2/22,4.68,4.7,4.7,4.67,60973525
2017/2/23,4.7,4.71,4.72,4.69,61309086
2017/2/24,4.7,4.7,4.7,4.68,54287246
2017/2/27,4.68,4.69,4.7,4.67,58505320
2017/2/28,4.68,4.69,4.7,4.67,49814935
2017/3/1,4.68,4.68,4.71,4.65,93299143
2017/3/2,4.68,4.67,4.69,4.67,50636315
2017/3/3,4.66,4.65,4.68,4.65,42939726
2017/3/6,4.64,4.64,4.68,4.63,95469655
2017/3/7,4.64,4.68,4.68,4.63,85552347
2017/3/8,4.66,4.69,4.7,4.66,63630200
2017/3/9,4.68,4.7,4.72,4.67,128547007
2017/3/10,4.7,4.71,4.71,4.68,52331446
2017/3/13,4.7,4.73,4.73,4.68,67420857
2017/3/14,4.72,4.76,4.77,4.72,69701533
2017/3/15,4.76,4.75,4.76,4.71,58352533
2017/3/16,4.74,4.7,4.75,4.69,118257619
2017/3/17,4.71,4.69,4.72,4.67,81224950
2017/3/20,4.7,4.71,4.73,4.69,83580778
2017/3/21,4.7,4.71,4.72,4.69,57111312
2017/3/22,4.71,4.66,4.71,4.65,112956144
2017/3/23,4.67,4.67,4.69,4.65,89150340
2017/3/24,4.67,4.69,4.69,4.63,96980598
2017/3/27,4.67,4.75,4.76,4.66,157533741
2017/3/28,4.75,4.75,4.76,4.72,76414039
2017/3/29,4.74,4.78,4.78,4.73,98222012
2017/3/30,4.77,4.81,4.83,4.73,127671435
2017/3/31,4.78,4.84,4.88,4.77,130354357
2017/4/5,4.84,4.85,4.86,4.81,109486990
2017/4/6,4.85,4.83,4.86,4.8,62979558
2017/4/7,4.82,4.86,4.87,4.81,89335104
2017/4/10,4.86,4.83,4.87,4.81,58855666
2017/4/11,4.81,4.8,4.83,4.78,81013654
2017/4/12,4.79,4.85,4.88,4.78,113810215
2017/4/13,4.84,4.81,4.84,4.79,79977033
2017/4/14,4.8,4.81,4.82,4.78,45011667
2017/4/17,4.79,4.83,4.83,4.75,112989883
2017/4/18,4.8,4.79,4.81,4.77,61091798
2017/4/19,4.77,4.74,4.79,4.73,89715577
2017/4/20,4.73,4.73,4.77,4.72,64197339
2017/4/21,4.73,4.81,4.83,4.72,125002644
2017/4/24,4.79,4.82,4.84,4.78,92729293
2017/4/25,4.82,4.81,4.83,4.8,63745827
2017/4/26,4.82,4.87,4.87,4.81,85523283
2017/4/27,4.86,4.88,4.88,4.83,103045540
2017/4/28,4.87,4.88,4.88,4.83,66062290
2017/5/2,4.86,4.82,4.87,4.82,42386657
2017/5/3,4.82,4.81,4.83,4.79,76817862
2017/5/4,4.8,4.81,4.82,4.78,71789608
2017/5/5,4.79,4.86,4.87,4.78,125587515
2017/5/8,4.83,4.9,4.9,4.82,141458489
2017/5/9,4.87,4.87,4.91,4.86,77237372
2017/5/10,4.86,4.9,4.91,4.86,92043116
2017/5/11,4.9,4.93,4.96,4.9,106264449
2017/5/12,4.92,5.06,5.06,4.91,165151106
2017/5/15,5.05,5.1,5.12,5.01,155419012
2017/5/16,5.08,5,5.08,4.97,149869732
2017/5/17,4.99,4.96,5,4.94,118255241
2017/5/18,4.94,5,5.02,4.93,70772200
2017/5/19,5,4.98,5.01,4.97,44994834
2017/5/22,4.96,5.03,5.05,4.96,100114561
2017/5/23,5.03,5.1,5.12,5.02,137390290
2017/5/24,5.1,5.11,5.13,5.05,95807853
2017/5/25,5.11,5.16,5.3,5.09,251275643
2017/5/26,5.13,5.23,5.25,5.13,112049688
2017/5/31,5.21,5.25,5.29,5.18,117707354
2017/6/1,5.24,5.31,5.32,5.22,114488351
2017/6/2,5.31,5.3,5.4,5.27,120950101
2017/6/5,5.28,5.14,5.28,5.1,312940448
2017/6/6,5.12,5.14,5.15,5.1,110425338
2017/6/7,5.13,5.16,5.21,5.12,162508706
2017/6/8,5.15,5.16,5.18,5.12,142465432
2017/6/9,5.16,5.16,5.23,5.14,231780237
2017/6/12,5.16,5.15,5.19,5.13,160685574
2017/6/13,5.15,5.15,5.17,5.12,93243486
2017/6/14,5.14,5.15,5.16,5.12,73448903
2017/6/15,5.14,5.05,5.15,5.03,197601299
2017/6/16,5.04,5.04,5.06,5,138772483
2017/6/19,5.04,5,5.06,4.99,205078202
2017/6/20,5,5.04,5.06,4.98,196928148
2017/6/21,5.05,5.05,5.06,5.01,114963498
2017/6/22,5.05,5.1,5.18,5.04,312153824
2017/6/23,5.1,5.14,5.15,5.06,163591643
2017/6/26,5.13,5.11,5.24,5.07,302039264
2017/6/27,5.1,5.09,5.12,5.06,210133173
2017/6/28,5.09,5.07,5.15,5.06,245079211
2017/6/29,5.09,5.18,5.19,5.08,181493451
2017/6/30,5.16,5.25,5.25,5.14,204193364
2017/7/3,5.24,5.24,5.27,5.22,99661565
2017/7/4,5.24,5.25,5.28,5.18,135732005
2017/7/5,5.24,5.23,5.25,5.2,104258199
2017/7/6,5.21,5.23,5.26,5.21,107456856
2017/7/7,5.23,5.21,5.23,5.19,162110054
2017/7/10,5.21,5.23,5.24,5.18,139879018
2017/7/11,5,5.06,5.08,4.97,248928284
2017/7/12,5.06,5.08,5.15,5.05,219835288
2017/7/13,5.1,5.16,5.19,5.09,210364710
2017/7/14,5.17,5.17,5.19,5.14,91906757
2017/7/17,5.19,5.34,5.37,5.17,317888288
2017/7/18,5.29,5.28,5.38,5.25,184737254
2017/7/19,5.27,5.27,5.35,5.23,240727881
2017/7/20,5.27,5.29,5.3,5.22,175480490
2017/7/21,5.28,5.33,5.36,5.27,126338183
2017/7/24,5.32,5.39,5.44,5.32,171122778
2017/7/25,5.4,5.48,5.58,5.4,244455684
2017/7/26,5.48,5.6,5.66,5.46,224449400
2017/7/27,5.57,5.53,5.59,5.48,182652326
2017/7/28,5.51,5.55,5.6,5.42,147287262
2017/7/31,5.53,5.51,5.59,5.5,122622128
2017/8/1,5.51,5.56,5.56,5.51,139179506
2017/8/2,5.56,5.7,5.7,5.55,220963054
2017/8/3,5.7,5.66,5.78,5.61,160567260
2017/8/4,5.63,5.67,5.68,5.61,113675380
2017/8/7,5.64,5.66,5.68,5.56,110553683
2017/8/8,5.63,5.68,5.71,5.56,118299803
2017/8/9,5.65,5.54,5.67,5.52,138563730
2017/8/10,5.54,5.52,5.57,5.43,155640428
2017/8/11,5.46,5.55,5.57,5.39,222530160
2017/8/14,5.5,5.49,5.55,5.44,146266383
2017/8/15,5.49,5.61,5.7,5.49,260186392
2017/8/16,5.61,5.63,5.7,5.55,145172010
2017/8/17,5.63,5.62,5.66,5.58,60567130
2017/8/18,5.59,5.62,5.66,5.55,91504708
2017/8/21,5.59,5.63,5.65,5.56,74464483
2017/8/22,5.62,5.69,5.7,5.6,86319066
2017/8/23,5.68,5.85,5.86,5.67,202140259
2017/8/24,5.88,5.92,5.95,5.83,148216336
2017/8/25,5.9,6.16,6.18,5.9,271353312
2017/8/28,6.14,6.05,6.18,6,350736224
2017/8/29,6.03,6.08,6.08,5.98,171271879
2017/8/30,6.08,5.97,6.11,5.89,262925061
2017/8/31,5.95,5.9,5.98,5.84,253155276
2017/9/1,5.86,5.79,5.92,5.76,339965744
2017/9/4,5.77,5.88,5.89,5.76,211666394
2017/9/5,5.87,5.95,6,5.86,233924165
2017/9/6,5.93,5.9,5.97,5.88,123343230
2017/9/7,5.9,5.88,5.91,5.84,115894472
2017/9/8,5.87,5.9,5.94,5.85,108732818
2017/9/11,5.92,5.89,5.98,5.88,175642889
2017/9/12,5.88,5.93,5.94,5.83,144631718
2017/9/13,5.91,5.93,5.96,5.9,121844498
2017/9/14,5.92,5.88,5.97,5.86,176281176
2017/9/15,5.86,5.77,5.86,5.75,202403542
2017/9/18,5.8,5.76,5.81,5.73,127689033
2017/9/19,5.75,5.78,5.79,5.67,212680945
2017/9/20,5.75,5.79,5.81,5.72,120030200
2017/9/21,5.78,5.95,5.96,5.77,239030148
2017/9/22,5.94,5.98,6.05,5.93,175178547
2017/9/25,5.95,6.11,6.14,5.95,208888584
2017/9/26,6.09,6.07,6.13,6.07,129564418
2017/9/27,6.05,6.02,6.06,5.98,170251744
2017/9/28,6,6.05,6.06,5.95,140886800
2017/9/29,6.04,6,6.06,5.96,137529592
2017/10/9,6.27,6.1,6.33,6.02,414399184
2017/10/10,6.09,6.14,6.19,5.99,316079888
2017/10/11,6.11,6.2,6.24,6.11,196126953
2017/10/12,6.18,6.21,6.24,6.17,129540549
2017/10/13,6.2,6.14,6.22,6.13,153843698
2017/10/16,6.12,6.21,6.22,6.1,179952145
2017/10/17,6.19,6.15,6.22,6.14,145514380
2017/10/18,6.17,6.28,6.29,6.13,259896911
2017/10/19,6.25,6.34,6.4,6.24,225511382
2017/10/20,6.32,6.24,6.33,6.23,144158795
2017/10/23,6.24,6.19,6.29,6.17,154687848
2017/10/24,6.19,6.23,6.25,6.18,156380629
2017/10/25,6.21,6.16,6.23,6.13,165866636
2017/10/26,6.14,6.05,6.15,6.04,364883200
2017/10/27,6.05,6.19,6.26,6.02,456396464
2017/10/30,6.18,6.25,6.28,6.15,263233902
2017/10/31,6.24,6.1,6.25,6.09,202807487
2017/11/1,6.11,6.09,6.13,6.06,209096869
2017/11/2,6.09,6.09,6.1,5.99,204958070
2017/11/3,6.07,6.1,6.11,6.01,210266136
2017/11/6,6.06,6.05,6.08,6,159651203
2017/11/7,6.03,6.07,6.1,6,342152976
2017/11/8,6.06,6.04,6.09,6,310705360
2017/11/9,6.02,5.94,6.03,5.94,271419872
2017/11/10,5.95,5.82,5.95,5.81,418466272
2017/11/13,5.84,5.96,5.98,5.83,406579568
2017/11/14,5.96,5.91,5.98,5.88,191109921
2017/11/15,5.88,5.91,5.95,5.86,169395753
2017/11/16,5.89,5.85,5.91,5.82,214623274
2017/11/17,5.86,6.03,6.04,5.86,409505360
2017/11/20,6.01,6.11,6.14,5.98,379993824
2017/11/21,6.08,6.12,6.17,6.04,417291216
2017/11/22,6.14,6.23,6.29,6.14,431869600
2017/11/23,6.23,6.12,6.31,6.06,372566384
2017/11/24,6.11,6.07,6.13,5.98,306449136
2017/11/27,6.04,5.98,6.04,5.92,332282336
2017/11/28,5.95,5.92,5.97,5.89,199104727
2017/11/29,5.94,5.92,5.99,5.88,185199903
2017/11/30,5.92,5.92,5.93,5.87,164818756
2017/12/1,5.91,5.89,5.91,5.86,163447622
2017/12/4,5.87,5.89,5.92,5.84,148633125
2017/12/5,5.89,6,6.04,5.87,364860384
2017/12/6,5.98,5.97,6,5.91,205195359
2017/12/7,5.94,5.9,5.96,5.85,164665992
2017/12/8,5.88,5.88,5.9,5.86,155417340
2017/12/11,5.88,5.89,5.89,5.82,175362071
2017/12/12,5.88,5.84,5.89,5.83,122770430
2017/12/13,5.85,5.9,5.91,5.81,166940195
2017/12/14,5.9,5.89,5.97,5.88,146937837
2017/12/15,5.88,5.85,5.89,5.83,116848154
2017/12/18,5.86,5.92,5.92,5.85,167000651
2017/12/19,5.9,5.98,6,5.89,272821568
2017/12/20,5.99,5.97,6.03,5.94,190041016
2017/12/21,5.97,5.96,5.99,5.94,146581853
2017/12/22,5.97,5.92,5.98,5.92,118660402
2017/12/25,5.93,6,6.03,5.93,239636448
2017/12/26,6,6.08,6.1,5.98,216532909
2017/12/27,6.09,6.05,6.15,6.02,215140064
2017/12/28,6.03,6.14,6.14,6.02,210088644
2017/12/29,6.13,6.2,6.22,6.12,216899773
2018/1/2,6.19,6.18,6.39,6.11,537466208
2018/1/3,6.18,6.16,6.32,6.12,349361120
2018/1/4,6.18,6.07,6.18,6.06,435136528
2018/1/5,6.09,6.08,6.11,6.06,281784272
2018/1/8,6.09,6.07,6.1,6.04,218487604
2018/1/9,6.07,6.09,6.11,6.04,167185706
2018/1/10,6.08,6.16,6.19,6.06,248738958
2018/1/11,6.18,6.21,6.24,6.14,197047306
2018/1/12,6.2,6.25,6.3,6.2,218851799
2018/1/15,6.24,6.43,6.48,6.24,530209504
2018/1/16,6.43,6.59,6.59,6.38,382065312
2018/1/17,6.64,6.72,6.99,6.64,588536576
2018/1/18,6.75,7.13,7.15,6.75,586990944
2018/1/19,7.14,7.12,7.2,6.98,436655040
2018/1/22,7.04,7.17,7.35,7.01,469122144
2018/1/23,7.15,7.49,7.53,7.11,603055104
2018/1/24,7.49,7.4,7.66,7.3,500350784
2018/1/25,7.33,7.35,7.42,7.13,387539360
2018/1/26,7.29,7.37,7.55,7.27,422149824
2018/1/29,7.37,7.43,7.69,7.36,369534176
2018/1/30,7.4,7.28,7.42,7.21,246540367
2018/1/31,7.28,7.48,7.5,7.21,376775936
2018/2/1,7.44,7.68,7.7,7.42,456814016
2018/2/2,7.6,7.6,7.67,7.44,332259952
2018/2/5,7.48,7.75,7.77,7.46,408018976
2018/2/6,7.59,7.57,7.65,7.4,679577168
2018/2/7,7.57,7.13,7.67,7,636981744
2018/2/8,7.05,6.82,7.08,6.69,540920384
2018/2/9,6.58,6.68,6.72,6.43,604381152
2018/2/12,6.64,6.61,6.71,6.52,354442240
2018/2/13,6.66,6.8,6.88,6.64,423909456
2018/2/14,6.79,6.88,6.9,6.73,180573419
2018/2/22,7.03,7,7.08,6.96,254663105
2018/2/23,7.03,7.01,7.04,6.93,189504305
2018/2/26,7.06,7.02,7.17,6.94,280449648
2018/2/27,7,6.79,7.03,6.71,343745392
2018/2/28,6.71,6.67,6.77,6.63,241387193
2018/3/1,6.63,6.69,6.76,6.59,190484606
2018/3/2,6.61,6.68,6.72,6.58,163677350
2018/3/5,6.67,6.62,6.72,6.53,205288778
2018/3/6,6.65,6.55,6.68,6.48,438606704
2018/3/7,6.59,6.63,6.73,6.58,393342640
2018/3/8,6.65,6.55,6.67,6.52,230681757
2018/3/9,6.58,6.55,6.61,6.53,184256134
2018/3/12,6.6,6.48,6.62,6.45,441545632
2018/3/13,6.49,6.5,6.58,6.48,293714912
2018/3/14,6.46,6.44,6.5,6.4,193481484
2018/3/15,6.41,6.46,6.47,6.4,151961987
2018/3/16,6.46,6.36,6.46,6.35,164228337
2018/3/19,6.34,6.4,6.41,6.3,150419962
2018/3/20,6.35,6.53,6.54,6.34,251477273
2018/3/21,6.55,6.49,6.58,6.43,233360795
2018/3/22,6.49,6.47,6.49,6.36,196105509
2018/3/23,6.34,6.3,6.35,6.15,354471296
2018/3/26,6.23,6.02,6.28,5.95,400732848
2018/3/27,6.09,5.98,6.13,5.92,370126496
2018/3/28,5.92,5.98,6.1,5.9,376239184
2018/3/29,6,6.09,6.24,5.92,470474064
2018/3/30,6.1,6.09,6.15,6.06,236558957
2018/4/2,6.08,5.96,6.12,5.93,300590848
2018/4/3,5.9,5.88,5.94,5.84,234076753
2018/4/4,5.9,5.87,5.94,5.84,194517020
2018/4/9,5.88,5.86,5.91,5.85,158489870
2018/4/10,5.86,6.12,6.13,5.85,327488896
2018/4/11,6.12,6.24,6.3,6.11,338600352
2018/4/12,6.22,6.08,6.23,6.05,207472666
2018/4/13,6.13,6.03,6.15,6,171656102
2018/4/16,6,5.82,6,5.78,392606000
2018/4/17,5.82,5.79,5.86,5.75,197605937
2018/4/18,5.87,5.88,5.92,5.81,313149168
2018/4/19,5.88,5.92,5.98,5.88,214368492
2018/4/20,5.9,5.92,5.94,5.82,191946347
2018/4/23,5.87,6.02,6.05,5.86,237981113
2018/4/24,6.04,6.08,6.23,6,534301744
2018/4/25,6.03,5.99,6.05,5.95,208518195
2018/4/26,5.99,5.95,6,5.89,205401705
2018/4/27,5.95,6,6.03,5.89,219741616
2018/5/2,6.06,5.98,6.09,5.96,171828553
2018/5/3,5.98,5.95,6.01,5.91,149765571
2018/5/4,5.93,5.91,5.96,5.89,131596952
2018/5/7,5.91,5.95,5.96,5.85,191685190
2018/5/8,5.95,5.98,6.08,5.91,322841984
2018/5/9,5.99,5.99,6,5.94,146117186
2018/5/10,6.01,6,6.04,5.95,152542817
2018/5/11,6.01,6.07,6.1,5.99,278778992
2018/5/14,6.09,6.07,6.15,6.03,249877029
2018/5/15,6.08,6.09,6.14,6.05,204386692
2018/5/16,6.07,6,6.07,5.98,160206385
2018/5/17,6.01,5.97,6.01,5.94,140092333
2018/5/18,5.95,6.05,6.06,5.93,144238735
2018/5/21,6.08,6.03,6.08,5.99,213408051
2018/5/22,6.01,5.97,6.02,5.94,185143586
2018/5/23,5.95,5.85,5.96,5.85,253164113
2018/5/24,5.86,5.77,5.88,5.76,237514453
2018/5/25,5.76,5.78,5.8,5.74,179828777
2018/5/28,5.76,5.76,5.79,5.73,137607925
2018/5/29,5.75,5.74,5.76,5.62,301485088
2018/5/30,5.65,5.63,5.7,5.62,146140094
2018/5/31,5.66,5.66,5.68,5.61,189198338
2018/6/1,5.64,5.64,5.7,5.61,175036189
2018/6/4,5.66,5.7,5.72,5.64,204134085
2018/6/5,5.71,5.7,5.73,5.66,146872294
2018/6/6,5.69,5.65,5.69,5.65,128001688
2018/6/7,5.67,5.69,5.72,5.65,163473541
2018/6/8,5.67,5.58,5.68,5.57,201945561
2018/6/11,5.57,5.58,5.6,5.52,122875173
2018/6/12,5.58,5.6,5.61,5.55,116679996
2018/6/13,5.58,5.58,5.59,5.53,136399827
2018/6/14,5.54,5.62,5.65,5.54,140344973
2018/6/15,5.61,5.7,5.73,5.6,279378400
2018/6/19,5.66,5.74,5.76,5.61,473659904
2018/6/20,5.7,5.69,5.72,5.65,136534786
2018/6/21,5.69,5.68,5.73,5.66,139483671
2018/6/22,5.65,5.67,5.68,5.63,124900386
2018/6/25,5.69,5.54,5.71,5.52,171688498
2018/6/26,5.51,5.42,5.51,5.36,201327306
2018/6/27,5.4,5.31,5.41,5.28,193648758
2018/6/28,5.28,5.2,5.29,5.18,158760044
2018/6/29,5.22,5.32,5.33,5.22,130348533
2018/7/2,5.3,5.08,5.3,5.05,181553080
2018/7/3,5.09,5.14,5.14,5.05,221033975
2018/7/4,5.13,5.16,5.2,5.11,123614502
2018/7/5,5.17,5.23,5.29,5.16,186518348
2018/7/6,5.23,5.29,5.34,5.18,192544372
2018/7/9,5.31,5.53,5.54,5.31,215545827
2018/7/10,5.56,5.52,5.57,5.46,128990044
2018/7/11,5.41,5.48,5.52,5.39,152044861
2018/7/12,5.47,5.66,5.67,5.46,213462270
2018/7/13,5.45,5.36,5.46,5.34,145876976
2018/7/16,5.33,5.23,5.35,5.21,173692520
2018/7/17,5.23,5.23,5.24,5.17,101846779
2018/7/18,5.24,5.23,5.32,5.23,96369558
2018/7/19,5.24,5.17,5.25,5.14,108648158
2018/7/20,5.16,5.47,5.51,5.13,358529440
2018/7/23,5.48,5.6,5.71,5.43,392449040
2018/7/24,5.62,5.61,5.73,5.58,263334277
2018/7/25,5.61,5.62,5.64,5.55,190441457
2018/7/26,5.62,5.55,5.68,5.5,199714253
2018/7/27,5.53,5.54,5.57,5.5,114240770
2018/7/30,5.53,5.59,5.65,5.52,171175464
2018/7/31,5.59,5.65,5.68,5.53,131160880
2018/8/1,5.65,5.55,5.71,5.54,164804118
2018/8/2,5.52,5.44,5.54,5.41,149822851
2018/8/3,5.44,5.48,5.54,5.43,161700194
2018/8/6,5.51,5.51,5.6,5.46,137702265
2018/8/7,5.51,5.6,5.6,5.44,220754791
2018/8/8,5.56,5.51,5.58,5.5,121314370
2018/8/9,5.47,5.57,5.58,5.46,151700625
2018/8/10,5.55,5.5,5.57,5.47,155905995
2018/8/13,5.47,5.4,5.47,5.31,219026056
2018/8/14,5.37,5.38,5.39,5.31,152036320
2018/8/15,5.36,5.29,5.36,5.28,156096593
2018/8/16,5.22,5.27,5.33,5.2,197386455
2018/8/17,5.3,5.26,5.31,5.24,140129678
2018/8/20,5.29,5.36,5.39,5.26,152069938
2018/8/21,5.38,5.4,5.43,5.35,148770275
2018/8/22,5.4,5.39,5.45,5.34,77600967
2018/8/23,5.38,5.4,5.45,5.37,91150013
2018/8/24,5.39,5.49,5.53,5.35,171198311
2018/8/27,5.49,5.53,5.54,5.43,197721635
2018/8/28,5.53,5.51,5.57,5.49,120777318
2018/8/29,5.5,5.49,5.51,5.45,70994778
2018/8/30,5.48,5.4,5.5,5.38,119103058
2018/8/31,5.36,5.44,5.48,5.36,215453508
2018/9/3,5.42,5.43,5.47,5.39,108998662
2018/9/4,5.43,5.44,5.47,5.36,127952361
2018/9/5,5.41,5.35,5.43,5.35,117641602
2018/9/6,5.33,5.33,5.37,5.3,85973960
2018/9/7,5.34,5.35,5.38,5.32,86233317
2018/9/10,5.34,5.34,5.4,5.31,106481553
2018/9/11,5.34,5.34,5.39,5.31,93102546
2018/9/12,5.31,5.29,5.33,5.28,100867736
2018/9/13,5.34,5.37,5.38,5.3,114816479
2018/9/14,5.39,5.37,5.39,5.35,68113005
2018/9/17,5.36,5.32,5.37,5.31,83520949
2018/9/18,5.33,5.39,5.39,5.3,112659507
2018/9/19,5.37,5.44,5.46,5.36,176788092
2018/9/20,5.44,5.49,5.52,5.44,147709102
2018/9/21,5.51,5.75,5.75,5.45,328518208
2018/9/25,5.67,5.67,5.72,5.64,211804937
2018/9/26,5.69,5.7,5.77,5.66,232712067
2018/9/27,5.69,5.69,5.71,5.6,129820626
2018/9/28,5.69,5.77,5.8,5.68,200009558
2018/10/8,5.63,5.56,5.64,5.52,219553229
2018/10/9,5.52,5.53,5.58,5.5,147866755
2018/10/10,5.54,5.55,5.58,5.51,144822935
2018/10/11,5.42,5.4,5.49,5.36,237131043
2018/10/12,5.4,5.53,5.55,5.4,165117581
2018/10/15,5.52,5.43,5.52,5.43,105591949
2018/10/16,5.43,5.45,5.52,5.42,101667005
2018/10/17,5.5,5.43,5.52,5.38,186957421
2018/10/18,5.42,5.35,5.43,5.35,149785299
2018/10/19,5.35,5.48,5.52,5.28,248332011
2018/10/22,5.5,5.63,5.68,5.5,277270480
2018/10/23,5.63,5.47,5.66,5.45,204577208
2018/10/24,5.46,5.62,5.67,5.45,263417953
2018/10/25,5.52,5.65,5.67,5.47,220210580
2018/10/26,5.66,5.69,5.76,5.57,199253584
2018/10/29,5.67,5.58,5.74,5.53,186281937
2018/10/30,5.61,5.63,5.68,5.56,151732506
2018/10/31,5.61,5.63,5.65,5.58,151616071
2018/11/1,5.65,5.57,5.67,5.55,194632949
2018/11/2,5.63,5.64,5.66,5.54,340529472
2018/11/5,5.61,5.56,5.62,5.54,189829231
2018/11/6,5.57,5.53,5.58,5.5,158150570
2018/11/7,5.53,5.52,5.57,5.5,152755809
2018/11/8,5.53,5.53,5.56,5.51,122291827
2018/11/9,5.47,5.35,5.47,5.3,409908192
2018/11/12,5.31,5.36,5.37,5.3,191282653
2018/11/13,5.31,5.38,5.41,5.3,196667507
2018/11/14,5.37,5.31,5.37,5.3,177198818
2018/11/15,5.31,5.35,5.35,5.3,120825458
2018/11/16,5.35,5.34,5.38,5.33,139542989
2018/11/19,5.36,5.41,5.41,5.35,176829125
2018/11/20,5.39,5.35,5.4,5.31,143149717
2018/11/21,5.31,5.36,5.37,5.31,98323160
2018/11/22,5.37,5.36,5.38,5.33,79368533
2018/11/23,5.36,5.33,5.36,5.32,89781362
2018/11/26,5.35,5.35,5.38,5.33,87237881
2018/11/27,5.35,5.33,5.35,5.32,66113948
2018/11/28,5.33,5.35,5.36,5.32,77960374
2018/11/29,5.37,5.33,5.38,5.32,81464321
2018/11/30,5.32,5.33,5.35,5.31,61182737
2018/12/3,5.41,5.41,5.44,5.38,222347405
2018/12/4,5.41,5.42,5.43,5.4,96339272
2018/12/5,5.38,5.4,5.41,5.37,94894201
2018/12/6,5.35,5.35,5.39,5.33,112675587
2018/12/7,5.35,5.35,5.37,5.33,59598321
2018/12/10,5.31,5.33,5.34,5.31,80875151
2018/12/11,5.33,5.33,5.34,5.31,60702859
2018/12/12,5.34,5.34,5.35,5.32,62210327
2018/12/13,5.35,5.39,5.4,5.34,97639078
2018/12/14,5.36,5.35,5.38,5.34,75159434
2018/12/17,5.33,5.37,5.37,5.32,81894870
2018/12/18,5.35,5.35,5.36,5.33,97696736
2018/12/19,5.36,5.33,5.37,5.32,98302693
2018/12/20,5.33,5.23,5.35,5.2,185311587
2018/12/21,5.2,5.19,5.21,5.1,202141664
2018/12/24,5.14,5.22,5.23,5.12,108203925
2018/12/25,5.16,5.23,5.26,5.16,166255282
2018/12/26,5.22,5.27,5.28,5.21,89861728
2018/12/27,5.3,5.28,5.32,5.27,101687485
2018/12/28,5.3,5.29,5.34,5.29,111531900
2019/1/2,5.3,5.2,5.31,5.17,113184900
2019/1/3,5.18,5.2,5.23,5.17,94328427
2019/1/4,5.18,5.27,5.28,5.15,122442027
2019/1/7,5.3,5.24,5.3,5.23,99975787
2019/1/8,5.25,5.2,5.25,5.18,112918431
2019/1/9,5.21,5.26,5.29,5.2,176193793
2019/1/10,5.24,5.22,5.26,5.2,83922243
2019/1/11,5.23,5.24,5.25,5.21,83892180
2019/1/14,5.26,5.2,5.26,5.18,95145697
2019/1/15,5.21,5.23,5.25,5.19,118901204
2019/1/16,5.23,5.24,5.24,5.21,87363957
2019/1/17,5.25,5.25,5.31,5.22,167314524
2019/1/18,5.27,5.39,5.4,5.25,251775898
2019/1/21,5.41,5.45,5.48,5.4,212618157
2019/1/22,5.46,5.39,5.46,5.37,139548630
2019/1/23,5.4,5.44,5.45,5.39,125388481
2019/1/24,5.46,5.46,5.47,5.42,88821989
2019/1/25,5.48,5.52,5.58,5.48,166626976
2019/1/28,5.6,5.5,5.64,5.48,163948511
2019/1/29,5.51,5.54,5.56,5.48,130070555
2019/1/30,5.54,5.55,5.57,5.51,137369658
2019/1/31,5.57,5.66,5.7,5.55,225105048
2019/2/1,5.68,5.65,5.7,5.61,143672442
2019/2/11,5.62,5.64,5.65,5.56,119563234
2019/2/12,5.64,5.65,5.66,5.59,84587200
2019/2/13,5.65,5.71,5.74,5.61,175753881
2019/2/14,5.69,5.65,5.7,5.63,155418476
2019/2/15,5.63,5.51,5.63,5.48,213058323
2019/2/18,5.54,5.6,5.6,5.53,187401557
2019/2/19,5.59,5.57,5.64,5.55,212673098
2019/2/20,5.58,5.57,5.6,5.55,106861146
2019/2/21,5.57,5.56,5.61,5.54,158310223
2019/2/22,5.55,5.55,5.55,5.47,298324576
2019/2/25,5.57,5.9,5.9,5.57,676922544
2019/2/26,5.89,5.77,5.9,5.74,458521952
2019/2/27,5.78,5.81,5.93,5.73,481514192
2019/2/28,5.79,5.75,5.83,5.71,278721184
2019/3/1,5.77,5.85,5.86,5.71,337200656
2019/3/4,5.9,5.86,5.99,5.83,601826400
2019/3/5,5.83,5.82,5.84,5.77,332788496
2019/3/6,5.8,5.85,5.85,5.79,326156960
2019/3/7,5.84,5.76,5.84,5.74,400488816
2019/3/8,5.7,5.59,5.7,5.58,357824992
2019/3/11,5.58,5.61,5.63,5.55,232063438
2019/3/12,5.63,5.62,5.68,5.6,274303936
2019/3/13,5.61,5.58,5.61,5.54,306509456
2019/3/14,5.57,5.57,5.61,5.54,226395559
2019/3/15,5.56,5.58,5.62,5.56,250067344
2019/3/18,5.57,5.65,5.65,5.56,363399824
2019/3/19,5.67,5.65,5.67,5.62,245747081
2019/3/20,5.63,5.61,5.65,5.59,236245006
2019/3/21,5.61,5.59,5.62,5.58,231573432
2019/3/22,5.59,5.58,5.6,5.55,191240061
2019/3/25,5.53,5.47,5.55,5.46,321876416
2019/3/26,5.49,5.45,5.49,5.43,207940075
2019/3/27,5.46,5.51,5.54,5.45,263386947
2019/3/28,5.49,5.45,5.5,5.44,192243762
2019/3/29,5.47,5.57,5.58,5.46,391603648
2019/4/1,5.59,5.64,5.66,5.59,487928304
2019/4/2,5.66,5.66,5.7,5.64,392476032
2019/4/3,5.6,5.7,5.71,5.6,326286720
2019/4/4,5.7,5.81,5.83,5.69,452453952
2019/4/8,5.85,5.82,5.98,5.78,429367360
2019/4/9,5.81,5.78,5.82,5.76,240801573
2019/4/10,5.75,5.75,5.79,5.7,241236289
2019/4/11,5.75,5.73,5.79,5.71,217126360
2019/4/12,5.72,5.73,5.74,5.7,153613761
2019/4/15,5.81,5.81,5.93,5.8,473497472
2019/4/16,5.78,6,6.03,5.75,551207248
2019/4/17,5.99,6.01,6.08,5.96,364293888
2019/4/18,6.01,5.94,6.03,5.93,216478399
2019/4/19,5.94,5.98,6.01,5.94,184514226
2019/4/22,5.99,5.83,6,5.81,273124256
2019/4/23,5.84,5.81,5.85,5.79,183104112
2019/4/24,5.82,5.81,5.84,5.74,209166808
2019/4/25,5.79,5.73,5.8,5.71,225972035
2019/4/26,5.71,5.71,5.76,5.7,184000608
2019/4/29,5.73,5.8,5.84,5.71,211952969
2019/4/30,5.8,5.81,5.83,5.74,185045685
2019/5/6,5.69,5.72,5.8,5.56,394210912
2019/5/7,5.7,5.66,5.71,5.63,168032614
2019/5/8,5.6,5.59,5.64,5.57,135587456
2019/5/9,5.57,5.52,5.58,5.5,167648952
2019/5/10,5.54,5.61,5.66,5.5,216535905
2019/5/13,5.55,5.54,5.57,5.53,116430674
2019/5/14,5.51,5.52,5.56,5.5,124874548
2019/5/15,5.54,5.57,5.59,5.51,161565826
2019/5/16,5.54,5.59,5.61,5.53,154620832
2019/5/17,5.6,5.57,5.61,5.54,159408338
2019/5/20,5.56,5.61,5.65,5.55,241457552
2019/5/21,5.61,5.64,5.66,5.6,155797678
2019/5/22,5.64,5.65,5.66,5.59,120887709
2019/5/23,5.65,5.65,5.66,5.62,186548600
2019/5/24,5.65,5.7,5.72,5.64,140020056
2019/5/27,5.68,5.65,5.69,5.62,178105539
2019/5/28,5.66,5.67,5.68,5.62,189308219
2019/5/29,5.64,5.65,5.67,5.62,116548599
2019/5/30,5.65,5.67,5.67,5.62,120565281
2019/5/31,5.65,5.61,5.66,5.6,148823056
2019/6/3,5.62,5.7,5.7,5.62,186990203
2019/6/4,5.7,5.73,5.74,5.68,164391569
2019/6/5,5.74,5.76,5.82,5.74,170752119
2019/6/6,5.78,5.73,5.79,5.73,154309402
2019/6/10,5.74,5.78,5.82,5.74,185267656
2019/6/11,5.78,5.79,5.8,5.76,259893816
2019/6/12,5.78,5.76,5.79,5.74,190221221
2019/6/13,5.75,5.73,5.76,5.71,164052894
2019/6/14,5.74,5.74,5.78,5.72,148227828
2019/6/17,5.73,5.74,5.77,5.72,158208221
2019/6/18,5.74,5.74,5.76,5.72,261102048
2019/6/19,5.81,5.78,5.84,5.76,402585840
2019/6/20,5.78,5.84,5.9,5.77,587514160
2019/6/21,5.84,5.85,5.89,5.82,318381520
2019/6/24,5.85,5.88,5.88,5.83,178527788
2019/6/25,5.87,5.83,5.88,5.77,268493280
2019/6/26,5.81,5.85,5.86,5.8,137584593
2019/6/27,5.86,5.91,5.92,5.85,224456916
2019/6/28,5.89,5.89,5.91,5.84,156197446
2019/7/1,5.94,5.92,5.97,5.9,292782976
2019/7/2,5.91,5.93,5.95,5.9,271356976
2019/7/3,5.68,5.67,5.69,5.64,209673368
2019/7/4,5.67,5.68,5.68,5.65,151690647
2019/7/5,5.66,5.67,5.68,5.65,128939220
2019/7/8,5.65,5.59,5.66,5.54,196259034
2019/7/9,5.57,5.58,5.59,5.56,119393489
2019/7/10,5.58,5.55,5.59,5.54,105681805
2019/7/11,5.56,5.57,5.58,5.55,106293361
2019/7/12,5.58,5.62,5.64,5.56,141110788
2019/7/15,5.6,5.6,5.61,5.54,126161157
2019/7/16,5.6,5.61,5.62,5.57,80880541
2019/7/17,5.59,5.56,5.6,5.55,144943369
2019/7/18,5.54,5.57,5.58,5.54,120815069
2019/7/19,5.56,5.6,5.61,5.56,118948818
2019/7/22,5.59,5.64,5.65,5.59,160454821
2019/7/23,5.63,5.66,5.66,5.61,121051176
2019/7/24,5.66,5.69,5.7,5.65,170176204
2019/7/25,5.69,5.69,5.69,5.66,116424704
2019/7/26,5.67,5.69,5.7,5.66,113075070
2019/7/29,5.69,5.65,5.69,5.64,153249776
2019/7/30,5.67,5.66,5.68,5.64,134097379
2019/7/31,5.65,5.64,5.66,5.62,109315049
2019/8/1,5.62,5.61,5.64,5.6,104169149
2019/8/2,5.56,5.56,5.59,5.5,163615534
2019/8/5,5.54,5.48,5.55,5.48,147319156
2019/8/6,5.43,5.41,5.44,5.4,174138385
2019/8/7,5.43,5.39,5.44,5.38,112197485
2019/8/8,5.41,5.43,5.45,5.39,130839572
2019/8/9,5.44,5.46,5.49,5.43,150976836
2019/8/12,5.46,5.51,5.53,5.45,113892666
2019/8/13,5.49,5.51,5.53,5.48,100888918
2019/8/14,5.54,5.53,5.56,5.53,107570283
2019/8/15,5.48,5.56,5.56,5.46,102408453
2019/8/16,5.56,5.5,5.56,5.5,115292763
2019/8/19,5.47,5.47,5.5,5.38,330967952
2019/8/20,5.46,5.42,5.46,5.41,234932225
2019/8/21,5.41,5.43,5.44,5.4,105821783
2019/8/22,5.44,5.39,5.44,5.38,164350174
2019/8/23,5.4,5.42,5.43,5.38,126358267
2019/8/26,5.36,5.38,5.4,5.36,139079415
2019/8/27,5.4,5.42,5.44,5.38,218947697
2019/8/28,5.41,5.4,5.42,5.38,112578616
2019/8/29,5.39,5.42,5.42,5.38,128536586
2019/8/30,5.44,5.39,5.44,5.38,152896391
2019/9/2,5.4,5.39,5.42,5.38,189270769
2019/9/3,5.38,5.4,5.4,5.37,123239749
2019/9/4,5.4,5.47,5.47,5.38,219854765
2019/9/5,5.48,5.5,5.54,5.47,295946160
2019/9/6,5.51,5.52,5.53,5.49,139879541
2019/9/9,5.54,5.51,5.56,5.49,197991688
2019/9/10,5.51,5.5,5.52,5.48,162130015
2019/9/11,5.52,5.55,5.56,5.5,202682089
2019/9/12,5.55,5.57,5.57,5.53,132761719
2019/9/16,5.57,5.57,5.58,5.55,141443207
2019/9/17,5.56,5.51,5.57,5.49,137255414
2019/9/18,5.52,5.5,5.53,5.49,93277480
2019/9/19,5.51,5.5,5.51,5.47,86523907
2019/9/20,5.51,5.53,5.53,5.48,142258252
2019/9/23,5.51,5.48,5.52,5.45,152015934
2019/9/24,5.48,5.5,5.52,5.47,101388591
2019/9/25,5.49,5.49,5.52,5.47,99909055
2019/9/26,5.51,5.55,5.56,5.5,211900305
2019/9/27,5.55,5.54,5.58,5.48,191022795
2019/9/30,5.53,5.53,5.6,5.52,149903294
2019/10/8,5.51,5.56,5.58,5.48,125317591
2019/10/9,5.53,5.58,5.6,5.53,123120336
2019/10/10,5.58,5.57,5.58,5.55,76076742
2019/10/11,5.56,5.64,5.65,5.56,164320120
2019/10/14,5.65,5.72,5.77,5.64,219518046
2019/10/15,5.71,5.72,5.74,5.69,114343834
2019/10/16,5.75,5.72,5.79,5.67,141408181
2019/10/17,5.71,5.71,5.72,5.69,70660979
2019/10/18,5.72,5.67,5.76,5.66,126491558
2019/10/21,5.68,5.79,5.79,5.67,194104535
2019/10/22,5.8,5.81,5.81,5.75,110765465
2019/10/23,5.79,5.87,5.89,5.78,163848710
2019/10/24,5.87,5.92,6.01,5.86,223028700
2019/10/25,5.91,5.98,5.99,5.84,176653086
2019/10/28,6,5.93,6.02,5.91,170705243
2019/10/29,5.93,5.91,5.97,5.88,119801494
2019/10/30,5.92,5.95,5.98,5.9,123356913
2019/10/31,5.97,5.91,5.97,5.87,96932643
2019/11/1,5.9,5.94,5.97,5.82,133179414
2019/11/4,5.94,5.9,5.97,5.9,112164213
2019/11/5,5.91,5.92,6,5.89,202185218
2019/11/6,5.91,5.98,6,5.9,156620423
2019/11/7,5.98,5.95,5.99,5.93,110257031
2019/11/8,5.98,5.87,5.99,5.86,170420398
2019/11/11,5.84,5.77,5.85,5.75,135637022
2019/11/12,5.77,5.8,5.82,5.75,87512554
2019/11/13,5.79,5.78,5.82,5.74,106618266
2019/11/14,5.77,5.75,5.8,5.74,78018538
2019/11/15,5.76,5.79,5.81,5.75,93017906
2019/11/18,5.78,5.82,5.82,5.76,83883782
2019/11/19,5.81,5.85,5.85,5.8,101075835
2019/11/20,5.83,5.8,5.85,5.79,70773995
2019/11/21,5.77,5.73,5.78,5.71,142098283
2019/11/22,5.73,5.71,5.75,5.71,111508737
2019/11/25,5.72,5.83,5.85,5.71,191630520
2019/11/26,5.85,5.85,5.89,5.83,153679230
2019/11/27,5.86,5.88,5.89,5.83,86381862
2019/11/28,5.87,5.84,5.88,5.82,75497665
2019/11/29,5.82,5.79,5.88,5.79,103218913
2019/12/2,5.8,5.81,5.83,5.8,85003834
2019/12/3,5.8,5.79,5.82,5.76,74795477
2019/12/4,5.79,5.76,5.79,5.74,92944879
2019/12/5,5.78,5.77,5.8,5.75,79021395
2019/12/6,5.77,5.75,5.79,5.72,109604045
2019/12/9,5.74,5.74,5.76,5.7,110498201
2019/12/10,5.73,5.7,5.73,5.69,97765765
2019/12/11,5.71,5.75,5.75,5.69,112880754
2019/12/12,5.75,5.74,5.76,5.72,90960565
2019/12/13,5.78,5.82,5.82,5.75,149433687
2019/12/16,5.81,5.78,5.81,5.76,141157862
2019/12/17,5.79,5.84,5.88,5.75,238492711
2019/12/18,5.83,5.87,5.92,5.82,184446706
2019/12/19,5.87,5.93,5.95,5.87,166841719
2019/12/20,5.92,5.94,5.95,5.89,120161786
2019/12/23,5.93,5.88,5.93,5.86,119138984
2019/12/24,5.86,5.86,5.88,5.84,68218761
2019/12/25,5.86,5.83,5.87,5.83,78147848
2019/12/26,5.85,5.86,5.87,5.82,89514469
2019/12/27,5.85,5.9,5.94,5.85,130319442
2019/12/30,5.88,5.89,5.89,5.81,210666499
2019/12/31,5.87,5.88,5.91,5.84,140055936
2020/1/2,5.92,5.97,6.03,5.91,234949397
2020/1/3,5.97,5.99,6.02,5.96,152213047
2020/1/6,5.96,5.97,6.05,5.95,226509705
2020/1/7,5.98,6.01,6.04,5.98,116804353
2020/1/8,5.96,5.91,5.97,5.9,158559090
2020/1/9,5.95,5.91,5.96,5.88,137713429
2020/1/10,5.91,5.91,5.93,5.86,97837773
2020/1/13,5.9,5.93,5.93,5.87,108991003
2020/1/14,5.92,5.94,5.96,5.91,136770059
2020/1/15,5.93,5.88,5.94,5.87,128890756
2020/1/16,5.87,5.8,5.89,5.79,269031344
2020/1/17,5.81,5.82,5.84,5.8,103949027
2020/1/20,5.81,5.84,5.86,5.8,103339962
2020/1/21,5.82,5.77,5.83,5.76,143223669
2020/1/22,5.76,5.79,5.79,5.71,128370788
2020/1/23,5.76,5.72,5.78,5.7,200037655
2020/2/3,5.3,5.42,5.58,5.3,468039904
2020/2/4,5.39,5.5,5.53,5.36,401385264
2020/2/5,5.49,5.49,5.52,5.42,250853805
2020/2/6,5.5,5.5,5.53,5.44,280995424
2020/2/7,5.47,5.44,5.47,5.4,237318996
2020/2/10,5.41,5.42,5.43,5.38,190238633
2020/2/11,5.43,5.46,5.47,5.41,198498450
2020/2/12,5.46,5.46,5.47,5.42,203914433
2020/2/13,5.45,5.41,5.45,5.4,199565762
2020/2/14,5.4,5.43,5.44,5.39,141576448
2020/2/17,5.42,5.49,5.49,5.41,214194906
2020/2/18,5.47,5.46,5.48,5.44,184542440
2020/2/19,5.45,5.48,5.5,5.45,204052382
2020/2/20,5.48,5.51,5.52,5.44,283668096
2020/2/21,5.49,5.49,5.52,5.47,223710293
2020/2/24,5.48,5.44,5.49,5.43,193329190
2020/2/25,5.4,5.41,5.42,5.39,230133275
2020/2/26,5.38,5.41,5.44,5.36,257968813
2020/2/27,5.4,5.4,5.42,5.39,222555623
2020/2/28,5.37,5.3,5.38,5.28,422937152
2020/3/2,5.3,5.36,5.36,5.29,239902317
2020/3/3,5.37,5.38,5.4,5.35,255403193
2020/3/4,5.37,5.39,5.39,5.36,134281589
2020/3/5,5.4,5.46,5.46,5.38,330539760
2020/3/6,5.42,5.41,5.43,5.39,195949873
2020/3/9,5.34,5.31,5.35,5.3,288062032
2020/3/10,5.29,5.36,5.37,5.29,250820767
2020/3/11,5.35,5.32,5.37,5.32,169406955
2020/3/12,5.3,5.29,5.32,5.27,246296488
2020/3/13,5.16,5.22,5.27,5.13,299724112
2020/3/16,5.22,5.17,5.29,5.14,304466304
2020/3/17,5.16,5.17,5.23,5.12,257712932
2020/3/18,5.18,5.11,5.2,5.11,202506811
2020/3/19,5.11,4.99,5.12,4.93,289884976
2020/3/20,5.02,5.08,5.11,5,212513611
2020/3/23,5,4.99,5.03,4.98,139989311
2020/3/24,5.02,5.12,5.12,5.02,230331606
2020/3/25,5.17,5.18,5.18,5.1,232178619
2020/3/26,5.13,5.18,5.22,5.11,155612848
2020/3/27,5.21,5.21,5.25,5.18,172736492
2020/3/30,5.18,5.22,5.24,5.15,195388477
2020/3/31,5.22,5.15,5.24,5.12,176103197
2020/4/1,5.15,5.16,5.19,5.13,101858447
2020/4/2,5.14,5.19,5.19,5.11,122885637
2020/4/3,5.16,5.14,5.18,5.12,109604624
2020/4/7,5.18,5.16,5.19,5.13,170301628
2020/4/8,5.14,5.14,5.15,5.12,103474315
2020/4/9,5.14,5.13,5.15,5.12,73582092
2020/4/10,5.13,5.11,5.14,5.1,97806890
2020/4/13,5.1,5.1,5.13,5.09,85508709
2020/4/14,5.11,5.12,5.13,5.1,88321771
2020/4/15,5.11,5.13,5.13,5.1,94603541
2020/4/16,5.11,5.12,5.13,5.1,70063172
2020/4/17,5.13,5.15,5.17,5.11,138244872
2020/4/20,5.14,5.12,5.15,5.12,103808722
2020/4/21,5.11,5.08,5.12,5.07,117604888
2020/4/22,5.07,5.09,5.1,5.05,87658356
2020/4/23,5.09,5.07,5.09,5.05,103342243
2020/4/24,5.06,5.05,5.07,5.04,68795221
2020/4/27,5.05,5.09,5.11,5.05,117299682
2020/4/28,5.09,5.11,5.12,5.04,150513612
2020/4/29,5.1,5.15,5.15,5.08,121079635
2020/4/30,5.15,5.17,5.18,5.14,104063910
2020/5/6,5.12,5.11,5.12,5.08,162061217
2020/5/7,5.1,5.1,5.11,5.09,78898187
2020/5/8,5.1,5.1,5.12,5.09,114827797
2020/5/11,5.11,5.14,5.14,5.1,113051885
2020/5/12,5.13,5.13,5.15,5.11,101632081
2020/5/13,5.12,5.13,5.13,5.11,55628021
2020/5/14,5.12,5.1,5.13,5.09,81152500
2020/5/15,5.1,5.09,5.12,5.08,95906130
2020/5/18,5.09,5.1,5.1,5.07,93617881
2020/5/19,5.12,5.12,5.13,5.1,136180096
2020/5/20,5.11,5.12,5.12,5.1,86764868
2020/5/21,5.12,5.1,5.13,5.1,81003105
2020/5/22,5.1,5.05,5.11,5.05,143377084
2020/5/25,5.06,5.09,5.1,5.04,105506493
2020/5/26,5.1,5.08,5.11,5.08,92522125
2020/5/27,5.08,5.12,5.13,5.08,119594005
2020/5/28,5.12,5.17,5.18,5.12,145728739
2020/5/29,5.14,5.12,5.15,5.1,125761411
2020/6/1,5.13,5.16,5.16,5.12,105007887
2020/6/2,5.15,5.19,5.19,5.13,152829199
2020/6/3,5.2,5.19,5.24,5.18,134546779
2020/6/4,5.2,5.18,5.21,5.17,76394115
2020/6/5,5.19,5.21,5.22,5.16,109865757
2020/6/8,5.22,5.24,5.26,5.2,170929414
2020/6/9,5.24,5.26,5.28,5.23,118676521
2020/6/10,5.27,5.27,5.28,5.25,130116167
2020/6/11,5.27,5.27,5.3,5.24,201954547
2020/6/12,5.23,5.22,5.32,5.2,379726032
2020/6/15,5.24,5.24,5.31,5.23,216077601
2020/6/16,5.27,5.3,5.31,5.26,123037983
2020/6/17,5.28,5.26,5.3,5.25,87984468
2020/6/18,5.2,5.19,5.22,5.16,210965506
2020/6/19,5.18,5.2,5.21,5.15,198605088
2020/6/22,5.2,5.16,5.22,5.16,156983957
2020/6/23,5.16,5.14,5.16,5.12,179893542
2020/6/24,5.15,5.22,5.24,5.14,194172776
2020/6/29,5.28,5.25,5.31,5.2,300096304
2020/6/30,5,4.98,5.03,4.96,213559908
2020/7/1,4.98,4.99,4.99,4.92,195342430
2020/7/2,4.98,5.06,5.07,4.96,333639504
2020/7/3,5.06,5.16,5.18,5.06,349460784
2020/7/6,5.2,5.6,5.61,5.19,746359632
2020/7/7,5.67,5.56,5.85,5.56,622456480
2020/7/8,5.52,5.47,5.59,5.38,613051056
2020/7/9,5.43,5.38,5.45,5.35,569342048
2020/7/10,5.36,5.22,5.37,5.2,626079328
2020/7/13,5.2,5.21,5.25,5.16,608928416
2020/7/14,5.19,5.14,5.2,5.13,463922048
2020/7/15,5.16,5.08,5.18,5.07,461149408
2020/7/16,5.08,5.06,5.13,5.05,492285808
2020/7/17,5.06,5.06,5.08,5.03,297529792
2020/7/20,5.07,5.13,5.14,5.05,386592368
2020/7/21,5.13,5.1,5.14,5.09,226253759
2020/7/22,5.1,5.09,5.14,5.07,292661104
2020/7/23,5.07,5.03,5.08,5.02,375136560
2020/7/24,5.03,4.98,5.03,4.96,363761008
2020/7/27,4.98,4.97,5,4.95,217634490
2020/7/28,4.99,4.98,5,4.96,174844591
2020/7/29,4.97,5.02,5.02,4.93,275856672
2020/7/30,5.02,4.98,5.02,4.98,153782861
2020/7/31,4.98,4.96,5.01,4.95,254967287
2020/8/3,4.98,4.98,5,4.96,244686781
2020/8/4,4.99,5.05,5.07,4.97,401220464
2020/8/5,5.02,5,5.03,4.99,205232006
2020/8/6,5.01,5.02,5.03,4.98,209927052
2020/8/7,5.01,4.98,5.01,4.97,192143281
2020/8/10,4.97,4.99,5,4.96,200986917
2020/8/11,4.98,4.98,5.02,4.97,276724560
2020/8/12,4.97,4.99,4.99,4.96,225612404
2020/8/13,4.98,4.98,5,4.97,116382932
2020/8/14,4.98,5.02,5.02,4.97,208584453
2020/8/17,5.02,5.09,5.11,5.02,548693328
2020/8/18,5.09,5.05,5.09,5.04,237195504
2020/8/19,5.06,5.03,5.07,5.03,163005140
2020/8/20,5.02,5,5.03,4.99,164245323
2020/8/21,5.01,5.01,5.02,4.99,130184483
2020/8/24,5.01,4.99,5.02,4.99,120078607
2020/8/25,5,5,5.01,4.98,154898745
2020/8/26,5,4.98,5,4.97,151462246
2020/8/27,4.98,4.97,4.98,4.96,141665658
2020/8/28,4.97,5,5.01,4.96,210367849
2020/8/31,4.99,4.96,5.01,4.96,263148438
2020/9/1,4.96,4.96,4.97,4.94,156648375
2020/9/2,4.96,4.92,4.96,4.92,272900848
2020/9/3,4.92,4.91,4.94,4.89,183967179
2020/9/4,4.89,4.9,4.91,4.88,140939398
2020/9/7,4.89,4.9,4.92,4.88,152562738
2020/9/8,4.9,4.95,4.96,4.89,199548082
2020/9/9,4.93,4.94,4.95,4.92,161334069
2020/9/10,4.94,4.91,4.95,4.9,144437836
2020/9/11,4.9,4.93,4.95,4.9,149430213
2020/9/14,4.93,4.93,4.94,4.91,102757121
2020/9/15,4.92,4.92,4.93,4.91,82808103
2020/9/16,4.92,4.94,4.94,4.9,107615627
2020/9/17,4.94,4.94,4.95,4.92,120886368
2020/9/18,4.95,4.98,4.98,4.93,260734428
2020/9/21,4.97,4.96,4.99,4.94,121766522
2020/9/22,4.95,4.93,4.96,4.92,109705020
2020/9/23,4.93,4.92,4.94,4.91,100583616
2020/9/24,4.91,4.9,4.92,4.88,126596512
2020/9/25,4.9,4.89,4.91,4.88,108001750
2020/9/28,4.9,4.94,4.94,4.88,163464701
2020/9/29,4.94,4.91,4.95,4.91,115613449
2020/9/30,4.92,4.92,4.95,4.91,151234271
2020/10/9,4.94,4.91,4.94,4.91,128998422
2020/10/12,4.92,4.96,4.97,4.91,252543847
2020/10/13,4.95,4.92,4.96,4.91,167433669
2020/10/14,4.92,4.92,4.93,4.91,140848926
2020/10/15,4.92,4.93,4.95,4.9,201150932
2020/10/16,4.92,4.99,5.02,4.92,500955760
2020/10/19,4.99,5.02,5.08,4.98,345816272
2020/10/20,5.01,4.98,5.01,4.95,240689629
2020/10/21,4.98,5.05,5.07,4.95,325876176
2020/10/22,5.05,5.06,5.07,5.02,191063454
2020/10/23,5.05,5.06,5.08,5.03,235615563
2020/10/26,5.06,5.02,5.07,5.01,179783563
2020/10/27,5.01,5.03,5.04,5,159795896
2020/10/28,5.02,5,5.03,4.98,182063873
2020/10/29,4.98,4.96,4.99,4.95,167446150
2020/10/30,4.96,4.92,4.98,4.91,210764327
2020/11/2,4.92,4.94,4.95,4.91,157226709
2020/11/3,4.95,4.95,4.98,4.94,135357406
2020/11/4,4.97,4.95,4.98,4.93,146498496
2020/11/5,4.97,4.95,4.99,4.94,163734975
2020/11/6,4.95,4.96,4.98,4.93,165958743
2020/11/9,4.97,4.98,4.99,4.96,225602124
2020/11/10,5.01,5.02,5.05,5,259168387
2020/11/11,5.01,5.07,5.08,5,309611504
2020/11/12,5.06,5.01,5.06,5.01,139875220
2020/11/13,5.01,4.96,5.01,4.95,192265408
2020/11/16,4.97,4.98,4.99,4.96,128241596
2020/11/17,4.98,5,5,4.97,122033280
2020/11/18,5,5.03,5.05,4.98,193561819
2020/11/19,5.02,5.04,5.05,5.02,154569394
2020/11/20,5.05,5.03,5.06,5.01,126572054
2020/11/23,5.01,5.07,5.08,5.01,282580048
2020/11/24,5.07,5.05,5.09,5.05,189318043
2020/11/25,5.08,5.04,5.11,5.04,200292965
2020/11/26,5.04,5.09,5.1,5.03,197392278
2020/11/27,5.11,5.39,5.39,5.11,929749520
2020/11/30,5.46,5.32,5.64,5.31,1245663648
2020/12/1,5.31,5.47,5.5,5.28,530373632
2020/12/2,5.44,5.45,5.53,5.35,351809632
2020/12/3,5.45,5.38,5.48,5.34,278801936
2020/12/4,5.38,5.31,5.38,5.22,330280496
2020/12/7,5.29,5.19,5.33,5.17,275402304
2020/12/8,5.19,5.12,5.22,5.11,266106433
2020/12/9,5.14,5.1,5.16,5.09,243722631
2020/12/10,5.1,5.06,5.11,5.04,259472652
2020/12/11,5.06,5.08,5.08,5.02,279273264
2020/12/14,5.07,5.05,5.09,5.03,272105952
2020/12/15,5.05,5.01,5.05,4.98,340751824
2020/12/16,5.01,5,5.05,4.99,266067496
2020/12/17,5,5.03,5.04,4.96,331127872
2020/12/18,5.01,5,5.03,4.98,219772170
2020/12/21,5.01,5,5.02,4.98,205828822
2020/12/22,4.99,4.94,5,4.92,365749392
2020/12/23,4.94,4.96,4.97,4.93,219146383
2020/12/24,4.96,4.96,4.98,4.94,122262763
2020/12/25,4.96,4.97,4.97,4.95,153283872
2020/12/28,4.96,4.97,4.97,4.93,231926812
2020/12/29,4.97,4.98,4.98,4.95,254202319
2020/12/30,4.97,4.96,4.98,4.94,254078489
2020/12/31,4.95,4.99,5.01,4.95,310003984
2021/1/4,4.97,5.01,5.01,4.95,353951184
2021/1/5,4.99,4.97,4.99,4.94,371010368
2021/1/6,4.96,4.97,4.98,4.95,346318352
2021/1/7,4.97,5,5,4.95,319047408
2021/1/8,5,5,5.03,4.98,342202976
2021/1/11,5,4.99,5.04,4.98,495651504
2021/1/12,4.99,5.02,5.02,4.96,350495696
2021/1/13,5.03,5.06,5.06,5,404644208
2021/1/14,5.05,5.08,5.15,5.04,388409552
2021/1/15,5.1,5.15,5.26,5.1,700663408
2021/1/18,5.13,5.14,5.18,5.08,398189792
2021/1/19,5.14,5.2,5.22,5.1,433069024
2021/1/20,5.18,5.15,5.25,5.13,314566464
2021/1/21,5.16,5.13,5.17,5.1,245677513
2021/1/22,5.12,5.04,5.12,5.03,277428656
2021/1/25,5.03,5.05,5.05,4.99,219055180
2021/1/26,5.03,5.03,5.07,5.01,210379385
2021/1/27,5.04,5.07,5.15,5.03,370986640
2021/1/28,5.05,5.03,5.07,5.01,285079488
2021/1/29,5.03,5.09,5.12,5.02,411143712
2021/2/1,5.08,5.14,5.15,5.05,381322208
2021/2/2,5.14,5.09,5.18,5.08,259998588
2021/2/3,5.09,5.04,5.12,5.03,337557920
2021/2/4,5.04,5.07,5.12,5.03,252444008
2021/2/5,5.07,5.18,5.21,5.06,593744240
2021/2/8,5.18,5.16,5.2,5.12,367126928
2021/2/9,5.14,5.15,5.15,5.11,278298848
2021/2/10,5.24,5.25,5.37,5.21,664704224
2021/2/18,5.33,5.24,5.33,5.22,328400928
2021/2/19,5.22,5.24,5.3,5.21,242413124
2021/2/22,5.25,5.37,5.41,5.24,602082016
2021/2/23,5.35,5.38,5.45,5.32,467150528
2021/2/24,5.37,5.3,5.42,5.24,385065744
2021/2/25,5.29,5.44,5.48,5.28,509700224
2021/2/26,5.39,5.37,5.49,5.35,435170128
2021/3/1,5.36,5.34,5.42,5.32,240663315
2021/3/2,5.35,5.29,5.35,5.24,250031265
2021/3/3,5.28,5.45,5.48,5.26,446911120
2021/3/4,5.43,5.45,5.51,5.41,373419248
2021/3/5,5.43,5.57,5.59,5.37,478774352
2021/3/8,5.58,5.53,5.61,5.51,429168304
2021/3/9,5.57,5.46,5.63,5.43,466395024
2021/3/10,5.44,5.4,5.46,5.35,306784320
2021/3/11,5.45,5.48,5.54,5.43,282422816
2021/3/12,5.47,5.44,5.5,5.43,184841636
2021/3/15,5.45,5.55,5.58,5.42,303797600
2021/3/16,5.56,5.6,5.63,5.54,273080000
2021/3/17,5.58,5.53,5.6,5.48,203713443
2021/3/18,5.52,5.48,5.54,5.46,224544199
2021/3/19,5.49,5.36,5.5,5.32,332530512
2021/3/22,5.32,5.42,5.45,5.32,232531340
2021/3/23,5.4,5.4,5.5,5.35,325973136
2021/3/24,5.37,5.41,5.43,5.33,189983667
2021/3/25,5.41,5.36,5.46,5.35,207394817
2021/3/26,5.37,5.35,5.38,5.3,247198368
2021/3/29,5.37,5.46,5.47,5.33,347949984
2021/3/30,5.46,5.48,5.48,5.43,193297381
2021/3/31,5.47,5.54,5.55,5.44,242434867
2021/4/1,5.51,5.5,5.54,5.47,132476154
2021/4/2,5.5,5.42,5.51,5.4,184780740
2021/4/6,5.42,5.42,5.43,5.37,122894235
2021/4/7,5.42,5.45,5.46,5.4,175696199
2021/4/8,5.46,5.44,5.47,5.41,123971365
2021/4/9,5.44,5.42,5.44,5.4,131127592
2021/4/12,5.42,5.48,5.5,5.39,219634806
2021/4/13,5.48,5.51,5.53,5.45,173937109
2021/4/14,5.51,5.45,5.52,5.43,153373910
2021/4/15,5.43,5.45,5.45,5.39,157215797
2021/4/16,5.43,5.43,5.46,5.41,110874302
2021/4/19,5.44,5.44,5.46,5.41,175754330
2021/4/20,5.43,5.39,5.44,5.38,177071674
2021/4/21,5.38,5.37,5.41,5.37,135364763
2021/4/22,5.38,5.33,5.39,5.31,211498349
2021/4/23,5.31,5.29,5.34,5.27,164898057
2021/4/26,5.31,5.27,5.32,5.26,170693135
2021/4/27,5.26,5.24,5.27,5.22,149123770
2021/4/28,5.24,5.2,5.25,5.18,182976437
2021/4/29,5.2,5.22,5.24,5.18,188987315
2021/4/30,5.21,5.13,5.22,5.08,395748736
2021/5/6,5.11,5.12,5.18,5.1,216039682
2021/5/7,5.12,5.22,5.23,5.11,281997040
2021/5/10,5.21,5.25,5.25,5.18,207471144
2021/5/11,5.24,5.23,5.25,5.21,139252141
2021/5/12,5.22,5.26,5.28,5.21,150046333
2021/5/13,5.25,5.24,5.28,5.21,146069572
2021/5/14,5.24,5.28,5.28,5.21,155000539
2021/5/17,5.26,5.27,5.29,5.24,170881970
2021/5/18,5.27,5.26,5.27,5.23,101639997
2021/5/19,5.25,5.21,5.26,5.2,148187187
2021/5/20,5.2,5.23,5.23,5.18,128233876
2021/5/21,5.21,5.17,5.22,5.16,151966814
2021/5/24,5.17,5.19,5.2,5.16,106540901
2021/5/25,5.19,5.26,5.26,5.16,266674619
2021/5/26,5.25,5.26,5.29,5.23,205603406
2021/5/27,5.26,5.26,5.28,5.23,183117591
2021/5/28,5.26,5.27,5.27,5.23,170000519
2021/5/31,5.25,5.21,5.26,5.19,291960768
2021/6/1,5.21,5.18,5.21,5.17,224514102
2021/6/2,5.18,5.19,5.21,5.14,257745154
2021/6/3,5.19,5.15,5.2,5.15,193708944
2021/6/4,5.16,5.17,5.2,5.15,239708428
2021/6/7,5.18,5.17,5.18,5.16,147696207
2021/6/8,5.17,5.2,5.2,5.16,196300035
2021/6/9,5.19,5.19,5.22,5.18,206147147
2021/6/10,5.19,5.2,5.22,5.18,205273227
2021/6/11,5.2,5.19,5.2,5.17,173573258
2021/6/15,5.18,5.16,5.19,5.15,181207362
2021/6/16,5.16,5.17,5.19,5.15,148655127
2021/6/17,5.17,5.18,5.2,5.15,195878337
2021/6/18,5.17,5.18,5.18,5.16,153248858
2021/6/21,5.17,5.15,5.18,5.15,199664270
2021/6/22,5.16,5.16,5.18,5.15,178934078
2021/6/23,5.16,5.14,5.17,5.14,252219354
2021/6/24,5.14,5.2,5.2,5.14,246529721
2021/6/25,5.19,5.23,5.25,5.18,246059460
2021/6/28,5.23,5.18,5.23,5.16,257634469
2021/6/29,5.18,5.17,5.2,5.16,222693506
2021/6/30,5.18,5.17,5.18,5.16,154934253
2021/7/1,5.17,5.26,5.26,5.16,277013744
2021/7/2,5.21,5.25,5.27,5.19,355189280
2021/7/5,5.23,5.2,5.24,5.18,276171904
2021/7/6,4.96,4.95,4.96,4.93,265763047
2021/7/7,4.95,4.94,4.96,4.92,177670765
2021/7/8,4.94,4.89,4.95,4.88,288364816
2021/7/9,4.89,4.85,4.91,4.83,273742032
2021/7/12,4.87,4.77,4.88,4.75,505677360
2021/7/13,4.77,4.75,4.78,4.74,293278048
2021/7/14,4.75,4.71,4.75,4.68,302082848
2021/7/15,4.71,4.75,4.77,4.69,277590848
2021/7/16,4.75,4.74,4.75,4.71,170407398
2021/7/19,4.73,4.73,4.74,4.7,168375795
2021/7/20,4.71,4.71,4.72,4.7,102552924
2021/7/21,4.72,4.69,4.73,4.69,164625857
2021/7/22,4.7,4.71,4.72,4.69,147636965
2021/7/23,4.71,4.7,4.72,4.69,139074561
2021/7/26,4.69,4.67,4.7,4.65,224591633
2021/7/27,4.66,4.62,4.67,4.61,208899200
2021/7/28,4.61,4.67,4.68,4.6,247993418
2021/7/29,4.67,4.62,4.67,4.61,171680634
2021/7/30,4.62,4.59,4.62,4.57,184747154
2021/8/2,4.58,4.6,4.61,4.53,214322262
2021/8/3,4.59,4.58,4.59,4.55,135245787
2021/8/4,4.58,4.55,4.58,4.54,148301902
2021/8/5,4.55,4.54,4.57,4.53,109747157
2021/8/6,4.55,4.53,4.55,4.51,158732842
2021/8/9,4.52,4.55,4.57,4.51,192560063
2021/8/10,4.55,4.56,4.57,4.52,177389103
2021/8/11,4.57,4.65,4.66,4.57,330727248
2021/8/12,4.63,4.63,4.67,4.62,118278136
2021/8/13,4.63,4.61,4.64,4.6,93542819
2021/8/16,4.61,4.62,4.64,4.6,116109333
2021/8/17,4.61,4.62,4.64,4.6,195138306
2021/8/18,4.61,4.67,4.68,4.6,259846618
2021/8/19,4.66,4.64,4.67,4.62,148278726
2021/8/20,4.64,4.66,4.67,4.62,190342577
2021/8/23,4.64,4.63,4.67,4.63,117707675
2021/8/24,4.63,4.63,4.65,4.63,95453098
2021/8/25,4.64,4.63,4.64,4.62,100384789
2021/8/26,4.62,4.62,4.63,4.6,117689309
2021/8/27,4.61,4.64,4.64,4.6,116129716
2021/8/30,4.63,4.58,4.64,4.56,203426605
2021/8/31,4.59,4.62,4.62,4.57,191711450
2021/9/1,4.61,4.68,4.69,4.6,268103361
2021/9/2,4.68,4.69,4.69,4.66,146790356
2021/9/3,4.69,4.73,4.75,4.66,202543720
2021/9/6,4.7,4.73,4.75,4.7,160536498
2021/9/7,4.73,4.75,4.77,4.7,194851319
2021/9/8,4.74,4.77,4.78,4.73,174780048
2021/9/9,4.76,4.75,4.77,4.72,155311748
2021/9/10,4.75,4.79,4.83,4.74,250359269
2021/9/13,4.78,4.77,4.78,4.75,168854899
2021/9/14,4.76,4.71,4.78,4.7,185420345
2021/9/15,4.7,4.68,4.72,4.66,175121628
2021/9/16,4.68,4.68,4.71,4.67,167822042
2021/9/17,4.68,4.7,4.71,4.68,110257170
2021/9/22,4.65,4.63,4.66,4.62,217646013
2021/9/23,4.65,4.66,4.68,4.63,132515669
2021/9/24,4.64,4.64,4.67,4.63,109891431
2021/9/27,4.63,4.63,4.65,4.6,164468354
2021/9/28,4.62,4.66,4.68,4.61,163379542
2021/9/29,4.65,4.68,4.7,4.62,243813654
2021/9/30,4.68,4.66,4.68,4.63,150413152
2021/10/8,4.66,4.71,4.73,4.65,185994625
2021/10/11,4.72,4.74,4.77,4.71,181862463
2021/10/12,4.74,4.75,4.76,4.71,144930590
2021/10/13,4.74,4.72,4.75,4.71,112305696
2021/10/14,4.72,4.71,4.73,4.71,71963708
2021/10/15,4.72,4.75,4.75,4.71,125558856
2021/10/18,4.75,4.73,4.77,4.71,117369621
2021/10/19,4.72,4.72,4.74,4.71,105882612
2021/10/20,4.73,4.7,4.73,4.68,107459635
2021/10/21,4.7,4.74,4.74,4.69,135131627
2021/10/22,4.74,4.73,4.76,4.71,93108629
2021/10/25,4.71,4.72,4.73,4.69,103342397
2021/10/26,4.72,4.7,4.74,4.69,118735003
2021/10/27,4.7,4.7,4.71,4.65,125771216
2021/10/28,4.68,4.67,4.7,4.67,78300844
2021/10/29,4.67,4.67,4.69,4.66,114980798
2021/11/1,4.68,4.73,4.73,4.67,187623531
2021/11/2,4.73,4.65,4.73,4.64,211569300
2021/11/3,4.67,4.64,4.67,4.63,146029780
2021/11/4,4.64,4.65,4.65,4.63,100158090
2021/11/5,4.64,4.66,4.67,4.63,111301684
2021/11/8,4.65,4.63,4.66,4.63,147350723
2021/11/9,4.64,4.64,4.65,4.63,86689619
2021/11/10,4.64,4.62,4.64,4.61,125047530
2021/11/11,4.62,4.66,4.66,4.61,113105925
2021/11/12,4.66,4.65,4.66,4.63,101683794
2021/11/15,4.65,4.67,4.68,4.64,90047027
2021/11/16,4.66,4.65,4.68,4.64,96281473
2021/11/17,4.64,4.65,4.66,4.64,91233273
2021/11/18,4.64,4.64,4.65,4.63,76467398
2021/11/19,4.64,4.66,4.67,4.63,100557257
2021/11/22,4.65,4.63,4.66,4.63,120582921
2021/11/23,4.63,4.63,4.65,4.62,87825991
2021/11/24,4.63,4.64,4.64,4.62,69961234
2021/11/25,4.64,4.63,4.64,4.63,59692352
2021/11/26,4.63,4.61,4.64,4.61,97887739
2021/11/29,4.6,4.58,4.61,4.56,182257581
2021/11/30,4.58,4.58,4.59,4.57,107684186
2021/12/1,4.58,4.6,4.6,4.57,111305051
2021/12/2,4.6,4.61,4.62,4.58,178468219
2021/12/3,4.6,4.61,4.61,4.58,112786648
2021/12/6,4.61,4.63,4.64,4.6,179570677
2021/12/7,4.64,4.66,4.67,4.62,205710491
2021/12/8,4.66,4.64,4.66,4.63,137715679
2021/12/9,4.65,4.66,4.68,4.63,195655482
2021/12/10,4.65,4.66,4.66,4.62,215420340
2021/12/13,4.64,4.63,4.66,4.63,134673715
2021/12/14,4.63,4.62,4.64,4.61,127696943
2021/12/15,4.61,4.61,4.62,4.6,104159689
2021/12/16,4.61,4.62,4.63,4.59,145725514
2021/12/17,4.61,4.61,4.62,4.6,124789948
2021/12/20,4.6,4.61,4.63,4.6,148614561
2021/12/21,4.61,4.65,4.66,4.6,202972372
2021/12/22,4.65,4.64,4.66,4.63,141140040
2021/12/23,4.64,4.65,4.65,4.63,98090990
2021/12/24,4.65,4.65,4.67,4.64,127908797
2021/12/27,4.64,4.66,4.66,4.64,90503312
2021/12/28,4.66,4.68,4.68,4.65,200550469
2021/12/29,4.66,4.66,4.67,4.64,97664653
2021/12/30,4.65,4.64,4.66,4.63,141275058
2021/12/31,4.63,4.63,4.65,4.63,95902215
2022/1/4,4.64,4.67,4.67,4.63,168875635
2022/1/5,4.66,4.71,4.72,4.65,283954624
2022/1/6,4.7,4.7,4.73,4.68,190314359
2022/1/7,4.69,4.74,4.75,4.68,193964955
2022/1/10,4.74,4.75,4.76,4.72,158329303
2022/1/11,4.73,4.75,4.77,4.73,167026297
2022/1/12,4.75,4.72,4.75,4.7,185731519
2022/1/13,4.71,4.73,4.78,4.71,179313500
2022/1/14,4.74,4.68,4.74,4.67,225197035
2022/1/17,4.67,4.65,4.7,4.64,178722662
2022/1/18,4.65,4.69,4.7,4.63,216950022
2022/1/19,4.67,4.7,4.71,4.66,172913175
2022/1/20,4.7,4.75,4.76,4.69,313127456
2022/1/21,4.73,4.7,4.74,4.69,173528070
2022/1/24,4.7,4.7,4.72,4.68,141887130
2022/1/25,4.69,4.67,4.7,4.67,170383668
2022/1/26,4.66,4.69,4.7,4.66,118994814
2022/1/27,4.68,4.68,4.71,4.66,143695502
2022/1/28,4.68,4.66,4.73,4.66,221043880
2022/2/7,4.69,4.74,4.75,4.67,257528860
2022/2/8,4.74,4.85,4.87,4.73,491972048
2022/2/9,4.85,4.84,4.9,4.81,352209536
2022/2/10,4.85,4.86,4.87,4.8,252750988
2022/2/11,4.84,4.87,4.89,4.83,216813019
2022/2/14,4.85,4.8,4.86,4.77,263967446
2022/2/15,4.79,4.76,4.82,4.75,195749099
2022/2/16,4.77,4.78,4.81,4.75,155456701
2022/2/17,4.78,4.78,4.81,4.77,127575079
2022/2/18,4.77,4.81,4.82,4.76,159889548
2022/2/21,4.8,4.82,4.82,4.77,159403365
2022/2/22,4.8,4.78,4.81,4.76,170843755
2022/2/23,4.78,4.77,4.78,4.74,235801579
2022/2/24,4.75,4.7,4.77,4.69,256626628
2022/2/25,4.7,4.67,4.72,4.66,250601820
2022/2/28,4.67,4.66,4.68,4.64,194926963
2022/3/1,4.67,4.68,4.7,4.65,194254562
2022/3/2,4.67,4.7,4.71,4.66,152051440
2022/3/3,4.69,4.74,4.76,4.69,227331198
2022/3/4,4.73,4.72,4.73,4.67,162498774
2022/3/7,4.7,4.65,4.73,4.63,352940976
2022/3/8,4.65,4.62,4.66,4.6,281133552
2022/3/9,4.61,4.56,4.64,4.5,462058480
2022/3/10,4.59,4.56,4.61,4.55,230674382
2022/3/11,4.55,4.61,4.61,4.52,270787536
2022/3/14,4.58,4.59,4.64,4.56,229087259
2022/3/15,4.57,4.54,4.6,4.51,513013280
2022/3/16,4.54,4.55,4.57,4.47,421243248
2022/3/17,4.57,4.52,4.57,4.51,309820976
2022/3/18,4.52,4.55,4.6,4.51,362779728
2022/3/21,4.56,4.54,4.57,4.53,206941762
2022/3/22,4.54,4.59,4.6,4.53,219305460
2022/3/23,4.58,4.57,4.59,4.55,206859015
2022/3/24,4.55,4.58,4.6,4.54,150559056
2022/3/25,4.58,4.62,4.64,4.58,227781541
2022/3/28,4.62,4.69,4.7,4.6,287047600
2022/3/29,4.69,4.72,4.73,4.67,193958079
2022/3/30,4.72,4.71,4.73,4.66,233053021
2022/3/31,4.7,4.77,4.78,4.68,287690896
2022/4/1,4.75,4.79,4.81,4.74,264825048
2022/4/6,4.78,4.83,4.85,4.77,349300704
2022/4/7,4.82,4.82,4.85,4.78,304543328
2022/4/8,4.82,4.81,4.83,4.77,250173255
2022/4/11,4.8,4.78,4.82,4.76,272641456
2022/4/12,4.78,4.78,4.81,4.73,276116784
2022/4/13,4.78,4.79,4.82,4.77,197122360
2022/4/14,4.8,4.77,4.81,4.76,148414496
2022/4/15,4.76,4.76,4.8,4.76,193487775
2022/4/18,4.75,4.72,4.78,4.71,182965837
2022/4/19,4.72,4.73,4.74,4.69,158209354
2022/4/20,4.72,4.74,4.76,4.71,145331908
2022/4/21,4.74,4.78,4.81,4.73,329791136
2022/4/22,4.76,4.84,4.85,4.76,390437792
2022/4/25,4.82,4.75,4.86,4.75,471782608
2022/4/26,4.75,4.81,4.83,4.73,363670896
2022/4/27,4.8,4.71,4.83,4.68,383545168
2022/4/28,4.71,4.77,4.77,4.7,295997072
2022/4/29,4.76,4.78,4.8,4.72,263941660
2022/5/5,4.78,4.75,4.8,4.72,240204834
2022/5/6,4.74,4.74,4.77,4.71,169044734
2022/5/9,4.73,4.76,4.77,4.71,161351638
2022/5/10,4.75,4.73,4.77,4.72,194205706
2022/5/11,4.73,4.66,4.74,4.66,353406096
2022/5/12,4.66,4.65,4.67,4.64,144694424
2022/5/13,4.66,4.7,4.7,4.65,175411195
2022/5/16,4.7,4.68,4.7,4.65,166826315
2022/5/17,4.69,4.66,4.69,4.65,216889033
2022/5/18,4.66,4.62,4.67,4.61,226008427
2022/5/19,4.61,4.61,4.62,4.59,169155629
2022/5/20,4.62,4.63,4.63,4.59,240691632
2022/5/23,4.62,4.62,4.64,4.62,173224351
2022/5/24,4.63,4.67,4.68,4.62,243774864
2022/5/25,4.67,4.66,4.68,4.65,152315656
2022/5/26,4.66,4.65,4.67,4.63,191767089
2022/5/27,4.66,4.67,4.67,4.64,124999758
2022/5/30,4.67,4.65,4.69,4.64,158827431
2022/5/31,4.64,4.66,4.68,4.63,251365747
2022/6/1,4.65,4.65,4.67,4.63,140067661
2022/6/2,4.64,4.63,4.65,4.62,152163807
2022/6/6,4.63,4.6,4.64,4.58,295433440
2022/6/7,4.6,4.61,4.63,4.59,187312009
2022/6/8,4.62,4.64,4.64,4.61,173630219
2022/6/9,4.63,4.66,4.67,4.62,219361973
2022/6/10,4.66,4.69,4.69,4.65,264709044
2022/6/13,4.68,4.67,4.69,4.63,228241127
2022/6/14,4.66,4.72,4.73,4.65,227148853
2022/6/15,4.72,4.73,4.77,4.7,298135888
2022/6/16,4.73,4.7,4.74,4.69,210148840
2022/6/17,4.7,4.75,4.75,4.69,181063822
2022/6/20,4.75,4.7,4.75,4.7,186411517
2022/6/21,4.71,4.76,4.77,4.7,209405397
2022/6/22,4.75,4.75,4.79,4.74,156720149
2022/6/23,4.76,4.77,4.78,4.75,175436211
2022/6/24,4.76,4.74,4.78,4.72,183853897
2022/6/27,4.74,4.71,4.75,4.7,231519067
2022/6/28,4.71,4.73,4.74,4.69,170737101
2022/6/29,4.73,4.77,4.77,4.72,215549058
2022/6/30,4.76,4.77,4.78,4.74,178325535
2022/7/1,4.77,4.77,4.78,4.74,134935817
2022/7/4,4.77,4.77,4.79,4.75,130612061
2022/7/5,4.78,4.8,4.81,4.77,203672006
2022/7/6,4.8,4.78,4.81,4.76,176855107
2022/7/7,4.78,4.76,4.79,4.76,161603898
2022/7/8,4.77,4.77,4.78,4.74,162028879
2022/7/11,4.77,4.79,4.8,4.75,331908902
2022/7/12,4.52,4.51,4.53,4.5,313447842
2022/7/13,4.51,4.42,4.51,4.41,339361224
2022/7/14,4.42,4.37,4.42,4.32,343023331
2022/7/15,4.36,4.33,4.38,4.33,218886260
2022/7/18,4.34,4.37,4.37,4.34,177053974
2022/7/19,4.36,4.39,4.41,4.35,174735865
2022/7/20,4.4,4.44,4.45,4.39,162958037
2022/7/21,4.45,4.39,4.45,4.39,148655038
2022/7/22,4.39,4.41,4.43,4.39,143873736
2022/7/25,4.41,4.44,4.44,4.4,131520370
2022/7/26,4.44,4.42,4.45,4.42,138224601
2022/7/27,4.42,4.39,4.43,4.39,125974061
2022/7/28,4.39,4.39,4.42,4.39,119858370
2022/7/29,4.4,4.38,4.42,4.37,143301779
2022/8/1,4.37,4.37,4.4,4.36,133647435
2022/8/2,4.36,4.35,4.37,4.33,180306667
2022/8/3,4.34,4.32,4.36,4.32,141581450
2022/8/4,4.34,4.37,4.38,4.32,185863244
2022/8/5,4.38,4.39,4.4,4.36,122691518
2022/8/8,4.39,4.35,4.39,4.34,129470948
2022/8/9,4.35,4.34,4.37,4.34,82021225
2022/8/10,4.34,4.33,4.35,4.32,90758527
2022/8/11,4.34,4.36,4.37,4.33,152653308
2022/8/12,4.36,4.36,4.37,4.34,112627134
2022/8/15,4.35,4.34,4.36,4.33,119388944
2022/8/16,4.34,4.33,4.35,4.33,129259534
2022/8/17,4.34,4.34,4.35,4.32,173707762
2022/8/18,4.34,4.32,4.34,4.32,107977056
2022/8/19,4.33,4.33,4.35,4.32,106555720
2022/8/22,4.33,4.33,4.35,4.32,102298346
2022/8/23,4.33,4.32,4.34,4.32,106212820
2022/8/24,4.33,4.32,4.34,4.32,110218503
2022/8/25,4.33,4.34,4.34,4.32,116466910
2022/8/26,4.34,4.35,4.35,4.33,98104572
2022/8/29,4.34,4.33,4.35,4.32,102906353
2022/8/30,4.34,4.36,4.36,4.33,134022525
2022/8/31,4.35,4.38,4.38,4.34,259239209
2022/9/1,4.36,4.36,4.37,4.35,105691815
2022/9/2,4.35,4.35,4.37,4.34,129784655
2022/9/5,4.35,4.36,4.36,4.33,125909116
2022/9/6,4.36,4.36,4.38,4.34,184580231
2022/9/7,4.36,4.35,4.36,4.34,118912921
2022/9/8,4.36,4.35,4.36,4.34,108674240
2022/9/9,4.36,4.36,4.38,4.35,162795022
2022/9/13,4.37,4.38,4.39,4.36,207622855
2022/9/14,4.36,4.36,4.38,4.36,119521547
2022/9/15,4.37,4.39,4.4,4.36,299407017
2022/9/16,4.39,4.36,4.4,4.36,242717138
2022/9/19,4.37,4.38,4.39,4.36,216720703
2022/9/20,4.39,4.37,4.39,4.36,148524942
2022/9/21,4.37,4.37,4.39,4.35,157848349
2022/9/22,4.36,4.39,4.4,4.35,285730508
2022/9/23,4.38,4.4,4.41,4.37,281224160
2022/9/26,4.39,4.35,4.4,4.35,262698303
2022/9/27,4.35,4.34,4.36,4.33,190035823
2022/9/28,4.34,4.35,4.36,4.33,180577277
2022/9/29,4.36,4.33,4.36,4.33,175882532
2022/9/30,4.34,4.35,4.36,4.33,157862846
2022/10/10,4.35,4.36,4.38,4.33,317778153
2022/10/11,4.36,4.37,4.38,4.34,207120632
2022/10/12,4.37,4.4,4.4,4.36,259239180
2022/10/13,4.39,4.35,4.39,4.34,270034847
2022/10/14,4.35,4.34,4.36,4.33,262969290
2022/10/17,4.34,4.35,4.38,4.33,256254527
2022/10/18,4.36,4.35,4.36,4.34,153338179
2022/10/19,4.34,4.34,4.36,4.34,167922586
2022/10/20,4.35,4.35,4.36,4.34,171289785
2022/10/21,4.35,4.35,4.36,4.34,184623959
2022/10/24,4.35,4.36,4.36,4.33,398276420
2022/10/25,4.35,4.34,4.36,4.34,205983443
2022/10/26,4.34,4.28,4.35,4.28,430515147
2022/10/27,4.28,4.25,4.29,4.24,261456957
2022/10/28,4.26,4.25,4.27,4.24,232238617
2022/10/31,4.25,4.15,4.26,4.14,313680862
2022/11/1,4.15,4.08,4.16,4.01,642844780
2022/11/2,4.05,4.07,4.07,4.01,345062679
2022/11/3,4.05,4.06,4.06,4.04,156467237
2022/11/4,4.05,4.09,4.12,4.05,338099345
2022/11/7,4.09,4.08,4.09,4.06,242076334
2022/11/8,4.08,4.09,4.09,4.07,126671007
2022/11/9,4.09,4.1,4.11,4.08,136875257
2022/11/10,4.09,4.11,4.11,4.08,142397457
2022/11/11,4.12,4.15,4.16,4.11,276835288
2022/11/14,4.16,4.15,4.19,4.15,270815058
2022/11/15,4.16,4.17,4.18,4.15,156414010
2022/11/16,4.17,4.16,4.18,4.16,113277031
2022/11/17,4.16,4.17,4.17,4.14,168171659
2022/11/18,4.17,4.17,4.19,4.16,178548149
2022/11/21,4.17,4.18,4.19,4.15,180523196
2022/11/22,4.18,4.23,4.25,4.17,270255318
2022/11/23,4.23,4.26,4.29,4.22,321090657
2022/11/24,4.27,4.25,4.28,4.24,141365386
2022/11/25,4.25,4.32,4.33,4.25,369825416
2022/11/28,4.29,4.24,4.3,4.22,292727124
2022/11/29,4.25,4.32,4.34,4.24,411695633
2022/11/30,4.3,4.3,4.33,4.28,312182307
2022/12/1,4.32,4.25,4.33,4.24,352708371
2022/12/2,4.25,4.24,4.26,4.23,199898123
2022/12/5,4.26,4.3,4.32,4.25,349731692
2022/12/6,4.3,4.31,4.32,4.29,259751549
2022/12/7,4.31,4.29,4.32,4.28,222335763
2022/12/8,4.29,4.3,4.31,4.28,196600646
2022/12/9,4.3,4.3,4.32,4.29,256490365
2022/12/12,4.3,4.27,4.3,4.27,196708131
2022/12/13,4.28,4.3,4.31,4.27,164073577
2022/12/14,4.3,4.29,4.31,4.27,197505351
2022/12/15,4.28,4.26,4.29,4.25,179303937
2022/12/16,4.26,4.29,4.29,4.24,198217166
2022/12/19,4.28,4.26,4.31,4.25,164783722
2022/12/20,4.25,4.23,4.27,4.23,176970742
2022/12/21,4.23,4.25,4.26,4.23,118893037
2022/12/22,4.26,4.27,4.28,4.25,129688869
2022/12/23,4.27,4.25,4.27,4.25,90459786
2022/12/26,4.26,4.26,4.28,4.24,147070124
2022/12/27,4.27,4.3,4.31,4.26,184963329
2022/12/28,4.3,4.32,4.33,4.29,175591554
2022/12/29,4.31,4.3,4.32,4.26,188566553
2022/12/30,4.31,4.34,4.35,4.3,298338666
2023/1/3,4.34,4.31,4.34,4.3,242880970
2023/1/4,4.32,4.36,4.36,4.31,235147735
2023/1/5,4.36,4.33,4.38,4.33,201779778
2023/1/6,4.33,4.34,4.35,4.31,168713802
2023/1/9,4.35,4.33,4.36,4.33,166679160
2023/1/10,4.34,4.3,4.34,4.3,175125873
2023/1/11,4.3,4.31,4.32,4.29,134949638
2023/1/12,4.31,4.3,4.32,4.29,109553061
2023/1/13,4.3,4.34,4.34,4.3,131055643
2023/1/16,4.34,4.34,4.36,4.33,223950053
2023/1/17,4.34,4.33,4.35,4.31,134839646
2023/1/18,4.33,4.34,4.35,4.33,129040220
2023/1/19,4.33,4.33,4.34,4.31,131115398
2023/1/20,4.33,4.33,4.34,4.32,142323356
2023/1/30,4.34,4.32,4.35,4.31,245108379
2023/1/31,4.32,4.32,4.33,4.31,168763524
2023/2/1,4.32,4.31,4.33,4.3,172925259
2023/2/2,4.32,4.3,4.32,4.3,202073628
2023/2/3,4.3,4.3,4.31,4.29,197419101
2023/2/6,4.3,4.29,4.3,4.28,216213750
2023/2/7,4.29,4.29,4.31,4.28,158352142
2023/2/8,4.3,4.3,4.31,4.29,129492829
2023/2/9,4.29,4.3,4.31,4.29,130765909
2023/2/10,4.31,4.31,4.31,4.29,120237620
2023/2/13,4.3,4.29,4.31,4.29,190254036
2023/2/14,4.3,4.3,4.31,4.29,106455757
2023/2/15,4.3,4.29,4.31,4.28,204044617
2023/2/16,4.29,4.28,4.3,4.28,189424699
2023/2/17,4.28,4.28,4.3,4.28,178639516
2023/2/20,4.29,4.31,4.31,4.28,233984407
2023/2/21,4.3,4.32,4.32,4.3,167893037
2023/2/22,4.32,4.3,4.32,4.3,93751993
2023/2/23,4.31,4.3,4.32,4.3,121562807
2023/2/24,4.31,4.29,4.31,4.29,139118256
2023/2/27,4.29,4.29,4.3,4.28,120180177
2023/2/28,4.29,4.3,4.3,4.28,158050125
2023/3/1,4.3,4.3,4.31,4.29,257556670
2023/3/2,4.3,4.32,4.32,4.29,220929425
2023/3/3,4.32,4.36,4.37,4.32,322251125
2023/3/6,4.37,4.35,4.38,4.34,321861178
2023/3/7,4.35,4.39,4.48,4.34,677093404
2023/3/8,4.37,4.4,4.41,4.35,251397716
2023/3/9,4.4,4.38,4.44,4.38,241087853
2023/3/10,4.36,4.34,4.38,4.34,222125432
2023/3/13,4.34,4.4,4.41,4.33,249191240
2023/3/14,4.39,4.41,4.44,4.38,254264476
2023/3/15,4.43,4.46,4.47,4.41,289683079
2023/3/16,4.45,4.52,4.57,4.44,587394744
2023/3/17,4.53,4.52,4.58,4.49,342858062
2023/3/20,4.52,4.51,4.6,4.5,338644615
2023/3/21,4.52,4.45,4.55,4.44,273510246
2023/3/22,4.46,4.52,4.52,4.45,221808782
2023/3/23,4.51,4.52,4.53,4.48,189847348
2023/3/24,4.51,4.48,4.51,4.47,161952887
2023/3/27,4.47,4.46,4.48,4.41,212695930
2023/3/28,4.47,4.49,4.5,4.44,171859069
2023/3/29,4.5,4.51,4.53,4.46,215332456
2023/3/30,4.51,4.52,4.55,4.48,181026632
2023/3/31,4.52,4.46,4.52,4.45,234562482
2023/4/3,4.46,4.45,4.47,4.44,200518609
2023/4/4,4.45,4.52,4.52,4.44,306159133
2023/4/6,4.51,4.53,4.54,4.49,195821608
2023/4/7,4.52,4.53,4.54,4.51,124734768
2023/4/10,4.53,4.55,4.56,4.5,240344917
2023/4/11,4.55,4.55,4.57,4.53,185217653
2023/4/12,4.56,4.61,4.64,4.55,319851803
2023/4/13,4.6,4.63,4.65,4.58,218734268
2023/4/14,4.65,4.63,4.65,4.61,151496089
2023/4/17,4.63,4.73,4.74,4.62,355629181
2023/4/18,4.73,4.77,4.81,4.72,395257434
2023/4/19,4.77,4.76,4.8,4.75,269921378
2023/4/20,4.76,4.74,4.79,4.68,318001341
2023/4/21,4.74,4.7,4.79,4.69,315854005
2023/4/24,4.7,4.72,4.75,4.68,306206810
2023/4/25,4.71,4.75,4.78,4.71,391567475
2023/4/26,4.74,4.75,4.78,4.65,400961115
2023/4/27,4.74,4.75,4.75,4.7,265707962
2023/4/28,4.74,4.72,4.78,4.7,250324400
2023/5/4,4.7,4.95,4.96,4.68,728970842
2023/5/5,4.94,4.99,5.1,4.94,682881000
2023/5/8,5.02,5.3,5.36,5.01,1048861302
2023/5/9,5.37,5.27,5.47,5.22,933498615
2023/5/10,5.22,5.03,5.26,4.99,751635446
2023/5/11,5.03,5,5.11,4.99,403736261
2023/5/12,4.99,4.98,5.05,4.95,365183927
2023/5/15,4.99,5.04,5.06,4.85,512125141
2023/5/16,5.04,5.01,5.14,4.98,323857900
2023/5/17,4.99,4.99,5.04,4.93,261539551
2023/5/18,5,5.12,5.18,4.99,440289321
2023/5/19,5.11,5.04,5.14,5.04,308225032
2023/5/22,5.04,5.07,5.15,5.02,257869576
2023/5/23,5.06,4.93,5.11,4.91,441179999
2023/5/24,4.95,4.76,4.96,4.75,522754145
2023/5/25,4.73,4.74,4.77,4.7,346134735
2023/5/26,4.74,4.8,4.84,4.72,234693092
2023/5/29,4.81,4.85,4.88,4.8,298055948
2023/5/30,4.84,4.82,4.88,4.79,268917549
2023/5/31,4.81,4.83,4.87,4.78,251354153
2023/6/1,4.82,4.86,4.92,4.8,270866017
2023/6/2,4.86,4.88,4.9,4.84,159486842
2023/6/5,4.88,4.96,4.98,4.86,196182025
2023/6/6,4.96,4.96,5.05,4.94,250176490
2023/6/7,4.97,5.01,5.05,4.97,219296442
2023/6/8,5.01,5.09,5.1,4.98,241381683
2023/6/9,5.08,5.07,5.12,5.06,211425548
2023/6/12,5.08,4.97,5.09,4.95,270665625
2023/6/13,4.96,5,5.01,4.95,162239381
2023/6/14,4.99,4.87,5.02,4.86,350457716
2023/6/15,4.9,4.91,4.96,4.87,225251916
2023/6/16,4.91,4.88,4.92,4.88,217723833
2023/6/19,4.88,4.83,4.89,4.81,229411514
2023/6/20,4.83,4.83,4.87,4.8,175480258
2023/6/21,4.82,4.85,4.93,4.81,273608767
2023/6/26,4.85,4.77,4.86,4.75,298983796
2023/6/27,4.77,4.81,4.82,4.73,212921448
2023/6/28,4.8,4.82,4.84,4.78,191402617
2023/6/29,4.81,4.78,4.82,4.78,176864700
2023/6/30,4.79,4.82,4.84,4.79,178939386
2023/7/3,4.84,4.88,4.89,4.8,288517237
2023/7/4,4.87,4.83,4.88,4.82,223608129
2023/7/5,4.83,4.82,4.85,4.79,165050824
2023/7/6,4.8,4.77,4.83,4.76,240267818
2023/7/7,4.76,4.76,4.81,4.75,220464340
2023/7/10,4.77,4.77,4.79,4.75,125939340
2023/7/11,4.79,4.83,4.84,4.78,181036138
2023/7/12,4.83,4.81,4.86,4.8,186267315
2023/7/13,4.82,4.87,4.89,4.82,258113339
2023/7/14,4.88,4.87,4.9,4.84,305679951
2023/7/17,4.6,4.57,4.61,4.55,287292576
2023/7/18,4.57,4.54,4.58,4.52,210410278
2023/7/19,4.53,4.56,4.57,4.52,145154682
2023/7/20,4.57,4.58,4.6,4.56,144410538
2023/7/21,4.57,4.58,4.59,4.56,130322632
2023/7/24,4.57,4.57,4.59,4.54,115890583
2023/7/25,4.59,4.62,4.63,4.58,192450760
2023/7/26,4.62,4.63,4.64,4.6,115433768
2023/7/27,4.63,4.7,4.75,4.63,240424094
2023/7/28,4.68,4.79,4.8,4.67,258504518
2023/7/31,4.8,4.77,4.86,4.74,282209705
2023/8/1,4.77,4.78,4.8,4.75,184994817
2023/8/2,4.75,4.67,4.76,4.65,301643561
2023/8/3,4.67,4.72,4.74,4.64,211053335
2023/8/4,4.74,4.74,4.78,4.7,235955082
2023/8/7,4.73,4.71,4.73,4.67,189989034
2023/8/8,4.7,4.68,4.71,4.67,129297486
2023/8/9,4.67,4.71,4.71,4.67,127589157
2023/8/10,4.7,4.69,4.71,4.67,125126326
2023/8/11,4.69,4.61,4.69,4.61,206555365
2023/8/14,4.59,4.56,4.59,4.54,206290437
2023/8/15,4.57,4.64,4.66,4.56,190195741
2023/8/16,4.62,4.64,4.65,4.6,131958720
2023/8/17,4.63,4.6,4.63,4.57,177738013
2023/8/18,4.59,4.61,4.67,4.58,210684420
2023/8/21,4.61,4.56,4.63,4.56,200805966
2023/8/22,4.57,4.62,4.64,4.55,259120096
2023/8/23,4.61,4.64,4.68,4.59,251984855
2023/8/24,4.65,4.59,4.66,4.59,211778809
2023/8/25,4.58,4.66,4.68,4.58,267093185
2023/8/28,4.8,4.73,4.8,4.68,433547377
2023/8/29,4.71,4.63,4.72,4.61,380580667
2023/8/30,4.63,4.59,4.63,4.57,325421081
2023/8/31,4.58,4.62,4.64,4.56,289427934
2023/9/1,4.59,4.57,4.61,4.55,296828399
2023/9/4,4.58,4.6,4.61,4.56,251176029
2023/9/5,4.59,4.59,4.6,4.58,166532913
2023/9/6,4.58,4.61,4.62,4.58,156562216
2023/9/7,4.61,4.62,4.64,4.6,211028480
2023/9/8,4.62,4.59,4.62,4.58,122821874
2023/9/11,4.59,4.59,4.61,4.58,173410368
2023/9/12,4.59,4.6,4.6,4.58,126071489
2023/9/13,4.6,4.62,4.63,4.59,206287857
2023/9/14,4.63,4.68,4.68,4.62,351170670
2023/9/15,4.68,4.63,4.7,4.63,239732357
2023/9/18,4.64,4.64,4.65,4.61,166125786
2023/9/19,4.64,4.68,4.68,4.63,206613320
2023/9/20,4.67,4.69,4.71,4.66,284415941
2023/9/21,4.69,4.69,4.74,4.68,298161943
2023/9/22,4.69,4.74,4.74,4.67,309988640
2023/9/25,4.74,4.73,4.76,4.72,237222711
2023/9/26,4.74,4.7,4.75,4.68,214847545
2023/9/27,4.7,4.65,4.71,4.65,225802862
2023/9/28,4.67,4.68,4.7,4.66,156971696
2023/10/9,4.65,4.67,4.7,4.63,214806559
2023/10/10,4.69,4.68,4.72,4.67,186035624
2023/10/11,4.69,4.72,4.73,4.69,269205011
2023/10/12,4.8,4.84,4.85,4.78,567765757
2023/10/13,4.81,4.89,4.94,4.8,428227331
2023/10/16,4.88,4.92,4.94,4.85,282349473
2023/10/17,4.91,4.92,4.93,4.89,190043865
2023/10/18,4.91,4.93,4.98,4.9,275779040
2023/10/19,4.91,4.83,4.92,4.81,363163394
2023/10/20,4.8,4.79,4.84,4.76,274782494
2023/10/23,4.78,4.82,4.85,4.77,268713543
2023/10/24,4.82,4.76,4.83,4.73,335548267
2023/10/25,4.77,4.71,4.79,4.71,348926020
2023/10/26,4.71,4.79,4.8,4.71,306531320
2023/10/27,4.8,4.77,4.83,4.75,292963333
2023/10/30,4.75,4.69,4.76,4.66,468611543
2023/10/31,4.69,4.73,4.74,4.67,241111606
2023/11/1,4.74,4.77,4.78,4.7,216678245
2023/11/2,4.78,4.78,4.82,4.77,213221716
2023/11/3,4.78,4.74,4.79,4.73,199554443
2023/11/6,4.74,4.71,4.76,4.7,315553562
2023/11/7,4.71,4.72,4.75,4.69,176268114
2023/11/8,4.71,4.71,4.74,4.69,230797803
2023/11/9,4.7,4.78,4.79,4.7,277464405
2023/11/10,4.77,4.78,4.82,4.74,215701907
2023/11/13,4.78,4.76,4.78,4.72,178447223
2023/11/14,4.75,4.79,4.79,4.73,206539273
2023/11/15,4.78,4.79,4.8,4.77,151014482
2023/11/16,4.78,4.8,4.82,4.77,178304921
2023/11/17,4.8,4.78,4.81,4.76,173374518
2023/11/20,4.78,4.81,4.82,4.77,173724426
2023/11/21,4.81,4.81,4.84,4.8,185578621
2023/11/22,4.8,4.8,4.83,4.79,142623261
2023/11/23,4.81,4.8,4.81,4.77,171301515
2023/11/24,4.8,4.8,4.82,4.79,186232446
2023/11/27,4.79,4.78,4.8,4.75,218371003
2023/11/28,4.78,4.79,4.8,4.77,133351104
2023/11/29,4.78,4.77,4.79,4.76,160800736
2023/11/30,4.77,4.81,4.81,4.76,214640258
2023/12/1,4.8,4.81,4.83,4.79,250046651
2023/12/4,4.81,4.8,4.83,4.8,153186134
2023/12/5,4.8,4.76,4.81,4.76,198198879
2023/12/6,4.76,4.7,4.76,4.7,295296499
2023/12/7,4.7,4.73,4.75,4.68,234775811
2023/12/8,4.74,4.73,4.77,4.72,198378401
2023/12/11,4.72,4.73,4.75,4.65,279616194
2023/12/12,4.72,4.79,4.8,4.7,276903714
2023/12/13,4.79,4.79,4.81,4.77,249030427
2023/12/14,4.79,4.77,4.81,4.76,152173810
2023/12/15,4.77,4.73,4.79,4.73,195390487
2023/12/18,4.73,4.77,4.8,4.71,238076215
2023/12/19,4.77,4.79,4.8,4.76,175394013
2023/12/20,4.8,4.79,4.83,4.77,221981982
2023/12/21,4.78,4.79,4.8,4.73,246534466
2023/12/22,4.79,4.78,4.8,4.76,221855554
2023/12/25,4.77,4.8,4.81,4.77,109480935
2023/12/26,4.8,4.82,4.82,4.79,148737176
2023/12/27,4.82,4.83,4.84,4.78,184318820
2023/12/28,4.83,4.77,4.85,4.77,346516202
2023/12/29,4.78,4.78,4.8,4.77,180047763
