,688111.SH,688111.SH,688111.SH,688111.SH,688111.SH
,金山办公,金山办公,金山办公,金山办公,金山办公
date,open,close,high,low,volume
2014-01-02,0,0,0,0,0
2014-01-03,0,0,0,0,0
2014-01-06,0,0,0,0,0
2014-01-07,0,0,0,0,0
2014-01-08,0,0,0,0,0
2014-01-09,0,0,0,0,0
2014-01-10,0,0,0,0,0
2014-01-13,0,0,0,0,0
2014-01-14,0,0,0,0,0
2014-01-15,0,0,0,0,0
2014-01-16,0,0,0,0,0
2014-01-17,0,0,0,0,0
2014-01-20,0,0,0,0,0
2014-01-21,0,0,0,0,0
2014-01-22,0,0,0,0,0
2014-01-23,0,0,0,0,0
2014-01-24,0,0,0,0,0
2014-01-27,0,0,0,0,0
2014-01-28,0,0,0,0,0
2014-01-29,0,0,0,0,0
2014-01-30,0,0,0,0,0
2014-02-07,0,0,0,0,0
2014-02-10,0,0,0,0,0
2014-02-11,0,0,0,0,0
2014-02-12,0,0,0,0,0
2014-02-13,0,0,0,0,0
2014-02-14,0,0,0,0,0
2014-02-17,0,0,0,0,0
2014-02-18,0,0,0,0,0
2014-02-19,0,0,0,0,0
2014-02-20,0,0,0,0,0
2014-02-21,0,0,0,0,0
2014-02-24,0,0,0,0,0
2014-02-25,0,0,0,0,0
2014-02-26,0,0,0,0,0
2014-02-27,0,0,0,0,0
2014-02-28,0,0,0,0,0
2014-03-03,0,0,0,0,0
2014-03-04,0,0,0,0,0
2014-03-05,0,0,0,0,0
2014-03-06,0,0,0,0,0
2014-03-07,0,0,0,0,0
2014-03-10,0,0,0,0,0
2014-03-11,0,0,0,0,0
2014-03-12,0,0,0,0,0
2014-03-13,0,0,0,0,0
2014-03-14,0,0,0,0,0
2014-03-17,0,0,0,0,0
2014-03-18,0,0,0,0,0
2014-03-19,0,0,0,0,0
2014-03-20,0,0,0,0,0
2014-03-21,0,0,0,0,0
2014-03-24,0,0,0,0,0
2014-03-25,0,0,0,0,0
2014-03-26,0,0,0,0,0
2014-03-27,0,0,0,0,0
2014-03-28,0,0,0,0,0
2014-03-31,0,0,0,0,0
2014-04-01,0,0,0,0,0
2014-04-02,0,0,0,0,0
2014-04-03,0,0,0,0,0
2014-04-04,0,0,0,0,0
2014-04-08,0,0,0,0,0
2014-04-09,0,0,0,0,0
2014-04-10,0,0,0,0,0
2014-04-11,0,0,0,0,0
2014-04-14,0,0,0,0,0
2014-04-15,0,0,0,0,0
2014-04-16,0,0,0,0,0
2014-04-17,0,0,0,0,0
2014-04-18,0,0,0,0,0
2014-04-21,0,0,0,0,0
2014-04-22,0,0,0,0,0
2014-04-23,0,0,0,0,0
2014-04-24,0,0,0,0,0
2014-04-25,0,0,0,0,0
2014-04-28,0,0,0,0,0
2014-04-29,0,0,0,0,0
2014-04-30,0,0,0,0,0
2014-05-05,0,0,0,0,0
2014-05-06,0,0,0,0,0
2014-05-07,0,0,0,0,0
2014-05-08,0,0,0,0,0
2014-05-09,0,0,0,0,0
2014-05-12,0,0,0,0,0
2014-05-13,0,0,0,0,0
2014-05-14,0,0,0,0,0
2014-05-15,0,0,0,0,0
2014-05-16,0,0,0,0,0
2014-05-19,0,0,0,0,0
2014-05-20,0,0,0,0,0
2014-05-21,0,0,0,0,0
2014-05-22,0,0,0,0,0
2014-05-23,0,0,0,0,0
2014-05-26,0,0,0,0,0
2014-05-27,0,0,0,0,0
2014-05-28,0,0,0,0,0
2014-05-29,0,0,0,0,0
2014-05-30,0,0,0,0,0
2014-06-03,0,0,0,0,0
2014-06-04,0,0,0,0,0
2014-06-05,0,0,0,0,0
2014-06-06,0,0,0,0,0
2014-06-09,0,0,0,0,0
2014-06-10,0,0,0,0,0
2014-06-11,0,0,0,0,0
2014-06-12,0,0,0,0,0
2014-06-13,0,0,0,0,0
2014-06-16,0,0,0,0,0
2014-06-17,0,0,0,0,0
2014-06-18,0,0,0,0,0
2014-06-19,0,0,0,0,0
2014-06-20,0,0,0,0,0
2014-06-23,0,0,0,0,0
2014-06-24,0,0,0,0,0
2014-06-25,0,0,0,0,0
2014-06-26,0,0,0,0,0
2014-06-27,0,0,0,0,0
2014-06-30,0,0,0,0,0
2014-07-01,0,0,0,0,0
2014-07-02,0,0,0,0,0
2014-07-03,0,0,0,0,0
2014-07-04,0,0,0,0,0
2014-07-07,0,0,0,0,0
2014-07-08,0,0,0,0,0
2014-07-09,0,0,0,0,0
2014-07-10,0,0,0,0,0
2014-07-11,0,0,0,0,0
2014-07-14,0,0,0,0,0
2014-07-15,0,0,0,0,0
2014-07-16,0,0,0,0,0
2014-07-17,0,0,0,0,0
2014-07-18,0,0,0,0,0
2014-07-21,0,0,0,0,0
2014-07-22,0,0,0,0,0
2014-07-23,0,0,0,0,0
2014-07-24,0,0,0,0,0
2014-07-25,0,0,0,0,0
2014-07-28,0,0,0,0,0
2014-07-29,0,0,0,0,0
2014-07-30,0,0,0,0,0
2014-07-31,0,0,0,0,0
2014-08-01,0,0,0,0,0
2014-08-04,0,0,0,0,0
2014-08-05,0,0,0,0,0
2014-08-06,0,0,0,0,0
2014-08-07,0,0,0,0,0
2014-08-08,0,0,0,0,0
2014-08-11,0,0,0,0,0
2014-08-12,0,0,0,0,0
2014-08-13,0,0,0,0,0
2014-08-14,0,0,0,0,0
2014-08-15,0,0,0,0,0
2014-08-18,0,0,0,0,0
2014-08-19,0,0,0,0,0
2014-08-20,0,0,0,0,0
2014-08-21,0,0,0,0,0
2014-08-22,0,0,0,0,0
2014-08-25,0,0,0,0,0
2014-08-26,0,0,0,0,0
2014-08-27,0,0,0,0,0
2014-08-28,0,0,0,0,0
2014-08-29,0,0,0,0,0
2014-09-01,0,0,0,0,0
2014-09-02,0,0,0,0,0
2014-09-03,0,0,0,0,0
2014-09-04,0,0,0,0,0
2014-09-05,0,0,0,0,0
2014-09-09,0,0,0,0,0
2014-09-10,0,0,0,0,0
2014-09-11,0,0,0,0,0
2014-09-12,0,0,0,0,0
2014-09-15,0,0,0,0,0
2014-09-16,0,0,0,0,0
2014-09-17,0,0,0,0,0
2014-09-18,0,0,0,0,0
2014-09-19,0,0,0,0,0
2014-09-22,0,0,0,0,0
2014-09-23,0,0,0,0,0
2014-09-24,0,0,0,0,0
2014-09-25,0,0,0,0,0
2014-09-26,0,0,0,0,0
2014-09-29,0,0,0,0,0
2014-09-30,0,0,0,0,0
2014-10-08,0,0,0,0,0
2014-10-09,0,0,0,0,0
2014-10-10,0,0,0,0,0
2014-10-13,0,0,0,0,0
2014-10-14,0,0,0,0,0
2014-10-15,0,0,0,0,0
2014-10-16,0,0,0,0,0
2014-10-17,0,0,0,0,0
2014-10-20,0,0,0,0,0
2014-10-21,0,0,0,0,0
2014-10-22,0,0,0,0,0
2014-10-23,0,0,0,0,0
2014-10-24,0,0,0,0,0
2014-10-27,0,0,0,0,0
2014-10-28,0,0,0,0,0
2014-10-29,0,0,0,0,0
2014-10-30,0,0,0,0,0
2014-10-31,0,0,0,0,0
2014-11-03,0,0,0,0,0
2014-11-04,0,0,0,0,0
2014-11-05,0,0,0,0,0
2014-11-06,0,0,0,0,0
2014-11-07,0,0,0,0,0
2014-11-10,0,0,0,0,0
2014-11-11,0,0,0,0,0
2014-11-12,0,0,0,0,0
2014-11-13,0,0,0,0,0
2014-11-14,0,0,0,0,0
2014-11-17,0,0,0,0,0
2014-11-18,0,0,0,0,0
2014-11-19,0,0,0,0,0
2014-11-20,0,0,0,0,0
2014-11-21,0,0,0,0,0
2014-11-24,0,0,0,0,0
2014-11-25,0,0,0,0,0
2014-11-26,0,0,0,0,0
2014-11-27,0,0,0,0,0
2014-11-28,0,0,0,0,0
2014-12-01,0,0,0,0,0
2014-12-02,0,0,0,0,0
2014-12-03,0,0,0,0,0
2014-12-04,0,0,0,0,0
2014-12-05,0,0,0,0,0
2014-12-08,0,0,0,0,0
2014-12-09,0,0,0,0,0
2014-12-10,0,0,0,0,0
2014-12-11,0,0,0,0,0
2014-12-12,0,0,0,0,0
2014-12-15,0,0,0,0,0
2014-12-16,0,0,0,0,0
2014-12-17,0,0,0,0,0
2014-12-18,0,0,0,0,0
2014-12-19,0,0,0,0,0
2014-12-22,0,0,0,0,0
2014-12-23,0,0,0,0,0
2014-12-24,0,0,0,0,0
2014-12-25,0,0,0,0,0
2014-12-26,0,0,0,0,0
2014-12-29,0,0,0,0,0
2014-12-30,0,0,0,0,0
2014-12-31,0,0,0,0,0
2015-01-05,0,0,0,0,0
2015-01-06,0,0,0,0,0
2015-01-07,0,0,0,0,0
2015-01-08,0,0,0,0,0
2015-01-09,0,0,0,0,0
2015-01-12,0,0,0,0,0
2015-01-13,0,0,0,0,0
2015-01-14,0,0,0,0,0
2015-01-15,0,0,0,0,0
2015-01-16,0,0,0,0,0
2015-01-19,0,0,0,0,0
2015-01-20,0,0,0,0,0
2015-01-21,0,0,0,0,0
2015-01-22,0,0,0,0,0
2015-01-23,0,0,0,0,0
2015-01-26,0,0,0,0,0
2015-01-27,0,0,0,0,0
2015-01-28,0,0,0,0,0
2015-01-29,0,0,0,0,0
2015-01-30,0,0,0,0,0
2015-02-02,0,0,0,0,0
2015-02-03,0,0,0,0,0
2015-02-04,0,0,0,0,0
2015-02-05,0,0,0,0,0
2015-02-06,0,0,0,0,0
2015-02-09,0,0,0,0,0
2015-02-10,0,0,0,0,0
2015-02-11,0,0,0,0,0
2015-02-12,0,0,0,0,0
2015-02-13,0,0,0,0,0
2015-02-16,0,0,0,0,0
2015-02-17,0,0,0,0,0
2015-02-25,0,0,0,0,0
2015-02-26,0,0,0,0,0
2015-02-27,0,0,0,0,0
2015-03-02,0,0,0,0,0
2015-03-03,0,0,0,0,0
2015-03-04,0,0,0,0,0
2015-03-05,0,0,0,0,0
2015-03-06,0,0,0,0,0
2015-03-09,0,0,0,0,0
2015-03-10,0,0,0,0,0
2015-03-11,0,0,0,0,0
2015-03-12,0,0,0,0,0
2015-03-13,0,0,0,0,0
2015-03-16,0,0,0,0,0
2015-03-17,0,0,0,0,0
2015-03-18,0,0,0,0,0
2015-03-19,0,0,0,0,0
2015-03-20,0,0,0,0,0
2015-03-23,0,0,0,0,0
2015-03-24,0,0,0,0,0
2015-03-25,0,0,0,0,0
2015-03-26,0,0,0,0,0
2015-03-27,0,0,0,0,0
2015-03-30,0,0,0,0,0
2015-03-31,0,0,0,0,0
2015-04-01,0,0,0,0,0
2015-04-02,0,0,0,0,0
2015-04-03,0,0,0,0,0
2015-04-07,0,0,0,0,0
2015-04-08,0,0,0,0,0
2015-04-09,0,0,0,0,0
2015-04-10,0,0,0,0,0
2015-04-13,0,0,0,0,0
2015-04-14,0,0,0,0,0
2015-04-15,0,0,0,0,0
2015-04-16,0,0,0,0,0
2015-04-17,0,0,0,0,0
2015-04-20,0,0,0,0,0
2015-04-21,0,0,0,0,0
2015-04-22,0,0,0,0,0
2015-04-23,0,0,0,0,0
2015-04-24,0,0,0,0,0
2015-04-27,0,0,0,0,0
2015-04-28,0,0,0,0,0
2015-04-29,0,0,0,0,0
2015-04-30,0,0,0,0,0
2015-05-04,0,0,0,0,0
2015-05-05,0,0,0,0,0
2015-05-06,0,0,0,0,0
2015-05-07,0,0,0,0,0
2015-05-08,0,0,0,0,0
2015-05-11,0,0,0,0,0
2015-05-12,0,0,0,0,0
2015-05-13,0,0,0,0,0
2015-05-14,0,0,0,0,0
2015-05-15,0,0,0,0,0
2015-05-18,0,0,0,0,0
2015-05-19,0,0,0,0,0
2015-05-20,0,0,0,0,0
2015-05-21,0,0,0,0,0
2015-05-22,0,0,0,0,0
2015-05-25,0,0,0,0,0
2015-05-26,0,0,0,0,0
2015-05-27,0,0,0,0,0
2015-05-28,0,0,0,0,0
2015-05-29,0,0,0,0,0
2015-06-01,0,0,0,0,0
2015-06-02,0,0,0,0,0
2015-06-03,0,0,0,0,0
2015-06-04,0,0,0,0,0
2015-06-05,0,0,0,0,0
2015-06-08,0,0,0,0,0
2015-06-09,0,0,0,0,0
2015-06-10,0,0,0,0,0
2015-06-11,0,0,0,0,0
2015-06-12,0,0,0,0,0
2015-06-15,0,0,0,0,0
2015-06-16,0,0,0,0,0
2015-06-17,0,0,0,0,0
2015-06-18,0,0,0,0,0
2015-06-19,0,0,0,0,0
2015-06-23,0,0,0,0,0
2015-06-24,0,0,0,0,0
2015-06-25,0,0,0,0,0
2015-06-26,0,0,0,0,0
2015-06-29,0,0,0,0,0
2015-06-30,0,0,0,0,0
2015-07-01,0,0,0,0,0
2015-07-02,0,0,0,0,0
2015-07-03,0,0,0,0,0
2015-07-06,0,0,0,0,0
2015-07-07,0,0,0,0,0
2015-07-08,0,0,0,0,0
2015-07-09,0,0,0,0,0
2015-07-10,0,0,0,0,0
2015-07-13,0,0,0,0,0
2015-07-14,0,0,0,0,0
2015-07-15,0,0,0,0,0
2015-07-16,0,0,0,0,0
2015-07-17,0,0,0,0,0
2015-07-20,0,0,0,0,0
2015-07-21,0,0,0,0,0
2015-07-22,0,0,0,0,0
2015-07-23,0,0,0,0,0
2015-07-24,0,0,0,0,0
2015-07-27,0,0,0,0,0
2015-07-28,0,0,0,0,0
2015-07-29,0,0,0,0,0
2015-07-30,0,0,0,0,0
2015-07-31,0,0,0,0,0
2015-08-03,0,0,0,0,0
2015-08-04,0,0,0,0,0
2015-08-05,0,0,0,0,0
2015-08-06,0,0,0,0,0
2015-08-07,0,0,0,0,0
2015-08-10,0,0,0,0,0
2015-08-11,0,0,0,0,0
2015-08-12,0,0,0,0,0
2015-08-13,0,0,0,0,0
2015-08-14,0,0,0,0,0
2015-08-17,0,0,0,0,0
2015-08-18,0,0,0,0,0
2015-08-19,0,0,0,0,0
2015-08-20,0,0,0,0,0
2015-08-21,0,0,0,0,0
2015-08-24,0,0,0,0,0
2015-08-25,0,0,0,0,0
2015-08-26,0,0,0,0,0
2015-08-27,0,0,0,0,0
2015-08-28,0,0,0,0,0
2015-08-31,0,0,0,0,0
2015-09-01,0,0,0,0,0
2015-09-02,0,0,0,0,0
2015-09-07,0,0,0,0,0
2015-09-08,0,0,0,0,0
2015-09-09,0,0,0,0,0
2015-09-10,0,0,0,0,0
2015-09-11,0,0,0,0,0
2015-09-14,0,0,0,0,0
2015-09-15,0,0,0,0,0
2015-09-16,0,0,0,0,0
2015-09-17,0,0,0,0,0
2015-09-18,0,0,0,0,0
2015-09-21,0,0,0,0,0
2015-09-22,0,0,0,0,0
2015-09-23,0,0,0,0,0
2015-09-24,0,0,0,0,0
2015-09-25,0,0,0,0,0
2015-09-28,0,0,0,0,0
2015-09-29,0,0,0,0,0
2015-09-30,0,0,0,0,0
2015-10-08,0,0,0,0,0
2015-10-09,0,0,0,0,0
2015-10-12,0,0,0,0,0
2015-10-13,0,0,0,0,0
2015-10-14,0,0,0,0,0
2015-10-15,0,0,0,0,0
2015-10-16,0,0,0,0,0
2015-10-19,0,0,0,0,0
2015-10-20,0,0,0,0,0
2015-10-21,0,0,0,0,0
2015-10-22,0,0,0,0,0
2015-10-23,0,0,0,0,0
2015-10-26,0,0,0,0,0
2015-10-27,0,0,0,0,0
2015-10-28,0,0,0,0,0
2015-10-29,0,0,0,0,0
2015-10-30,0,0,0,0,0
2015-11-02,0,0,0,0,0
2015-11-03,0,0,0,0,0
2015-11-04,0,0,0,0,0
2015-11-05,0,0,0,0,0
2015-11-06,0,0,0,0,0
2015-11-09,0,0,0,0,0
2015-11-10,0,0,0,0,0
2015-11-11,0,0,0,0,0
2015-11-12,0,0,0,0,0
2015-11-13,0,0,0,0,0
2015-11-16,0,0,0,0,0
2015-11-17,0,0,0,0,0
2015-11-18,0,0,0,0,0
2015-11-19,0,0,0,0,0
2015-11-20,0,0,0,0,0
2015-11-23,0,0,0,0,0
2015-11-24,0,0,0,0,0
2015-11-25,0,0,0,0,0
2015-11-26,0,0,0,0,0
2015-11-27,0,0,0,0,0
2015-11-30,0,0,0,0,0
2015-12-01,0,0,0,0,0
2015-12-02,0,0,0,0,0
2015-12-03,0,0,0,0,0
2015-12-04,0,0,0,0,0
2015-12-07,0,0,0,0,0
2015-12-08,0,0,0,0,0
2015-12-09,0,0,0,0,0
2015-12-10,0,0,0,0,0
2015-12-11,0,0,0,0,0
2015-12-14,0,0,0,0,0
2015-12-15,0,0,0,0,0
2015-12-16,0,0,0,0,0
2015-12-17,0,0,0,0,0
2015-12-18,0,0,0,0,0
2015-12-21,0,0,0,0,0
2015-12-22,0,0,0,0,0
2015-12-23,0,0,0,0,0
2015-12-24,0,0,0,0,0
2015-12-25,0,0,0,0,0
2015-12-28,0,0,0,0,0
2015-12-29,0,0,0,0,0
2015-12-30,0,0,0,0,0
2015-12-31,0,0,0,0,0
2016-01-04,0,0,0,0,0
2016-01-05,0,0,0,0,0
2016-01-06,0,0,0,0,0
2016-01-07,0,0,0,0,0
2016-01-08,0,0,0,0,0
2016-01-11,0,0,0,0,0
2016-01-12,0,0,0,0,0
2016-01-13,0,0,0,0,0
2016-01-14,0,0,0,0,0
2016-01-15,0,0,0,0,0
2016-01-18,0,0,0,0,0
2016-01-19,0,0,0,0,0
2016-01-20,0,0,0,0,0
2016-01-21,0,0,0,0,0
2016-01-22,0,0,0,0,0
2016-01-25,0,0,0,0,0
2016-01-26,0,0,0,0,0
2016-01-27,0,0,0,0,0
2016-01-28,0,0,0,0,0
2016-01-29,0,0,0,0,0
2016-02-01,0,0,0,0,0
2016-02-02,0,0,0,0,0
2016-02-03,0,0,0,0,0
2016-02-04,0,0,0,0,0
2016-02-05,0,0,0,0,0
2016-02-15,0,0,0,0,0
2016-02-16,0,0,0,0,0
2016-02-17,0,0,0,0,0
2016-02-18,0,0,0,0,0
2016-02-19,0,0,0,0,0
2016-02-22,0,0,0,0,0
2016-02-23,0,0,0,0,0
2016-02-24,0,0,0,0,0
2016-02-25,0,0,0,0,0
2016-02-26,0,0,0,0,0
2016-02-29,0,0,0,0,0
2016-03-01,0,0,0,0,0
2016-03-02,0,0,0,0,0
2016-03-03,0,0,0,0,0
2016-03-04,0,0,0,0,0
2016-03-07,0,0,0,0,0
2016-03-08,0,0,0,0,0
2016-03-09,0,0,0,0,0
2016-03-10,0,0,0,0,0
2016-03-11,0,0,0,0,0
2016-03-14,0,0,0,0,0
2016-03-15,0,0,0,0,0
2016-03-16,0,0,0,0,0
2016-03-17,0,0,0,0,0
2016-03-18,0,0,0,0,0
2016-03-21,0,0,0,0,0
2016-03-22,0,0,0,0,0
2016-03-23,0,0,0,0,0
2016-03-24,0,0,0,0,0
2016-03-25,0,0,0,0,0
2016-03-28,0,0,0,0,0
2016-03-29,0,0,0,0,0
2016-03-30,0,0,0,0,0
2016-03-31,0,0,0,0,0
2016-04-01,0,0,0,0,0
2016-04-05,0,0,0,0,0
2016-04-06,0,0,0,0,0
2016-04-07,0,0,0,0,0
2016-04-08,0,0,0,0,0
2016-04-11,0,0,0,0,0
2016-04-12,0,0,0,0,0
2016-04-13,0,0,0,0,0
2016-04-14,0,0,0,0,0
2016-04-15,0,0,0,0,0
2016-04-18,0,0,0,0,0
2016-04-19,0,0,0,0,0
2016-04-20,0,0,0,0,0
2016-04-21,0,0,0,0,0
2016-04-22,0,0,0,0,0
2016-04-25,0,0,0,0,0
2016-04-26,0,0,0,0,0
2016-04-27,0,0,0,0,0
2016-04-28,0,0,0,0,0
2016-04-29,0,0,0,0,0
2016-05-03,0,0,0,0,0
2016-05-04,0,0,0,0,0
2016-05-05,0,0,0,0,0
2016-05-06,0,0,0,0,0
2016-05-09,0,0,0,0,0
2016-05-10,0,0,0,0,0
2016-05-11,0,0,0,0,0
2016-05-12,0,0,0,0,0
2016-05-13,0,0,0,0,0
2016-05-16,0,0,0,0,0
2016-05-17,0,0,0,0,0
2016-05-18,0,0,0,0,0
2016-05-19,0,0,0,0,0
2016-05-20,0,0,0,0,0
2016-05-23,0,0,0,0,0
2016-05-24,0,0,0,0,0
2016-05-25,0,0,0,0,0
2016-05-26,0,0,0,0,0
2016-05-27,0,0,0,0,0
2016-05-30,0,0,0,0,0
2016-05-31,0,0,0,0,0
2016-06-01,0,0,0,0,0
2016-06-02,0,0,0,0,0
2016-06-03,0,0,0,0,0
2016-06-06,0,0,0,0,0
2016-06-07,0,0,0,0,0
2016-06-08,0,0,0,0,0
2016-06-13,0,0,0,0,0
2016-06-14,0,0,0,0,0
2016-06-15,0,0,0,0,0
2016-06-16,0,0,0,0,0
2016-06-17,0,0,0,0,0
2016-06-20,0,0,0,0,0
2016-06-21,0,0,0,0,0
2016-06-22,0,0,0,0,0
2016-06-23,0,0,0,0,0
2016-06-24,0,0,0,0,0
2016-06-27,0,0,0,0,0
2016-06-28,0,0,0,0,0
2016-06-29,0,0,0,0,0
2016-06-30,0,0,0,0,0
2016-07-01,0,0,0,0,0
2016-07-04,0,0,0,0,0
2016-07-05,0,0,0,0,0
2016-07-06,0,0,0,0,0
2016-07-07,0,0,0,0,0
2016-07-08,0,0,0,0,0
2016-07-11,0,0,0,0,0
2016-07-12,0,0,0,0,0
2016-07-13,0,0,0,0,0
2016-07-14,0,0,0,0,0
2016-07-15,0,0,0,0,0
2016-07-18,0,0,0,0,0
2016-07-19,0,0,0,0,0
2016-07-20,0,0,0,0,0
2016-07-21,0,0,0,0,0
2016-07-22,0,0,0,0,0
2016-07-25,0,0,0,0,0
2016-07-26,0,0,0,0,0
2016-07-27,0,0,0,0,0
2016-07-28,0,0,0,0,0
2016-07-29,0,0,0,0,0
2016-08-01,0,0,0,0,0
2016-08-02,0,0,0,0,0
2016-08-03,0,0,0,0,0
2016-08-04,0,0,0,0,0
2016-08-05,0,0,0,0,0
2016-08-08,0,0,0,0,0
2016-08-09,0,0,0,0,0
2016-08-10,0,0,0,0,0
2016-08-11,0,0,0,0,0
2016-08-12,0,0,0,0,0
2016-08-15,0,0,0,0,0
2016-08-16,0,0,0,0,0
2016-08-17,0,0,0,0,0
2016-08-18,0,0,0,0,0
2016-08-19,0,0,0,0,0
2016-08-22,0,0,0,0,0
2016-08-23,0,0,0,0,0
2016-08-24,0,0,0,0,0
2016-08-25,0,0,0,0,0
2016-08-26,0,0,0,0,0
2016-08-29,0,0,0,0,0
2016-08-30,0,0,0,0,0
2016-08-31,0,0,0,0,0
2016-09-01,0,0,0,0,0
2016-09-02,0,0,0,0,0
2016-09-05,0,0,0,0,0
2016-09-06,0,0,0,0,0
2016-09-07,0,0,0,0,0
2016-09-08,0,0,0,0,0
2016-09-09,0,0,0,0,0
2016-09-12,0,0,0,0,0
2016-09-13,0,0,0,0,0
2016-09-14,0,0,0,0,0
2016-09-19,0,0,0,0,0
2016-09-20,0,0,0,0,0
2016-09-21,0,0,0,0,0
2016-09-22,0,0,0,0,0
2016-09-23,0,0,0,0,0
2016-09-26,0,0,0,0,0
2016-09-27,0,0,0,0,0
2016-09-28,0,0,0,0,0
2016-09-29,0,0,0,0,0
2016-09-30,0,0,0,0,0
2016-10-10,0,0,0,0,0
2016-10-11,0,0,0,0,0
2016-10-12,0,0,0,0,0
2016-10-13,0,0,0,0,0
2016-10-14,0,0,0,0,0
2016-10-17,0,0,0,0,0
2016-10-18,0,0,0,0,0
2016-10-19,0,0,0,0,0
2016-10-20,0,0,0,0,0
2016-10-21,0,0,0,0,0
2016-10-24,0,0,0,0,0
2016-10-25,0,0,0,0,0
2016-10-26,0,0,0,0,0
2016-10-27,0,0,0,0,0
2016-10-28,0,0,0,0,0
2016-10-31,0,0,0,0,0
2016-11-01,0,0,0,0,0
2016-11-02,0,0,0,0,0
2016-11-03,0,0,0,0,0
2016-11-04,0,0,0,0,0
2016-11-07,0,0,0,0,0
2016-11-08,0,0,0,0,0
2016-11-09,0,0,0,0,0
2016-11-10,0,0,0,0,0
2016-11-11,0,0,0,0,0
2016-11-14,0,0,0,0,0
2016-11-15,0,0,0,0,0
2016-11-16,0,0,0,0,0
2016-11-17,0,0,0,0,0
2016-11-18,0,0,0,0,0
2016-11-21,0,0,0,0,0
2016-11-22,0,0,0,0,0
2016-11-23,0,0,0,0,0
2016-11-24,0,0,0,0,0
2016-11-25,0,0,0,0,0
2016-11-28,0,0,0,0,0
2016-11-29,0,0,0,0,0
2016-11-30,0,0,0,0,0
2016-12-01,0,0,0,0,0
2016-12-02,0,0,0,0,0
2016-12-05,0,0,0,0,0
2016-12-06,0,0,0,0,0
2016-12-07,0,0,0,0,0
2016-12-08,0,0,0,0,0
2016-12-09,0,0,0,0,0
2016-12-12,0,0,0,0,0
2016-12-13,0,0,0,0,0
2016-12-14,0,0,0,0,0
2016-12-15,0,0,0,0,0
2016-12-16,0,0,0,0,0
2016-12-19,0,0,0,0,0
2016-12-20,0,0,0,0,0
2016-12-21,0,0,0,0,0
2016-12-22,0,0,0,0,0
2016-12-23,0,0,0,0,0
2016-12-26,0,0,0,0,0
2016-12-27,0,0,0,0,0
2016-12-28,0,0,0,0,0
2016-12-29,0,0,0,0,0
2016-12-30,0,0,0,0,0
2017-01-03,0,0,0,0,0
2017-01-04,0,0,0,0,0
2017-01-05,0,0,0,0,0
2017-01-06,0,0,0,0,0
2017-01-09,0,0,0,0,0
2017-01-10,0,0,0,0,0
2017-01-11,0,0,0,0,0
2017-01-12,0,0,0,0,0
2017-01-13,0,0,0,0,0
2017-01-16,0,0,0,0,0
2017-01-17,0,0,0,0,0
2017-01-18,0,0,0,0,0
2017-01-19,0,0,0,0,0
2017-01-20,0,0,0,0,0
2017-01-23,0,0,0,0,0
2017-01-24,0,0,0,0,0
2017-01-25,0,0,0,0,0
2017-01-26,0,0,0,0,0
2017-02-03,0,0,0,0,0
2017-02-06,0,0,0,0,0
2017-02-07,0,0,0,0,0
2017-02-08,0,0,0,0,0
2017-02-09,0,0,0,0,0
2017-02-10,0,0,0,0,0
2017-02-13,0,0,0,0,0
2017-02-14,0,0,0,0,0
2017-02-15,0,0,0,0,0
2017-02-16,0,0,0,0,0
2017-02-17,0,0,0,0,0
2017-02-20,0,0,0,0,0
2017-02-21,0,0,0,0,0
2017-02-22,0,0,0,0,0
2017-02-23,0,0,0,0,0
2017-02-24,0,0,0,0,0
2017-02-27,0,0,0,0,0
2017-02-28,0,0,0,0,0
2017-03-01,0,0,0,0,0
2017-03-02,0,0,0,0,0
2017-03-03,0,0,0,0,0
2017-03-06,0,0,0,0,0
2017-03-07,0,0,0,0,0
2017-03-08,0,0,0,0,0
2017-03-09,0,0,0,0,0
2017-03-10,0,0,0,0,0
2017-03-13,0,0,0,0,0
2017-03-14,0,0,0,0,0
2017-03-15,0,0,0,0,0
2017-03-16,0,0,0,0,0
2017-03-17,0,0,0,0,0
2017-03-20,0,0,0,0,0
2017-03-21,0,0,0,0,0
2017-03-22,0,0,0,0,0
2017-03-23,0,0,0,0,0
2017-03-24,0,0,0,0,0
2017-03-27,0,0,0,0,0
2017-03-28,0,0,0,0,0
2017-03-29,0,0,0,0,0
2017-03-30,0,0,0,0,0
2017-03-31,0,0,0,0,0
2017-04-05,0,0,0,0,0
2017-04-06,0,0,0,0,0
2017-04-07,0,0,0,0,0
2017-04-10,0,0,0,0,0
2017-04-11,0,0,0,0,0
2017-04-12,0,0,0,0,0
2017-04-13,0,0,0,0,0
2017-04-14,0,0,0,0,0
2017-04-17,0,0,0,0,0
2017-04-18,0,0,0,0,0
2017-04-19,0,0,0,0,0
2017-04-20,0,0,0,0,0
2017-04-21,0,0,0,0,0
2017-04-24,0,0,0,0,0
2017-04-25,0,0,0,0,0
2017-04-26,0,0,0,0,0
2017-04-27,0,0,0,0,0
2017-04-28,0,0,0,0,0
2017-05-02,0,0,0,0,0
2017-05-03,0,0,0,0,0
2017-05-04,0,0,0,0,0
2017-05-05,0,0,0,0,0
2017-05-08,0,0,0,0,0
2017-05-09,0,0,0,0,0
2017-05-10,0,0,0,0,0
2017-05-11,0,0,0,0,0
2017-05-12,0,0,0,0,0
2017-05-15,0,0,0,0,0
2017-05-16,0,0,0,0,0
2017-05-17,0,0,0,0,0
2017-05-18,0,0,0,0,0
2017-05-19,0,0,0,0,0
2017-05-22,0,0,0,0,0
2017-05-23,0,0,0,0,0
2017-05-24,0,0,0,0,0
2017-05-25,0,0,0,0,0
2017-05-26,0,0,0,0,0
2017-05-31,0,0,0,0,0
2017-06-01,0,0,0,0,0
2017-06-02,0,0,0,0,0
2017-06-05,0,0,0,0,0
2017-06-06,0,0,0,0,0
2017-06-07,0,0,0,0,0
2017-06-08,0,0,0,0,0
2017-06-09,0,0,0,0,0
2017-06-12,0,0,0,0,0
2017-06-13,0,0,0,0,0
2017-06-14,0,0,0,0,0
2017-06-15,0,0,0,0,0
2017-06-16,0,0,0,0,0
2017-06-19,0,0,0,0,0
2017-06-20,0,0,0,0,0
2017-06-21,0,0,0,0,0
2017-06-22,0,0,0,0,0
2017-06-23,0,0,0,0,0
2017-06-26,0,0,0,0,0
2017-06-27,0,0,0,0,0
2017-06-28,0,0,0,0,0
2017-06-29,0,0,0,0,0
2017-06-30,0,0,0,0,0
2017-07-03,0,0,0,0,0
2017-07-04,0,0,0,0,0
2017-07-05,0,0,0,0,0
2017-07-06,0,0,0,0,0
2017-07-07,0,0,0,0,0
2017-07-10,0,0,0,0,0
2017-07-11,0,0,0,0,0
2017-07-12,0,0,0,0,0
2017-07-13,0,0,0,0,0
2017-07-14,0,0,0,0,0
2017-07-17,0,0,0,0,0
2017-07-18,0,0,0,0,0
2017-07-19,0,0,0,0,0
2017-07-20,0,0,0,0,0
2017-07-21,0,0,0,0,0
2017-07-24,0,0,0,0,0
2017-07-25,0,0,0,0,0
2017-07-26,0,0,0,0,0
2017-07-27,0,0,0,0,0
2017-07-28,0,0,0,0,0
2017-07-31,0,0,0,0,0
2017-08-01,0,0,0,0,0
2017-08-02,0,0,0,0,0
2017-08-03,0,0,0,0,0
2017-08-04,0,0,0,0,0
2017-08-07,0,0,0,0,0
2017-08-08,0,0,0,0,0
2017-08-09,0,0,0,0,0
2017-08-10,0,0,0,0,0
2017-08-11,0,0,0,0,0
2017-08-14,0,0,0,0,0
2017-08-15,0,0,0,0,0
2017-08-16,0,0,0,0,0
2017-08-17,0,0,0,0,0
2017-08-18,0,0,0,0,0
2017-08-21,0,0,0,0,0
2017-08-22,0,0,0,0,0
2017-08-23,0,0,0,0,0
2017-08-24,0,0,0,0,0
2017-08-25,0,0,0,0,0
2017-08-28,0,0,0,0,0
2017-08-29,0,0,0,0,0
2017-08-30,0,0,0,0,0
2017-08-31,0,0,0,0,0
2017-09-01,0,0,0,0,0
2017-09-04,0,0,0,0,0
2017-09-05,0,0,0,0,0
2017-09-06,0,0,0,0,0
2017-09-07,0,0,0,0,0
2017-09-08,0,0,0,0,0
2017-09-11,0,0,0,0,0
2017-09-12,0,0,0,0,0
2017-09-13,0,0,0,0,0
2017-09-14,0,0,0,0,0
2017-09-15,0,0,0,0,0
2017-09-18,0,0,0,0,0
2017-09-19,0,0,0,0,0
2017-09-20,0,0,0,0,0
2017-09-21,0,0,0,0,0
2017-09-22,0,0,0,0,0
2017-09-25,0,0,0,0,0
2017-09-26,0,0,0,0,0
2017-09-27,0,0,0,0,0
2017-09-28,0,0,0,0,0
2017-09-29,0,0,0,0,0
2017-10-09,0,0,0,0,0
2017-10-10,0,0,0,0,0
2017-10-11,0,0,0,0,0
2017-10-12,0,0,0,0,0
2017-10-13,0,0,0,0,0
2017-10-16,0,0,0,0,0
2017-10-17,0,0,0,0,0
2017-10-18,0,0,0,0,0
2017-10-19,0,0,0,0,0
2017-10-20,0,0,0,0,0
2017-10-23,0,0,0,0,0
2017-10-24,0,0,0,0,0
2017-10-25,0,0,0,0,0
2017-10-26,0,0,0,0,0
2017-10-27,0,0,0,0,0
2017-10-30,0,0,0,0,0
2017-10-31,0,0,0,0,0
2017-11-01,0,0,0,0,0
2017-11-02,0,0,0,0,0
2017-11-03,0,0,0,0,0
2017-11-06,0,0,0,0,0
2017-11-07,0,0,0,0,0
2017-11-08,0,0,0,0,0
2017-11-09,0,0,0,0,0
2017-11-10,0,0,0,0,0
2017-11-13,0,0,0,0,0
2017-11-14,0,0,0,0,0
2017-11-15,0,0,0,0,0
2017-11-16,0,0,0,0,0
2017-11-17,0,0,0,0,0
2017-11-20,0,0,0,0,0
2017-11-21,0,0,0,0,0
2017-11-22,0,0,0,0,0
2017-11-23,0,0,0,0,0
2017-11-24,0,0,0,0,0
2017-11-27,0,0,0,0,0
2017-11-28,0,0,0,0,0
2017-11-29,0,0,0,0,0
2017-11-30,0,0,0,0,0
2017-12-01,0,0,0,0,0
2017-12-04,0,0,0,0,0
2017-12-05,0,0,0,0,0
2017-12-06,0,0,0,0,0
2017-12-07,0,0,0,0,0
2017-12-08,0,0,0,0,0
2017-12-11,0,0,0,0,0
2017-12-12,0,0,0,0,0
2017-12-13,0,0,0,0,0
2017-12-14,0,0,0,0,0
2017-12-15,0,0,0,0,0
2017-12-18,0,0,0,0,0
2017-12-19,0,0,0,0,0
2017-12-20,0,0,0,0,0
2017-12-21,0,0,0,0,0
2017-12-22,0,0,0,0,0
2017-12-25,0,0,0,0,0
2017-12-26,0,0,0,0,0
2017-12-27,0,0,0,0,0
2017-12-28,0,0,0,0,0
2017-12-29,0,0,0,0,0
2018-01-02,0,0,0,0,0
2018-01-03,0,0,0,0,0
2018-01-04,0,0,0,0,0
2018-01-05,0,0,0,0,0
2018-01-08,0,0,0,0,0
2018-01-09,0,0,0,0,0
2018-01-10,0,0,0,0,0
2018-01-11,0,0,0,0,0
2018-01-12,0,0,0,0,0
2018-01-15,0,0,0,0,0
2018-01-16,0,0,0,0,0
2018-01-17,0,0,0,0,0
2018-01-18,0,0,0,0,0
2018-01-19,0,0,0,0,0
2018-01-22,0,0,0,0,0
2018-01-23,0,0,0,0,0
2018-01-24,0,0,0,0,0
2018-01-25,0,0,0,0,0
2018-01-26,0,0,0,0,0
2018-01-29,0,0,0,0,0
2018-01-30,0,0,0,0,0
2018-01-31,0,0,0,0,0
2018-02-01,0,0,0,0,0
2018-02-02,0,0,0,0,0
2018-02-05,0,0,0,0,0
2018-02-06,0,0,0,0,0
2018-02-07,0,0,0,0,0
2018-02-08,0,0,0,0,0
2018-02-09,0,0,0,0,0
2018-02-12,0,0,0,0,0
2018-02-13,0,0,0,0,0
2018-02-14,0,0,0,0,0
2018-02-22,0,0,0,0,0
2018-02-23,0,0,0,0,0
2018-02-26,0,0,0,0,0
2018-02-27,0,0,0,0,0
2018-02-28,0,0,0,0,0
2018-03-01,0,0,0,0,0
2018-03-02,0,0,0,0,0
2018-03-05,0,0,0,0,0
2018-03-06,0,0,0,0,0
2018-03-07,0,0,0,0,0
2018-03-08,0,0,0,0,0
2018-03-09,0,0,0,0,0
2018-03-12,0,0,0,0,0
2018-03-13,0,0,0,0,0
2018-03-14,0,0,0,0,0
2018-03-15,0,0,0,0,0
2018-03-16,0,0,0,0,0
2018-03-19,0,0,0,0,0
2018-03-20,0,0,0,0,0
2018-03-21,0,0,0,0,0
2018-03-22,0,0,0,0,0
2018-03-23,0,0,0,0,0
2018-03-26,0,0,0,0,0
2018-03-27,0,0,0,0,0
2018-03-28,0,0,0,0,0
2018-03-29,0,0,0,0,0
2018-03-30,0,0,0,0,0
2018-04-02,0,0,0,0,0
2018-04-03,0,0,0,0,0
2018-04-04,0,0,0,0,0
2018-04-09,0,0,0,0,0
2018-04-10,0,0,0,0,0
2018-04-11,0,0,0,0,0
2018-04-12,0,0,0,0,0
2018-04-13,0,0,0,0,0
2018-04-16,0,0,0,0,0
2018-04-17,0,0,0,0,0
2018-04-18,0,0,0,0,0
2018-04-19,0,0,0,0,0
2018-04-20,0,0,0,0,0
2018-04-23,0,0,0,0,0
2018-04-24,0,0,0,0,0
2018-04-25,0,0,0,0,0
2018-04-26,0,0,0,0,0
2018-04-27,0,0,0,0,0
2018-05-02,0,0,0,0,0
2018-05-03,0,0,0,0,0
2018-05-04,0,0,0,0,0
2018-05-07,0,0,0,0,0
2018-05-08,0,0,0,0,0
2018-05-09,0,0,0,0,0
2018-05-10,0,0,0,0,0
2018-05-11,0,0,0,0,0
2018-05-14,0,0,0,0,0
2018-05-15,0,0,0,0,0
2018-05-16,0,0,0,0,0
2018-05-17,0,0,0,0,0
2018-05-18,0,0,0,0,0
2018-05-21,0,0,0,0,0
2018-05-22,0,0,0,0,0
2018-05-23,0,0,0,0,0
2018-05-24,0,0,0,0,0
2018-05-25,0,0,0,0,0
2018-05-28,0,0,0,0,0
2018-05-29,0,0,0,0,0
2018-05-30,0,0,0,0,0
2018-05-31,0,0,0,0,0
2018-06-01,0,0,0,0,0
2018-06-04,0,0,0,0,0
2018-06-05,0,0,0,0,0
2018-06-06,0,0,0,0,0
2018-06-07,0,0,0,0,0
2018-06-08,0,0,0,0,0
2018-06-11,0,0,0,0,0
2018-06-12,0,0,0,0,0
2018-06-13,0,0,0,0,0
2018-06-14,0,0,0,0,0
2018-06-15,0,0,0,0,0
2018-06-19,0,0,0,0,0
2018-06-20,0,0,0,0,0
2018-06-21,0,0,0,0,0
2018-06-22,0,0,0,0,0
2018-06-25,0,0,0,0,0
2018-06-26,0,0,0,0,0
2018-06-27,0,0,0,0,0
2018-06-28,0,0,0,0,0
2018-06-29,0,0,0,0,0
2018-07-02,0,0,0,0,0
2018-07-03,0,0,0,0,0
2018-07-04,0,0,0,0,0
2018-07-05,0,0,0,0,0
2018-07-06,0,0,0,0,0
2018-07-09,0,0,0,0,0
2018-07-10,0,0,0,0,0
2018-07-11,0,0,0,0,0
2018-07-12,0,0,0,0,0
2018-07-13,0,0,0,0,0
2018-07-16,0,0,0,0,0
2018-07-17,0,0,0,0,0
2018-07-18,0,0,0,0,0
2018-07-19,0,0,0,0,0
2018-07-20,0,0,0,0,0
2018-07-23,0,0,0,0,0
2018-07-24,0,0,0,0,0
2018-07-25,0,0,0,0,0
2018-07-26,0,0,0,0,0
2018-07-27,0,0,0,0,0
2018-07-30,0,0,0,0,0
2018-07-31,0,0,0,0,0
2018-08-01,0,0,0,0,0
2018-08-02,0,0,0,0,0
2018-08-03,0,0,0,0,0
2018-08-06,0,0,0,0,0
2018-08-07,0,0,0,0,0
2018-08-08,0,0,0,0,0
2018-08-09,0,0,0,0,0
2018-08-10,0,0,0,0,0
2018-08-13,0,0,0,0,0
2018-08-14,0,0,0,0,0
2018-08-15,0,0,0,0,0
2018-08-16,0,0,0,0,0
2018-08-17,0,0,0,0,0
2018-08-20,0,0,0,0,0
2018-08-21,0,0,0,0,0
2018-08-22,0,0,0,0,0
2018-08-23,0,0,0,0,0
2018-08-24,0,0,0,0,0
2018-08-27,0,0,0,0,0
2018-08-28,0,0,0,0,0
2018-08-29,0,0,0,0,0
2018-08-30,0,0,0,0,0
2018-08-31,0,0,0,0,0
2018-09-03,0,0,0,0,0
2018-09-04,0,0,0,0,0
2018-09-05,0,0,0,0,0
2018-09-06,0,0,0,0,0
2018-09-07,0,0,0,0,0
2018-09-10,0,0,0,0,0
2018-09-11,0,0,0,0,0
2018-09-12,0,0,0,0,0
2018-09-13,0,0,0,0,0
2018-09-14,0,0,0,0,0
2018-09-17,0,0,0,0,0
2018-09-18,0,0,0,0,0
2018-09-19,0,0,0,0,0
2018-09-20,0,0,0,0,0
2018-09-21,0,0,0,0,0
2018-09-25,0,0,0,0,0
2018-09-26,0,0,0,0,0
2018-09-27,0,0,0,0,0
2018-09-28,0,0,0,0,0
2018-10-08,0,0,0,0,0
2018-10-09,0,0,0,0,0
2018-10-10,0,0,0,0,0
2018-10-11,0,0,0,0,0
2018-10-12,0,0,0,0,0
2018-10-15,0,0,0,0,0
2018-10-16,0,0,0,0,0
2018-10-17,0,0,0,0,0
2018-10-18,0,0,0,0,0
2018-10-19,0,0,0,0,0
2018-10-22,0,0,0,0,0
2018-10-23,0,0,0,0,0
2018-10-24,0,0,0,0,0
2018-10-25,0,0,0,0,0
2018-10-26,0,0,0,0,0
2018-10-29,0,0,0,0,0
2018-10-30,0,0,0,0,0
2018-10-31,0,0,0,0,0
2018-11-01,0,0,0,0,0
2018-11-02,0,0,0,0,0
2018-11-05,0,0,0,0,0
2018-11-06,0,0,0,0,0
2018-11-07,0,0,0,0,0
2018-11-08,0,0,0,0,0
2018-11-09,0,0,0,0,0
2018-11-12,0,0,0,0,0
2018-11-13,0,0,0,0,0
2018-11-14,0,0,0,0,0
2018-11-15,0,0,0,0,0
2018-11-16,0,0,0,0,0
2018-11-19,0,0,0,0,0
2018-11-20,0,0,0,0,0
2018-11-21,0,0,0,0,0
2018-11-22,0,0,0,0,0
2018-11-23,0,0,0,0,0
2018-11-26,0,0,0,0,0
2018-11-27,0,0,0,0,0
2018-11-28,0,0,0,0,0
2018-11-29,0,0,0,0,0
2018-11-30,0,0,0,0,0
2018-12-03,0,0,0,0,0
2018-12-04,0,0,0,0,0
2018-12-05,0,0,0,0,0
2018-12-06,0,0,0,0,0
2018-12-07,0,0,0,0,0
2018-12-10,0,0,0,0,0
2018-12-11,0,0,0,0,0
2018-12-12,0,0,0,0,0
2018-12-13,0,0,0,0,0
2018-12-14,0,0,0,0,0
2018-12-17,0,0,0,0,0
2018-12-18,0,0,0,0,0
2018-12-19,0,0,0,0,0
2018-12-20,0,0,0,0,0
2018-12-21,0,0,0,0,0
2018-12-24,0,0,0,0,0
2018-12-25,0,0,0,0,0
2018-12-26,0,0,0,0,0
2018-12-27,0,0,0,0,0
2018-12-28,0,0,0,0,0
2019-01-02,0,0,0,0,0
2019-01-03,0,0,0,0,0
2019-01-04,0,0,0,0,0
2019-01-07,0,0,0,0,0
2019-01-08,0,0,0,0,0
2019-01-09,0,0,0,0,0
2019-01-10,0,0,0,0,0
2019-01-11,0,0,0,0,0
2019-01-14,0,0,0,0,0
2019-01-15,0,0,0,0,0
2019-01-16,0,0,0,0,0
2019-01-17,0,0,0,0,0
2019-01-18,0,0,0,0,0
2019-01-21,0,0,0,0,0
2019-01-22,0,0,0,0,0
2019-01-23,0,0,0,0,0
2019-01-24,0,0,0,0,0
2019-01-25,0,0,0,0,0
2019-01-28,0,0,0,0,0
2019-01-29,0,0,0,0,0
2019-01-30,0,0,0,0,0
2019-01-31,0,0,0,0,0
2019-02-01,0,0,0,0,0
2019-02-11,0,0,0,0,0
2019-02-12,0,0,0,0,0
2019-02-13,0,0,0,0,0
2019-02-14,0,0,0,0,0
2019-02-15,0,0,0,0,0
2019-02-18,0,0,0,0,0
2019-02-19,0,0,0,0,0
2019-02-20,0,0,0,0,0
2019-02-21,0,0,0,0,0
2019-02-22,0,0,0,0,0
2019-02-25,0,0,0,0,0
2019-02-26,0,0,0,0,0
2019-02-27,0,0,0,0,0
2019-02-28,0,0,0,0,0
2019-03-01,0,0,0,0,0
2019-03-04,0,0,0,0,0
2019-03-05,0,0,0,0,0
2019-03-06,0,0,0,0,0
2019-03-07,0,0,0,0,0
2019-03-08,0,0,0,0,0
2019-03-11,0,0,0,0,0
2019-03-12,0,0,0,0,0
2019-03-13,0,0,0,0,0
2019-03-14,0,0,0,0,0
2019-03-15,0,0,0,0,0
2019-03-18,0,0,0,0,0
2019-03-19,0,0,0,0,0
2019-03-20,0,0,0,0,0
2019-03-21,0,0,0,0,0
2019-03-22,0,0,0,0,0
2019-03-25,0,0,0,0,0
2019-03-26,0,0,0,0,0
2019-03-27,0,0,0,0,0
2019-03-28,0,0,0,0,0
2019-03-29,0,0,0,0,0
2019-04-01,0,0,0,0,0
2019-04-02,0,0,0,0,0
2019-04-03,0,0,0,0,0
2019-04-04,0,0,0,0,0
2019-04-08,0,0,0,0,0
2019-04-09,0,0,0,0,0
2019-04-10,0,0,0,0,0
2019-04-11,0,0,0,0,0
2019-04-12,0,0,0,0,0
2019-04-15,0,0,0,0,0
2019-04-16,0,0,0,0,0
2019-04-17,0,0,0,0,0
2019-04-18,0,0,0,0,0
2019-04-19,0,0,0,0,0
2019-04-22,0,0,0,0,0
2019-04-23,0,0,0,0,0
2019-04-24,0,0,0,0,0
2019-04-25,0,0,0,0,0
2019-04-26,0,0,0,0,0
2019-04-29,0,0,0,0,0
2019-04-30,0,0,0,0,0
2019-05-06,0,0,0,0,0
2019-05-07,0,0,0,0,0
2019-05-08,0,0,0,0,0
2019-05-09,0,0,0,0,0
2019-05-10,0,0,0,0,0
2019-05-13,0,0,0,0,0
2019-05-14,0,0,0,0,0
2019-05-15,0,0,0,0,0
2019-05-16,0,0,0,0,0
2019-05-17,0,0,0,0,0
2019-05-20,0,0,0,0,0
2019-05-21,0,0,0,0,0
2019-05-22,0,0,0,0,0
2019-05-23,0,0,0,0,0
2019-05-24,0,0,0,0,0
2019-05-27,0,0,0,0,0
2019-05-28,0,0,0,0,0
2019-05-29,0,0,0,0,0
2019-05-30,0,0,0,0,0
2019-05-31,0,0,0,0,0
2019-06-03,0,0,0,0,0
2019-06-04,0,0,0,0,0
2019-06-05,0,0,0,0,0
2019-06-06,0,0,0,0,0
2019-06-10,0,0,0,0,0
2019-06-11,0,0,0,0,0
2019-06-12,0,0,0,0,0
2019-06-13,0,0,0,0,0
2019-06-14,0,0,0,0,0
2019-06-17,0,0,0,0,0
2019-06-18,0,0,0,0,0
2019-06-19,0,0,0,0,0
2019-06-20,0,0,0,0,0
2019-06-21,0,0,0,0,0
2019-06-24,0,0,0,0,0
2019-06-25,0,0,0,0,0
2019-06-26,0,0,0,0,0
2019-06-27,0,0,0,0,0
2019-06-28,0,0,0,0,0
2019-07-01,0,0,0,0,0
2019-07-02,0,0,0,0,0
2019-07-03,0,0,0,0,0
2019-07-04,0,0,0,0,0
2019-07-05,0,0,0,0,0
2019-07-08,0,0,0,0,0
2019-07-09,0,0,0,0,0
2019-07-10,0,0,0,0,0
2019-07-11,0,0,0,0,0
2019-07-12,0,0,0,0,0
2019-07-15,0,0,0,0,0
2019-07-16,0,0,0,0,0
2019-07-17,0,0,0,0,0
2019-07-18,0,0,0,0,0
2019-07-19,0,0,0,0,0
2019-07-22,0,0,0,0,0
2019-07-23,0,0,0,0,0
2019-07-24,0,0,0,0,0
2019-07-25,0,0,0,0,0
2019-07-26,0,0,0,0,0
2019-07-29,0,0,0,0,0
2019-07-30,0,0,0,0,0
2019-07-31,0,0,0,0,0
2019-08-01,0,0,0,0,0
2019-08-02,0,0,0,0,0
2019-08-05,0,0,0,0,0
2019-08-06,0,0,0,0,0
2019-08-07,0,0,0,0,0
2019-08-08,0,0,0,0,0
2019-08-09,0,0,0,0,0
2019-08-12,0,0,0,0,0
2019-08-13,0,0,0,0,0
2019-08-14,0,0,0,0,0
2019-08-15,0,0,0,0,0
2019-08-16,0,0,0,0,0
2019-08-19,0,0,0,0,0
2019-08-20,0,0,0,0,0
2019-08-21,0,0,0,0,0
2019-08-22,0,0,0,0,0
2019-08-23,0,0,0,0,0
2019-08-26,0,0,0,0,0
2019-08-27,0,0,0,0,0
2019-08-28,0,0,0,0,0
2019-08-29,0,0,0,0,0
2019-08-30,0,0,0,0,0
2019-09-02,0,0,0,0,0
2019-09-03,0,0,0,0,0
2019-09-04,0,0,0,0,0
2019-09-05,0,0,0,0,0
2019-09-06,0,0,0,0,0
2019-09-09,0,0,0,0,0
2019-09-10,0,0,0,0,0
2019-09-11,0,0,0,0,0
2019-09-12,0,0,0,0,0
2019-09-16,0,0,0,0,0
2019-09-17,0,0,0,0,0
2019-09-18,0,0,0,0,0
2019-09-19,0,0,0,0,0
2019-09-20,0,0,0,0,0
2019-09-23,0,0,0,0,0
2019-09-24,0,0,0,0,0
2019-09-25,0,0,0,0,0
2019-09-26,0,0,0,0,0
2019-09-27,0,0,0,0,0
2019-09-30,0,0,0,0,0
2019-10-08,0,0,0,0,0
2019-10-09,0,0,0,0,0
2019-10-10,0,0,0,0,0
2019-10-11,0,0,0,0,0
2019-10-14,0,0,0,0,0
2019-10-15,0,0,0,0,0
2019-10-16,0,0,0,0,0
2019-10-17,0,0,0,0,0
2019-10-18,0,0,0,0,0
2019-10-21,0,0,0,0,0
2019-10-22,0,0,0,0,0
2019-10-23,0,0,0,0,0
2019-10-24,0,0,0,0,0
2019-10-25,0,0,0,0,0
2019-10-28,0,0,0,0,0
2019-10-29,0,0,0,0,0
2019-10-30,0,0,0,0,0
2019-10-31,0,0,0,0,0
2019-11-01,0,0,0,0,0
2019-11-04,0,0,0,0,0
2019-11-05,0,0,0,0,0
2019-11-06,0,0,0,0,0
2019-11-07,0,0,0,0,0
2019-11-08,0,0,0,0,0
2019-11-11,0,0,0,0,0
2019-11-12,0,0,0,0,0
2019-11-13,0,0,0,0,0
2019-11-14,0,0,0,0,0
2019-11-15,0,0,0,0,0
2019-11-18,140,126.35,145.51,125,42314660
2019-11-19,133,136.01,138.32,128.01,13576176
2019-11-20,136,147.2,149,135.01,9634684
2019-11-21,143.08,141.93,145.58,136.69,7719363
2019-11-22,139.49,133.48,143,132,7130685
2019-11-25,134.27,133.96,136.5,128,5208118
2019-11-26,132.99,133.8,134.26,128.8,3045689
2019-11-27,133.99,134.3,137.77,131.87,2240352
2019-11-28,134.01,133.68,138.11,131.33,2999643
2019-11-29,133.22,136.5,140,133.22,3486749
2019-12-02,136,138.29,142,135.99,2916422
2019-12-03,137.99,137,140.45,132.83,2267953
2019-12-04,135.75,139.66,141,134.3,2386285
2019-12-05,139.01,138.08,141,136.35,2161965
2019-12-06,137.25,136.9,139.9,134.85,1655789
2019-12-09,133.1,143.6,143.6,133.1,3229564
2019-12-10,142,151.5,162.97,140.4,5191733
2019-12-11,149.1,153.97,156.66,149.1,2261336
2019-12-12,153.9,153.6,165,149.99,2077291
2019-12-13,154.91,153.61,156,149.99,1791900
2019-12-16,153.79,167,167,151.93,2567409
2019-12-17,165.7,165.9,173.29,162.1,1958178
2019-12-18,165.41,171.31,173.5,165.15,2101750
2019-12-19,168.62,160.16,175,159.08,2614764
2019-12-20,160.01,166.95,167.8,156.3,2411720
2019-12-23,163.02,157,165,152,3307565
2019-12-24,157,163.2,163.45,155,1524806
2019-12-25,160.8,161.4,166.98,160.56,1257989
2019-12-26,160.13,165.32,165.95,160.1,1330769
2019-12-27,164.22,161.7,166.97,161.05,1579247
2019-12-30,161.22,163.9,165.46,155,2159682
2019-12-31,162.85,163.9,164,156.7,2898926
2020-01-02,163.21,156.5,163.47,152.88,4275380
2020-01-03,155.38,150,156.45,148.88,2966103
2020-01-06,150.5,152.79,153.89,147.26,2346643
2020-01-07,150.02,152.98,156.38,150.02,2909342
2020-01-08,152.05,148.81,152.5,147.02,2280282
2020-01-09,151.02,157,162,149,4890013
2020-01-10,158.01,156.27,162.62,154.5,2103436
2020-01-13,156.37,154.77,160,153.62,2378767
2020-01-14,154.51,160.51,161.5,154,2688582
2020-01-15,160,165.18,168,158.1,2732588
2020-01-16,165.18,168.2,175.13,162,2857884
2020-01-17,170,183,188,168,3762210
2020-01-20,184,177.9,191.56,173.99,3325408
2020-01-21,177.8,170,182.1,167.02,2696996
2020-01-22,169,184,187.5,167.08,3096961
2020-01-23,179.1,179.5,187,172.02,1793507
2020-02-03,163,171.9,186,163,3287286
2020-02-04,175,206.28,206.28,174.58,4332210
2020-02-05,210,211.95,226.48,202.55,5799852
2020-02-06,215,214,222.05,206.5,4059412
2020-02-07,218.81,245,246,218.81,5586185
2020-02-10,239.99,226.92,240,220,5039965
2020-02-11,227,214.96,235,210,4720963
2020-02-12,211,231,239.5,211,3997262
2020-02-13,237.5,220.5,239.44,219,4535334
2020-02-14,223.5,218,231,211.66,2853756
2020-02-17,217,222,228.88,213.99,2263667
2020-02-18,222,229.7,231,217.1,2569326
2020-02-19,228,229.7,243.5,220.13,2848580
2020-02-20,235,223.2,237.23,214.75,3520354
2020-02-21,216,227.6,243.48,216,2837218
2020-02-24,227.1,236.88,241.5,227.1,2414871
2020-02-25,230,231.5,240,224.6,2062330
2020-02-26,229.8,222,229.8,217.5,2249922
2020-02-27,222.38,234.31,237.5,213,3967741
2020-02-28,222,235.52,249.85,222,3254977
2020-03-02,237,249.46,251,225.2,3120490
2020-03-03,251.01,270,292,250.3,3113790
2020-03-04,264,257.25,273.16,248.38,3423463
2020-03-05,259.1,249.49,267,239.01,2808844
2020-03-06,246,247,252.5,240.66,1646659
2020-03-09,238,227.81,251.7,227.5,1555460
2020-03-10,221.94,229,236.3,201.77,4277001
2020-03-11,228,212.02,228,209.76,2244345
2020-03-12,206.98,215.52,219,201.08,2595053
2020-03-13,204,223.03,225.66,201,3162544
2020-03-16,221.05,210.2,233.05,203.77,2056050
2020-03-17,215,217,224,204.1,2131789
2020-03-18,219,222.1,236.68,219,2807533
2020-03-19,222.5,228.7,229.69,212.36,2298935
2020-03-20,229.8,228,234.98,222.45,1658724
2020-03-23,222.39,214,233,210,1979109
2020-03-24,220.1,218,224.93,204.5,1742038
2020-03-25,227,235.89,241.2,227,2424473
2020-03-26,236,249.53,254.99,232.5,2232371
2020-03-27,252.89,245.8,260.2,243,1560797
2020-03-30,240.1,220,243.6,218.5,1992635
2020-03-31,224.02,224.5,231.35,221.02,1395144
2020-04-01,226.5,226.36,235.8,222,1167005
2020-04-02,223.61,244.5,246,223.51,1426997
2020-04-03,244,241.96,247.05,235.24,1162444
2020-04-07,247.46,250,253.96,245.45,1095787
2020-04-08,247.5,237.39,254.36,236.67,1400700
2020-04-09,238.26,234.64,241.5,226.51,1696921
2020-04-10,233,223.25,233,218.57,1596318
2020-04-13,221,219.4,226.55,215.81,1230469
2020-04-14,223,225.2,226.63,217.61,1010811
2020-04-15,227.7,237.29,240,226.31,1816798
2020-04-16,235.93,236.68,239.95,232.03,965315
2020-04-17,239,244.31,247.38,239,1307799
2020-04-20,244.86,251.42,251.47,240.5,1092680
2020-04-21,248.68,252.98,258,244,989469
2020-04-22,248.13,248.34,250.5,241.01,1160007
2020-04-23,246,253.2,256.33,246,883811
2020-04-24,253.19,248.01,257.73,245.01,925962
2020-04-27,240,247.7,249.7,240,646951
2020-04-28,246,255.7,256.5,220.95,1587321
2020-04-29,258.7,252.19,265.92,250.86,1191378
2020-04-30,252.19,262.48,265.45,252.19,1090553
2020-05-06,261,266,275.1,260,1467618
2020-05-07,269,268.23,269.37,260,909186
2020-05-08,269,274.87,285.01,267.3,1296851
2020-05-11,277,262,291.58,255.55,2673298
2020-05-12,259.5,257.1,265,253.46,1210729
2020-05-13,254.37,263.37,264.6,254.3,792409
2020-05-14,260.6,258,264.89,257.11,884366
2020-05-15,258.53,264.68,273.98,258.53,1325863
2020-05-18,263,268.02,273.88,250.5,2469466
2020-05-19,266.61,288.86,288.88,265,1732514
2020-05-20,289,283.7,294.5,279.11,1093589
2020-05-21,285.18,270,288.44,265.2,1326020
2020-05-22,270,273.02,275.68,263.8,1069790
2020-05-25,271.18,266.83,273.39,261.2,1183159
2020-05-26,266.7,272.49,278.71,265.06,1327259
2020-05-27,272.38,268.77,274,267.08,721679
2020-05-28,270,264.25,270.37,258,958733
2020-05-29,262.57,267.47,274.77,260.33,961176
2020-06-01,270,281.15,285.31,270,1145147
2020-06-02,282.1,280,284.8,275.6,652522
2020-06-03,279.78,272.12,279.99,267,1868786
2020-06-04,272,265.22,272,264,1667644
2020-06-05,266,259.59,266,256,1502450
2020-06-08,261,252.26,263,251.57,1686704
2020-06-09,253.99,257.25,259.98,252.02,1032975
2020-06-10,258.01,258.5,258.8,252.39,957359
2020-06-11,258,263,266.9,256.76,1617424
2020-06-12,261.99,258.67,263.3,253,1149598
2020-06-15,260,262,268.75,256,1091063
2020-06-16,264.88,263,265.21,261.06,1142304
2020-06-17,263.99,262,264.31,257.52,883066
2020-06-18,263,272.98,275,260.09,1592220
2020-06-19,272.26,281.7,281.7,270.17,1194124
2020-06-22,285.55,287.84,296.6,285.55,1637356
2020-06-23,286,312.24,318,286,1805918
2020-06-24,315,320.42,340.78,312.37,1870970
2020-06-29,318.5,310.96,325.5,308.11,1595759
2020-06-30,311.6,341.58,342,311.6,1511942
2020-07-01,343,328.8,343.42,313.01,1761795
2020-07-02,328.1,316,329,313,1645894
2020-07-03,318.97,315.7,324.48,304.27,2050400
2020-07-06,311.98,340.94,348.9,308.73,2274448
2020-07-07,339,356.99,372.5,329.2,2175455
2020-07-08,355.8,364.03,368.65,346.08,1319883
2020-07-09,355,390.68,398,355,2098307
2020-07-10,389.9,391,415.55,380.67,1750644
2020-07-13,388.38,434.86,436,387.18,1509305
2020-07-14,431.48,410,434,401,2879685
2020-07-15,410,410,435.5,401,1964234
2020-07-16,414.55,374.87,417.97,360.11,3235449
2020-07-17,372.2,348.65,375.78,343.89,3318862
2020-07-20,355.01,353.2,357,322,2511930
2020-07-21,354,368.64,375.88,354,1891793
2020-07-22,370,383.99,398,365.19,2275033
2020-07-23,380.02,397.8,398.5,380.02,1485001
2020-07-24,390,384,398.5,363.86,2008783
2020-07-27,384.5,352.04,385,350.68,2027478
2020-07-28,357.12,364.78,366.6,353.01,1135071
2020-07-29,363.09,382.3,389,362.02,1402719
2020-07-30,387,379.98,396,373,1203248
2020-07-31,379.98,392.99,394.28,375.96,1184204
2020-08-03,398.03,425,433.38,388.21,1742892
2020-08-04,420,408.9,430,398.5,1493396
2020-08-05,428,409.48,436,405.1,1578541
2020-08-06,409.49,400,410.6,390.1,1164985
2020-08-07,394,393,400,373,1683111
2020-08-10,398.92,399.98,423.58,385.3,2023155
2020-08-11,394.85,378,399.9,378,1330847
2020-08-12,378,365,379.42,352.29,2269161
2020-08-13,370,366.32,374.64,360.03,936683
2020-08-14,368,369.99,372,356.01,1298082
2020-08-17,366.5,360,368,351.1,1778400
2020-08-18,362,378,378.58,358,1594341
2020-08-19,390.11,371,392.01,365.5,1708555
2020-08-20,364,350.9,365.8,346,1874751
2020-08-21,355,356,368.6,350.62,1184263
2020-08-24,362.88,348,363.5,342.95,1772806
2020-08-25,348.01,332.25,351.68,331.4,2301996
2020-08-26,327,329.79,344.9,325.68,1575083
2020-08-27,335,339.36,344.71,330.67,1220499
2020-08-28,338.94,319.03,339,313.88,2748629
2020-08-31,323,330.87,341.7,319.51,2368600
2020-09-01,329.25,332.53,338.07,323.5,1086803
2020-09-02,336.56,349.85,349.98,336,1838124
2020-09-03,350.01,322.9,350.01,320.88,3200658
2020-09-04,313,310.06,319.88,305.8,2786830
2020-09-07,310,314.77,323.7,305.11,1969077
2020-09-08,311.21,307.64,316.96,295.5,2145926
2020-09-09,302.1,298.7,306,291,1472335
2020-09-10,300.16,295.75,305.44,292.23,2008682
2020-09-11,296.64,305.17,308,294.08,1224865
2020-09-14,312.17,324.9,330.5,312.17,3170915
2020-09-15,320.25,330.18,335,320,1463772
2020-09-16,329.38,324,329.9,318.41,1027619
2020-09-17,322.14,331.1,338,315.8,1454167
2020-09-18,333,333.99,337.23,325.01,1135918
2020-09-21,335.09,328.74,337,326.23,1063463
2020-09-22,326,328.3,334.57,319.78,1906663
2020-09-23,332,328.87,337,325,1840317
2020-09-24,325.8,319,327,317.12,1391050
2020-09-25,320.05,307.48,320.05,302,1434066
2020-09-28,308,307.66,310.88,303.2,1200721
2020-09-29,309.88,320,322.08,309.87,2036485
2020-09-30,321.39,330,335.55,318.4,2375795
2020-10-09,339,349,349.86,333,2439066
2020-10-12,351,354,355,341.01,2059139
2020-10-13,351.55,351.83,356.87,349.5,1179309
2020-10-14,349,351.88,358,347.05,1184557
2020-10-15,351.99,340.8,353.97,340.8,1250703
2020-10-16,342,335.25,344.25,335.25,884377
2020-10-19,337.68,328,341.19,326.58,1124591
2020-10-20,329.14,335.14,335.99,325.25,766237
2020-10-21,333,323.98,337.03,321.58,1172381
2020-10-22,324,322.88,324.91,316.16,735945
2020-10-23,323.13,300,326,297,2289597
2020-10-26,295,302.99,308.1,284.09,1529894
2020-10-27,310,323.8,325.5,302.18,2180025
2020-10-28,325,320.31,327.78,319,1411411
2020-10-29,318.07,325.98,328.09,311,1623731
2020-10-30,327.12,327.51,337.15,321.11,1494310
2020-11-02,325.5,325,330,311.22,1701410
2020-11-03,326.24,339,340.48,323.87,1461926
2020-11-04,339.04,338.07,342.93,334,1021623
2020-11-05,340,343.61,348.88,334,1335933
2020-11-06,347.3,339,347.3,336.23,824962
2020-11-09,339.96,335.45,339.96,324,2009158
2020-11-10,328.11,301.3,328.11,299.51,3456921
2020-11-11,301.71,290.7,303,287,2521814
2020-11-12,293.99,297.33,304,291.1,1058963
2020-11-13,295.1,296,309,292.17,1410909
2020-11-16,307.09,302.43,309.66,295,2051117
2020-11-17,302.99,299.65,307.9,297,1130586
2020-11-18,303.01,313.84,318.18,301.89,1747599
2020-11-19,315.67,328.4,336.86,313.97,1898384
2020-11-20,330,314.52,330.9,312.22,2169726
2020-11-23,314.53,318.07,319.37,302,1494719
2020-11-24,308.2,317.49,321.18,306.89,1005728
2020-11-25,320.64,306.37,320.64,303.03,1209946
2020-11-26,305,310.33,314.99,305,969000
2020-11-27,314,314.85,326.98,307.99,1228628
2020-11-30,313.77,321.08,323.58,310.53,1718129
2020-12-01,322.7,325,332.9,316.88,1293440
2020-12-02,336.6,329.7,344.89,326.28,2156058
2020-12-03,329.88,340.9,350,325.38,2143700
2020-12-04,340,345,350,336.73,1491227
2020-12-07,348,359.39,363.58,346,2036345
2020-12-08,359.39,349.5,361.99,348.1,1592843
2020-12-09,353,339.82,355.8,338.29,1770459
2020-12-10,338.68,335.45,342.03,333,1984453
2020-12-11,336.9,331.06,338.99,324,2470117
2020-12-14,334,345.7,358,327,2771569
2020-12-15,346.99,362.3,363.88,344.75,2582782
2020-12-16,359,354,362.34,350.8,1508887
2020-12-17,355.5,364.04,366.91,349.72,1434912
2020-12-18,374,360.68,374,355.09,1521867
2020-12-21,359.28,361,365.58,356.01,1220020
2020-12-22,360,369.97,378,357,2159676
2020-12-23,370.11,383.5,384.2,367.8,2359985
2020-12-24,383.88,370.06,388.59,369.01,1657320
2020-12-25,373,371.83,378,367.8,1042690
2020-12-28,371.83,366,373.9,358,1786988
2020-12-29,367.21,370.77,372,363,1145679
2020-12-30,368.01,374.15,382.47,366.02,2064152
2020-12-31,378.03,411,415.8,375.33,2952499
2021-01-04,411.2,420,435.3,406,2919042
2021-01-05,414.32,407.51,419.32,401.05,3419709
2021-01-06,407.48,397.96,418.97,394.05,2627778
2021-01-07,397.42,398.71,400.88,383.32,2727787
2021-01-08,403,399.6,407.9,395.84,1887093
2021-01-11,398.99,404.06,411.99,390,2190684
2021-01-12,399.5,406.5,410,394.97,1965699
2021-01-13,405.58,394.01,406,384.75,2574690
2021-01-14,390,401.2,420,386.9,2469105
2021-01-15,397.98,414.96,417.79,393,1580779
2021-01-18,415.3,460,478.8,408.3,2796139
2021-01-19,451.5,428.55,454.6,424,2050049
2021-01-20,434.99,460.8,464,428.62,2067420
2021-01-21,460.8,469.1,474.4,450.55,1554907
2021-01-22,461.33,491.77,493,447,1957306
2021-01-25,490,485,521,480.95,1839351
2021-01-26,484.5,450.35,484.5,450.1,2179643
2021-01-27,454.89,433.99,459,428.3,2597562
2021-01-28,428,412,435,406,2713580
2021-01-29,420.99,415,432.17,412.01,2231963
2021-02-01,416,414,429,411.1,1734428
2021-02-02,411.1,420.6,424.99,411,1476419
2021-02-03,420,446.49,458.88,419,2672173
2021-02-04,439,419.65,440,415,2137256
2021-02-05,423,420.96,430,415,1283236
2021-02-08,420,408,420,393,2742297
2021-02-09,408,424,428,400.01,3516788
2021-02-10,419.91,422.22,432.2,407,2365572
2021-02-18,427,408.16,433,407.5,2043517
2021-02-19,407,399.01,407,387.76,2173449
2021-02-22,397,374,400.5,374,2767522
2021-02-23,368.62,375.77,385,368.6,1559415
2021-02-24,381,355.9,385.09,350,3565401
2021-02-25,362,360.8,364.47,351,1574636
2021-02-26,354,336,354,335.05,2868082
2021-03-01,341.94,331.01,344.3,330.1,2379326
2021-03-02,334.98,333.3,342.9,329.06,2527122
2021-03-03,333.3,338.21,340.01,329.01,1714027
2021-03-04,336.92,320.11,336.99,318.9,2026192
2021-03-05,313,329.99,334.88,312.22,2333353
2021-03-08,331.17,308.39,334.87,306.59,3033901
2021-03-09,309.27,297.84,314.3,294,2778265
2021-03-10,305,309,313.13,301,1855414
2021-03-11,310.64,319.87,325.88,308.01,1882613
2021-03-12,320.9,329.7,335.2,317.91,2402906
2021-03-15,325.26,296.44,325.26,290.58,3589198
2021-03-16,297.71,298.8,305,286.5,2109163
2021-03-17,299,304.64,309.46,294.65,1569580
2021-03-18,307.5,306.62,318.9,303,1302829
2021-03-19,298.9,307.97,307.97,297.21,1517976
2021-03-22,305.5,302.86,310.71,301.66,1222049
2021-03-23,302.07,296,305.2,295,1016502
2021-03-24,295.5,306.08,311.88,295,2411217
2021-03-25,302.19,325.22,327.58,300.22,1892951
2021-03-26,325,338,339.36,324.8,1747581
2021-03-29,341,324.12,341,320.66,1262634
2021-03-30,321.6,329.95,334.53,321,836003
2021-03-31,325.1,324,333.75,320.21,1381790
2021-04-01,324.99,331.02,335.2,320,1390606
2021-04-02,333,337.59,338.94,331.8,1291946
2021-04-06,337.59,329.36,340.54,325.7,896148
2021-04-07,331,318.86,331,316.89,1295432
2021-04-08,319,325.89,327,316.06,897379
2021-04-09,322.34,316.36,324.99,316.09,874335
2021-04-12,315,300.6,319.79,297.17,1709009
2021-04-13,305.11,307.39,312.99,299.13,1281373
2021-04-14,307.48,306.6,313.99,303.17,864384
2021-04-15,303.56,303.39,312,300,854460
2021-04-16,306.77,305.11,311.11,300.11,965663
2021-04-19,303.23,322.96,325.5,303,1536220
2021-04-20,318,322,327.45,318,1065442
2021-04-21,315,336.6,338.91,315,1401002
2021-04-22,334.15,328.01,334.33,319.32,1632644
2021-04-23,325,334,337.3,324.01,923044
2021-04-26,333.01,320.26,338.28,320,1357528
2021-04-27,320.93,320.82,326.56,317.01,796701
2021-04-28,319.73,334.39,335,315.6,1267385
2021-04-29,334.3,346.23,349.11,328,1440126
2021-04-30,373,380,385,359,4130946
2021-05-06,375,377.9,382.59,365.13,1729533
2021-05-07,373.06,356.5,383.77,356.46,1869101
2021-05-10,355,348.22,356.5,344,1619501
2021-05-11,342.5,345.1,349.86,338.22,1841092
2021-05-12,345.1,352.41,356.97,343.5,1625925
2021-05-13,346.31,341.57,350,336.94,1332921
2021-05-14,340.02,355.68,356,340.02,1899925
2021-05-17,356,373.61,376,353.5,2560501
2021-05-18,373.83,367.82,373.83,364.3,1342980
2021-05-19,365,381.21,391.29,364.05,1912661
2021-05-20,381.2,381,389.98,376,1380325
2021-05-21,386.3,375.76,390,367,1655610
2021-05-24,375,373.7,377,364.01,1020804
2021-05-25,373.7,397,398.87,373.7,2271619
2021-05-26,396.99,384,400.96,377.67,2350566
2021-05-27,380.58,387.35,394.85,377,1529187
2021-05-28,385.99,375.13,392.44,370.88,1307520
2021-05-31,377.63,392,392,377,1862815
2021-06-01,394,405.5,409.98,390,2324501
2021-06-02,405.5,395.49,406.99,393.2,1526425
2021-06-03,395.49,384.37,398.51,382,1230457
2021-06-04,380.52,379.9,389.58,376.1,1561582
2021-06-07,382.98,385,388.88,376.62,1198493
2021-06-08,386.12,394,399.9,381.15,2058653
2021-06-09,392.81,412.8,414.97,391.5,2424153
2021-06-10,410.2,409.77,422,403.01,2890191
2021-06-11,412.51,420.77,438,405,4246030
2021-06-15,424.3,417.8,435.3,414.54,2961650
2021-06-16,419.96,387.63,420,380.01,3546953
2021-06-17,388.33,392.86,393.88,382.98,2220754
2021-06-18,392.16,388.79,397.03,376,1978224
2021-06-21,384,398.78,399.8,376.2,2125013
2021-06-22,397.99,392.63,408.88,391.32,1605128
2021-06-23,399.29,383.5,399.29,379.51,1857217
2021-06-24,384.66,370,388.78,361,3188432
2021-06-25,369.6,385.81,386,366.2,2139561
2021-06-28,387.84,386,394.82,379.5,1866605
2021-06-29,386.99,395.2,397.46,381.17,2128285
2021-06-30,393.01,394.8,404.4,389,2001317
2021-07-01,394.8,414.98,418.99,393,2771117
2021-07-02,408,386,413.97,384,2768859
2021-07-05,382,387.1,391,381.18,1742966
2021-07-06,388.1,381,392,375.23,1703570
2021-07-07,381,385.1,393,373.53,1761175
2021-07-08,387,402.54,409.6,383.1,2852131
2021-07-09,402.16,387.05,402.54,380.02,2020485
2021-07-12,390,397,397.94,382.21,2487317
2021-07-13,397.2,405,407.59,394,2212838
2021-07-14,400.22,391.58,409.89,391.58,1826969
2021-07-15,390,399.49,404.98,389.89,1816262
2021-07-16,401.89,397.25,408.88,393.55,1526545
2021-07-19,394.5,400,403.85,386,1548340
2021-07-20,397,399,403.68,396.01,1660966
2021-07-21,399.82,395.87,401.05,391.02,2093090
2021-07-22,393.6,389.02,399.5,387.88,1964801
2021-07-23,391.99,363.88,394.72,353.02,3880926
2021-07-26,361,337.21,362,328.88,4148204
2021-07-27,334.01,326.26,339.88,321,2997138
2021-07-28,324.42,313.38,329.87,305,3200823
2021-07-29,322,309.48,332,305.59,4329209
2021-07-30,309.03,328,335.44,306.49,3403585
2021-08-02,328.73,336,342,311.45,3030385
2021-08-03,332.66,353.6,355.88,328.01,3349197
2021-08-04,358.99,351,359.87,341,2622495
2021-08-05,348.9,345,353.83,340,2446100
2021-08-06,343.62,349,353,340.17,1386752
2021-08-09,346.21,363.5,368.88,346,2501603
2021-08-10,363.32,368.08,371.48,361.59,1546320
2021-08-11,371.92,355,371.98,354,1539161
2021-08-12,357.5,351,366,348,2070744
2021-08-13,351.08,347.71,354.99,338.25,1309791
2021-08-16,348,343.17,348,335.3,1432361
2021-08-17,345.48,339.5,351.31,339,1173402
2021-08-18,341.82,328,341.82,321.09,1523270
2021-08-19,329.98,330.82,336.53,325.1,1371623
2021-08-20,329.78,324.4,336.9,320.14,1670473
2021-08-23,326.04,340.2,343.01,325.01,1499706
2021-08-24,343.23,344,344,332.38,1516680
2021-08-25,328.68,283,328.68,275.31,9134708
2021-08-26,280.56,265.96,281.98,262.96,5578696
2021-08-27,268,255,269,254.66,4837952
2021-08-30,258.01,251,259.77,245,5610624
2021-08-31,251,249.5,254.69,242.26,4995320
2021-09-01,250,241.31,250,237,3760216
2021-09-02,241.79,240.48,246.26,237.2,3340856
2021-09-03,241.25,240,243.55,237.79,2510827
2021-09-06,241,254.8,257.5,240.7,4720266
2021-09-07,253.99,253.94,256,247.01,2455239
2021-09-08,252,250.79,253.08,249.01,1559396
2021-09-09,250.2,242.5,253.38,237.31,3373236
2021-09-10,241,250.5,251.19,239.01,2125015
2021-09-13,249,243,251.39,242.71,1942932
2021-09-14,243.16,252.99,257,243.16,2522572
2021-09-15,252.99,253,254.66,246.06,1445006
2021-09-16,252.66,257.05,257.05,246.88,2729682
2021-09-17,254,245,255.5,241,2963449
2021-09-22,241,238.28,249.2,237.01,1939309
2021-09-23,239.08,256.81,257.14,239,3084052
2021-09-24,257.8,257,268.36,252.42,3408986
2021-09-27,260.5,266.66,266.99,257.07,2672745
2021-09-28,263.02,263.76,266.99,256.58,1717853
2021-09-29,260.47,269.77,273.39,258.72,1998030
2021-09-30,267.82,283.32,285.5,267.82,2096314
2021-10-08,283.29,284,289.88,275.77,2082911
2021-10-11,279.92,264,282.9,261.11,2460406
2021-10-12,262.21,261.02,264.68,257.19,1637112
2021-10-13,261,253.2,262.96,245.1,2101202
2021-10-14,253.2,254.78,258.27,251.02,1448913
2021-10-15,257.47,265,274.99,252,1774219
2021-10-18,269,255.14,269,248.06,1948985
2021-10-19,255.99,268.35,269.22,253.02,1433810
2021-10-20,272,274.05,278.5,268.03,1604796
2021-10-21,271.17,273,274.49,265,1253002
2021-10-22,266,264.39,269.22,260.17,1732606
2021-10-25,264.05,255.5,266.8,250.67,2261823
2021-10-26,255.5,255.9,255.9,249,1811311
2021-10-27,252.99,252.89,256.07,249.33,1279815
2021-10-28,250.8,262.45,264.88,249.09,1671073
2021-10-29,270,295.28,298.68,270,4611080
2021-11-01,298.29,300,303,288.23,2905915
2021-11-02,298,291,302.22,288.28,2064676
2021-11-03,291,284.38,294.78,283.06,1759026
2021-11-04,286.02,282.34,288.88,280.3,1863792
2021-11-05,282.33,280.56,286.48,278.84,1495650
2021-11-08,282.5,292.42,293.21,275.58,1945444
2021-11-09,291,289.49,298.49,286.18,1344777
2021-11-10,291,278.5,291,275.81,1646180
2021-11-11,277.15,280.57,282.96,275.85,1437238
2021-11-12,280.36,282.05,285.88,278.8,1355851
2021-11-15,283.56,287.48,294.48,283.25,1371744
2021-11-16,287.15,282,290.62,280.6,991753
2021-11-17,281.12,286.7,289.77,281.05,1172632
2021-11-18,285.82,276,291,275.13,1435682
2021-11-19,276,273.63,278.9,273.32,928801
2021-11-22,275,268.78,276,263.57,2824635
2021-11-23,267.8,271.03,271.05,264.1,1736097
2021-11-24,270,265.86,271.59,265.47,1039305
2021-11-25,266.18,273.01,275.44,264.01,1486059
2021-11-26,272.47,271.5,273.27,267.5,942165
2021-11-29,267.65,267,270.79,263.35,1310290
2021-11-30,266.1,270.84,270.9,266.1,1688059
2021-12-01,268,267.73,273,265.01,1430494
2021-12-02,265.73,260.2,268.97,260.2,1419161
2021-12-03,259.6,253.77,261.48,252.57,2270579
2021-12-06,253.58,249.98,254,246.1,1886069
2021-12-07,252.49,250,252.99,247.37,1240972
2021-12-08,251,254.37,255.33,248.07,1706688
2021-12-09,253.92,269.82,271.89,252.53,3282578
2021-12-10,267.09,264.73,268.83,260.09,2991146
2021-12-13,261.58,256,267.48,255.56,2326957
2021-12-14,257.69,258.4,265.37,255.5,2455864
2021-12-15,256.95,251.52,259,251,1569580
2021-12-16,251.68,254.48,257.81,251.68,1210471
2021-12-17,253.53,246.9,255.87,246.44,1563422
2021-12-20,239,242.66,249.78,237,1959315
2021-12-21,242.66,246.6,248.71,240.5,1219287
2021-12-22,246.6,246.22,249.11,243.95,1523207
2021-12-23,248.58,259.31,266.09,246.51,2966721
2021-12-24,259.31,259.6,261.78,252.31,1556362
2021-12-27,256.56,264.2,265.5,256.1,1508961
2021-12-28,264.48,263.58,265.88,258.6,1361542
2021-12-29,262.85,261.04,265.68,259.11,1576317
2021-12-30,260.56,263,265.5,259.3,1372535
2021-12-31,263.88,265,267.8,258.27,1605115
2022-01-04,263,258.06,267.8,257.88,1723407
2022-01-05,256.93,260.06,269.98,256.05,2336840
2022-01-06,259,243,260.05,241.88,2629858
2022-01-07,244.22,241.89,247.33,240.61,2690872
2022-01-10,243,267.31,271.48,243,4082715
2022-01-11,269.91,267.15,279,263.01,2747000
2022-01-12,265.11,260.55,269.65,259.81,1945254
2022-01-13,261,254.01,264.41,254.01,1528107
2022-01-14,254.48,244.2,254.48,241,2532996
2022-01-17,246.96,265.6,265.63,238.93,4900642
2022-01-18,261,276.5,288.2,258.88,5381763
2022-01-19,275,272.51,281.45,270.11,1832811
2022-01-20,273.87,274.46,277.99,266,1515649
2022-01-21,273.3,267.9,279,266,1746219
2022-01-24,265.39,271.99,272.15,261.8,1655475
2022-01-25,270.96,258.8,275.9,257.56,2388317
2022-01-26,261.82,255.77,263.79,249.01,2130747
2022-01-27,253.1,246.87,256.16,245.66,1652035
2022-01-28,247.14,243.29,251,242.05,1699393
2022-02-07,246.5,242.75,248.88,239.29,1630353
2022-02-08,241.79,240.69,244.6,239.07,1294659
2022-02-09,241.95,228.9,243.8,226.68,3354670
2022-02-10,227.22,213.88,228,208.3,5184499
2022-02-11,211.6,214.59,217.29,208.9,3716577
2022-02-14,212.72,212.79,219.95,207.01,1712820
2022-02-15,214.34,220.03,222.68,212.81,1623648
2022-02-16,221.99,217.83,222,216.44,1345573
2022-02-17,219,218.1,220,216.7,1027189
2022-02-18,217.77,220.41,221.55,217.08,900188
2022-02-21,221,215.03,225.54,213.36,1725296
2022-02-22,213.07,212,214.99,209.16,2105305
2022-02-23,211.01,219.3,222.26,211.01,1572210
2022-02-24,218,207.65,219.3,204,2424018
2022-02-25,208.74,211.13,212.88,208.74,1487990
2022-02-28,210,213.22,218.8,201.8,4420647
2022-03-01,210.16,204.17,213.96,202.24,3530675
2022-03-02,202.75,200,202.76,198.58,1876385
2022-03-03,200.43,191.55,201.46,191.11,3661998
2022-03-04,189.57,186,191.55,185.25,3265358
2022-03-07,185.03,182.38,185.03,176,3009941
2022-03-08,182,183.58,188.59,181.03,2848538
2022-03-09,183.58,182,186.44,177.15,3114514
2022-03-10,186.2,188,189.87,185,2745906
2022-03-11,185.1,194.1,195,182.52,2078014
2022-03-14,196.36,192.05,197,190.53,1665020
2022-03-15,186.8,187.01,195,185.11,1889873
2022-03-16,187.17,192.08,193,185.32,2391347
2022-03-17,197,201,205.99,195,2541841
2022-03-18,198.5,194.02,199.96,192.01,1487128
2022-03-21,193.5,191.2,195.5,189.5,2317526
2022-03-22,190.41,188,191.5,186.7,1526858
2022-03-23,189.5,190.09,190.34,185.35,1395640
2022-03-24,187.59,192.11,196.1,185.75,2088617
2022-03-25,191.49,188.36,196.99,187.3,1312941
2022-03-28,184.59,181.9,187.32,180.64,1645334
2022-03-29,182.3,175.24,184.35,174.51,1779606
2022-03-30,176,186,187.16,176,1998060
2022-03-31,186,187.66,189,183.5,1434241
2022-04-01,186.02,184.99,186.84,182.7,1052482
2022-04-06,184.99,184.76,188.68,183.88,1434650
2022-04-07,184.03,180.28,186.31,180.11,953700
2022-04-08,179.67,180.19,182.6,179.16,980614
2022-04-11,178.94,173.51,181.6,172,1299619
2022-04-12,172.44,179.3,179.68,170.5,1429962
2022-04-13,177.95,177.7,181,175.01,875046
2022-04-14,177.1,184.1,189.5,177.1,1675249
2022-04-15,182.5,181.36,183.95,179.38,1085497
2022-04-18,180,185.45,186.1,178.27,1140113
2022-04-19,184.9,180.66,185.45,179.01,1049899
2022-04-20,179.77,181.8,184.65,179.77,1334606
2022-04-21,180.06,176.89,181.9,174,1289904
2022-04-22,175,171,175.93,170,1319154
2022-04-25,168.65,158.02,168.65,157.03,2168666
2022-04-26,158.55,158,162.9,157.2,1706612
2022-04-27,155.85,165.83,169.5,155,1711986
2022-04-28,164,158.99,166,156.8,1629505
2022-04-29,158.2,188.7,190.79,158.15,3669254
2022-05-05,183.68,192.71,202.7,183.68,3713204
2022-05-06,185.33,198,217,185.33,3977909
2022-05-09,193,189.01,196.96,186.5,2399275
2022-05-10,186,195.4,199.5,184.99,2914650
2022-05-11,195.4,201.5,211.31,191.85,3005848
2022-05-12,200.2,204.35,208,198.2,1656399
2022-05-13,204.35,201,208,199.9,1224048
2022-05-16,201.04,198.26,205.86,196.4,1113154
2022-05-17,196.33,204.12,207.36,195.51,1710395
2022-05-18,206,208,209.75,204.8,1300781
2022-05-19,204.02,207.6,207.6,202.88,1568084
2022-05-20,209.8,208.95,211.75,205,1326717
2022-05-23,209.5,206.51,210.89,206.51,822387
2022-05-24,205.51,197.96,207,197,1520004
2022-05-25,200.44,201.73,206.76,198.52,1177332
2022-05-26,199.5,200.2,203.43,191.99,1720567
2022-05-27,203.47,196.99,203.47,194.05,1453166
2022-05-30,199.07,200.4,204.41,194.39,1344396
2022-05-31,199.1,204.9,206.2,198.3,2004103
2022-06-01,204,205,205.5,201.01,2211884
2022-06-02,203.24,210.23,212,198.07,3083664
2022-06-06,212,224,231.8,210.01,4329136
2022-06-07,225.31,218.3,225.7,216,2271349
2022-06-08,217.14,225.05,235.61,215.34,3876898
2022-06-09,224.11,209.17,227,207.51,3180204
2022-06-10,208.06,212.86,212.9,206.99,2886645
2022-06-13,209.8,206.17,212.01,203,1949478
2022-06-14,201.68,198.06,203.97,190.44,3430576
2022-06-15,197.81,200.23,206.08,195,2500133
2022-06-16,201.8,207.07,210.5,199.52,2233994
2022-06-17,204.77,205.2,208.29,198,2046369
2022-06-20,206.62,201.45,209.85,200.13,3297923
2022-06-21,201.45,200,204.88,198.5,1865860
2022-06-22,200.01,191.28,201.23,190.79,2629089
2022-06-23,191.93,197.95,198.64,187,2662994
2022-06-24,197.92,196.27,204.07,193.6,2571431
2022-06-27,198.2,201.63,202.6,195.01,2823404
2022-06-28,202,196.2,203,193.1,3378441
2022-06-29,195.65,196.75,199.18,190.85,2626159
2022-06-30,196.75,197.12,200.53,194.94,1795107
2022-07-01,198.24,194.2,198.5,192.44,1401000
2022-07-04,194.76,190.49,197.5,190.1,2639561
2022-07-05,191.82,182.9,192.07,180.02,3576282
2022-07-06,182.53,183.07,188.8,180.92,2083111
2022-07-07,183.23,179.75,184.98,176.38,2138627
2022-07-08,180.37,182.18,186.5,180.37,2259977
2022-07-11,181,176.8,181.89,175.63,2098032
2022-07-12,175.21,175.56,179.59,174,2342435
2022-07-13,177.5,176.83,179.03,172.06,2545306
2022-07-14,176,175.03,177.88,173.9,1966091
2022-07-15,175.04,174.82,179.45,174,1772491
2022-07-18,175.09,175.91,178.18,170.19,2740354
2022-07-19,176.26,177,179.4,172.05,2844072
2022-07-20,178.5,181,185.25,177.3,2692866
2022-07-21,180.33,184.5,187.8,179.13,3190535
2022-07-22,185,179.72,185.3,179.33,1692638
2022-07-25,179.47,178.81,181.97,176.18,1938408
2022-07-26,179.86,181.1,182.99,176.2,1398971
2022-07-27,180.8,177.57,181.78,177.1,1187607
2022-07-28,178.46,184.32,186.18,177.26,2373950
2022-07-29,184,175.1,184.32,174,3560330
2022-08-01,174.82,174,177.46,169.9,1717750
2022-08-02,172.03,169.65,172.94,165,2643042
2022-08-03,169.99,178.85,185.18,168.02,5034255
2022-08-04,177.86,184.57,185.95,177.53,4765236
2022-08-05,185.33,202.16,203.27,184,7673394
2022-08-08,207.33,198.89,207.99,197.21,5886935
2022-08-09,199.91,192,200.3,187.59,4121654
2022-08-10,190,190.44,193.92,188.39,1963791
2022-08-11,191.85,191.6,194.88,190.01,1854532
2022-08-12,191.6,188.1,193,187.45,1687462
2022-08-15,189.04,186.66,191.17,184.64,1654143
2022-08-16,186.66,177,187.64,175.79,3824700
2022-08-17,177.95,177.67,180,175.5,2229843
2022-08-18,177.45,172.33,177.45,171.31,2923718
2022-08-19,171.9,170.12,175.4,170.12,2041451
2022-08-22,170,172.21,173,166.06,2372603
2022-08-23,171,175.05,175.68,171,3379026
2022-08-24,178,168,180,167.35,3575249
2022-08-25,166.06,164.13,169.69,160.07,3903836
2022-08-26,165.09,162.2,166.23,161.61,1740247
2022-08-29,160.08,163,163.49,159,2807859
2022-08-30,166,173.96,174.44,161.5,3818957
2022-08-31,173.01,180.12,185,172,4787866
2022-09-01,183,190.61,194.98,183,5080287
2022-09-02,194,188.35,194,182.66,3181997
2022-09-05,192,188.88,192,184.34,2828498
2022-09-06,188.27,185.64,189,180.13,2477519
2022-09-07,184.27,191.45,198,182.21,2410900
2022-09-08,190.41,187.99,192.71,187.13,1028247
2022-09-09,186.6,186.81,190.5,186.36,987484
2022-09-13,186.27,193.59,196.68,186,2079402
2022-09-14,190.2,207,209.99,190.17,4913817
2022-09-15,209,212.96,218,207.01,4664126
2022-09-16,210.16,220.99,235,208,5972976
2022-09-19,220.99,219.73,229.99,214.1,4585941
2022-09-20,220.18,213,222,209.96,3289673
2022-09-21,212.89,210.89,213.89,208.36,2393808
2022-09-22,210.89,216.76,219.9,208.5,2745244
2022-09-23,214.3,216.3,228,214.3,2904396
2022-09-26,213,206.67,216.72,205.48,3467499
2022-09-27,207.87,209.89,211.5,204.18,2977357
2022-09-28,208.52,206.85,211.6,206,1842007
2022-09-29,209.13,205,210.5,201.27,2152836
2022-09-30,202,201.11,208,200.11,1440374
2022-10-10,201.11,198.92,203.8,195,2234886
2022-10-11,197.05,198.55,202.8,191,2422504
2022-10-12,198.46,226.43,233,192.01,3818617
2022-10-13,225,234.61,253,224.96,5662024
2022-10-14,237.78,231.53,245.64,227.06,4463101
2022-10-17,232.5,242.05,246.26,231,5166085
2022-10-18,242,235.7,244.8,229.03,3932701
2022-10-19,235,245,253,229.77,5070438
2022-10-20,240.5,256,267,240.33,5885108
2022-10-21,254,277.08,278.92,250,4834104
2022-10-24,277,286.01,296,271.97,5708870
2022-10-25,279,265,282.99,255,7228801
2022-10-26,260.05,276.7,292.2,260.05,7017641
2022-10-27,278,270.3,297.51,266.01,5713442
2022-10-28,269.29,272.95,280.97,266.81,4755765
2022-10-31,270,290.74,297.88,268.18,5240812
2022-11-01,290,285.01,308.5,279.08,5370720
2022-11-02,282,284.62,290.96,274,4472152
2022-11-03,278.93,267,284,266.17,6086731
2022-11-04,268.26,275,278.48,266,5230296
2022-11-07,277.25,274.97,286.94,266.75,3746404
2022-11-08,274.36,281.3,284,265.95,5226875
2022-11-09,279.74,272.5,279.86,267.11,3555881
2022-11-10,268.11,269.5,279.8,268.1,3033293
2022-11-11,269,262.5,272.78,251,6633817
2022-11-14,257,265,268,253.56,6583681
2022-11-15,263,264.78,278.99,261.59,5955874
2022-11-16,265.73,265.7,274.89,263.01,2830846
2022-11-17,265.07,282.88,286,258.42,5762135
2022-11-18,278.12,271.04,284.99,270.03,4312247
2022-11-21,270.01,268.62,272.36,259,3339199
2022-11-22,268.08,267.04,270.88,261.58,2078392
2022-11-23,265.15,265.3,269.32,257,2577302
2022-11-24,265.87,256.63,269.96,253.15,3826989
2022-11-25,258,256.9,260.99,253,2440353
2022-11-28,251.95,253.7,261.5,247.8,4380608
2022-11-29,256.33,254.52,258.98,251.16,3436679
2022-11-30,253.1,255.78,255.78,245.03,3436839
2022-12-01,253,265.98,266.8,245.03,5661892
2022-12-02,265.37,255.3,269.5,254.59,3168225
2022-12-05,255.44,256.46,264.98,255.44,2927120
2022-12-06,256.02,262,262.84,251,2868217
2022-12-07,260.93,254.49,261.89,252.2,2473424
2022-12-08,253,249.15,255.62,247.86,2672409
2022-12-09,250.99,250.17,257,245.89,3342837
2022-12-12,250.3,260.57,261.56,247.56,2801080
2022-12-13,259.35,262.6,266,258.01,2917678
2022-12-14,265,257.78,266.44,256.02,2211558
2022-12-15,263.74,259,266,254.01,2004013
2022-12-16,257.58,253.52,260,250.89,1781867
2022-12-19,253.5,247.1,253.52,245,2358044
2022-12-20,247.97,238.9,250.97,234.02,3465471
2022-12-21,239,240.96,246.33,237.65,1833301
2022-12-22,241.73,239.9,245.5,237.36,1884690
2022-12-23,240,246,248.53,235,1758064
2022-12-26,245.09,250.2,251.62,241.87,2446764
2022-12-27,250.3,257.09,259.48,249,2258168
2022-12-28,256.71,259.41,265,255.5,3198605
2022-12-29,257.88,267,275,256.27,3473400
2022-12-30,264.42,264.49,273.98,261.03,1934916
2023-01-03,264.19,283.94,284.98,262.88,3699425
2023-01-04,285,281.58,285.8,277.6,1845119
2023-01-05,282.61,275.8,282.61,274.01,2253887
2023-01-06,276.51,278.49,280.95,270,2351916
2023-01-09,277,273.27,277,269.88,2054161
2023-01-10,275,272.37,275.14,269.09,1325768
2023-01-11,272.91,267.56,275,266.2,1538296
2023-01-12,267.12,270.81,278.5,265.55,2066476
2023-01-13,270.76,268.51,270.76,264.99,1548921
2023-01-16,268.51,278.99,282.28,267.5,2520032
2023-01-17,278,276.9,282.3,275.45,1080575
2023-01-18,276.9,282.75,288.88,275.51,2740418
2023-01-19,283.99,294.68,300.08,281.01,3110725
2023-01-20,294.25,294.7,303.3,291,2212726
2023-01-30,307,302.08,328.68,296.38,5289045
2023-01-31,303,281.3,304,279.99,4397034
2023-02-01,288,291,291.94,280.51,3721779
2023-02-02,293,306.18,317.88,293,4365535
2023-02-03,305.02,323,323,305.02,5105620
2023-02-06,325.97,314.79,345,308.57,8070577
2023-02-07,319.9,303,319.97,295,7548447
2023-02-08,300,303.37,306.96,295.63,4356870
2023-02-09,300.43,318,319.5,292,4593204
2023-02-10,314.77,294.58,315.95,290.66,5608293
2023-02-13,292.01,289.92,296.88,286,4816364
2023-02-14,294.39,296.69,302.98,290,3897789
2023-02-15,296.85,295.23,300.59,288,3489367
2023-02-16,295.23,297.86,308.09,294,3552233
2023-02-17,296.35,277.62,297.86,277.02,4868037
2023-02-20,275,282.29,285,273.5,2737295
2023-02-21,280,278.1,286.98,274.12,3441606
2023-02-22,275,280,283.8,271,3330053
2023-02-23,277.22,276.64,283.6,274.07,1813184
2023-02-24,276.75,281.07,283.1,273.13,2586843
2023-02-27,282.98,288.71,293.33,279.28,3549019
2023-02-28,292.6,291,302.9,286.9,3723325
2023-03-01,291.98,300,303.05,288,3223034
2023-03-02,297.38,305.5,317,294.02,3750278
2023-03-03,305.66,299,306.58,294.77,2667136
2023-03-06,301.5,294.71,301.5,292.8,1979337
2023-03-07,297.68,285.71,297.68,284.76,2054471
2023-03-08,283.98,306.82,306.82,282,5024510
2023-03-09,302.63,310,313.6,296.5,3794624
2023-03-10,305.86,302.88,316.23,301.38,2669867
2023-03-13,302.89,323.99,326.8,297.2,4240585
2023-03-14,321.2,321.98,327.77,316,3007491
2023-03-15,326,308.33,342.76,307.01,6006080
2023-03-16,305.28,309.66,315.5,302.58,3333147
2023-03-17,327,357.5,371.59,323.16,10197258
2023-03-20,362,343.98,367.5,343,7200410
2023-03-21,340.94,339.3,350,333.05,4348235
2023-03-22,334.03,325.92,335,319,7395660
2023-03-23,324.31,360.82,365,322.82,9206061
2023-03-24,353.61,392,398.01,348,9551048
2023-03-27,388.42,391.37,420,372.33,9426579
2023-03-28,406.63,401.01,426,398.02,8059568
2023-03-29,392.85,450,470.57,389.02,8915151
2023-03-30,455.4,438.88,455.4,429.22,6408550
2023-03-31,433.45,473,479.74,423,6349454
2023-04-03,482,511.92,524.26,480.25,8085862
2023-04-04,506.49,486.51,515.93,469.01,9491212
2023-04-06,469.9,472,499,448.02,9279514
2023-04-07,466,470.34,481,451.02,6367428
2023-04-10,465.94,423,465.94,417,9584222
2023-04-11,426.88,431.3,446,422.97,6631170
2023-04-12,429.58,439.99,456.29,411.88,10009959
2023-04-13,429,409.59,433.52,405,8806699
2023-04-14,414.1,418,424.65,408,6554850
2023-04-17,412,427.27,435.69,412,6936439
2023-04-18,421.15,441.55,457,414.02,10876061
2023-04-19,431.46,443,464.83,431.05,6417606
2023-04-20,446.94,480,485,446.94,7743709
2023-04-21,472.8,448,483,448,4906160
2023-04-24,452,440.2,462.68,433.66,5132272
2023-04-25,440,445.8,470.98,429.64,7267312
2023-04-26,446.59,430.11,468.02,426.46,6497080
2023-04-27,426.14,407,439.2,395,8183472
2023-04-28,407.82,440.2,442,403.82,5766715
2023-05-04,437.07,416.2,452.23,412,4949824
2023-05-05,413.79,417,426.89,410,4715340
2023-05-08,421.85,440,444.44,412.52,4897481
2023-05-09,436.96,445.36,471.81,435,4945995
2023-05-10,446,419.5,456,418.81,5186919
2023-05-11,431.5,419.81,446.5,413.68,3605286
2023-05-12,414,415.28,435,401.11,3382499
2023-05-15,419.27,415,422.74,402,3134747
2023-05-16,425.5,413.85,434.5,412.3,2792713
2023-05-17,406.2,404,412,395.01,4318761
2023-05-18,403.11,436.14,437.5,396.1,4503172
2023-05-19,437,432.24,450,428.45,3074059
2023-05-22,430.43,414.36,438.63,408,3545099
2023-05-23,414.36,408.2,415.99,407,2123972
2023-05-24,405.51,401.39,411.29,392.22,3179316
2023-05-25,403,393,410.98,382,4685876
2023-05-26,392.96,412.87,413.59,392.39,3523301
2023-05-29,416.07,415.96,430,411.01,3292280
2023-05-30,413,439.19,445.28,405,4673078
2023-05-31,430.3,432,440.5,417.2,7274089
2023-06-01,436.31,471,490.99,436.31,7664318
2023-06-02,470,471,481.65,460.46,3710616
2023-06-05,488,480.05,505.51,474,5949833
2023-06-06,480,451.2,480,449,5492797
2023-06-07,450.33,450,458,446.04,3259387
2023-06-08,441,448.89,450.5,434,3198660
2023-06-09,449.88,494.5,494.5,442.01,6423373
2023-06-12,484.28,488,488.9,463,6047418
2023-06-13,482.57,480.37,505,470.43,4657680
2023-06-14,469.48,471.21,481.69,458.88,6393552
2023-06-15,477,450,480,444.18,5415734
2023-06-16,447.48,485.8,493,446.21,6374937
2023-06-19,478,484,500,458,8056620
2023-06-20,483.99,517,530.5,473.18,6365249
2023-06-21,514.9,497.5,520,491.11,4109915
2023-06-26,488.84,477.71,505.02,474.75,4474208
2023-06-27,481.8,504.55,518,470.08,5046618
2023-06-28,500.48,483,505.01,463,5842672
2023-06-29,475,472.44,484.84,460,3579189
2023-06-30,466.5,472.22,482,458.3,3651544
2023-07-03,470.08,450.88,470.08,423.01,6666311
2023-07-04,450.7,456,468.78,437.35,3395342
2023-07-05,458,458,467.66,451.4,2303934
2023-07-06,457.5,449.24,472.66,446.88,4067907
2023-07-07,449.18,447,459.43,425.15,5319195
2023-07-10,441.57,446,447.25,435,2122487
2023-07-11,448,437.01,451.61,435.99,2883972
2023-07-12,430.11,424.7,438.87,424.35,4020284
2023-07-13,427.78,431.5,435.99,415.1,3625222
2023-07-14,435.1,439.23,457.39,435.1,3916328
2023-07-17,437,440.6,451.8,434.02,2229078
2023-07-18,436.6,433,438.87,428.55,2541249
2023-07-19,475,451,483.36,447.03,9555653
2023-07-20,448.89,431.01,449.94,429.01,4458519
2023-07-21,422.41,425.99,440.99,422,3205423
2023-07-24,425,415.36,431,413.03,3957163
2023-07-25,420,429.01,435.38,413,4040060
2023-07-26,422,411,422,403.8,3572782
2023-07-27,410.3,405,412.52,401.09,2280902
2023-07-28,407,412,412.77,401,2575915
2023-07-31,407,406,412.51,391.5,4082871
2023-08-01,403,413.5,419.99,400,2964814
2023-08-02,409.2,414.77,419.88,408.7,1425272
2023-08-03,407.36,417.01,420.6,405.2,1575508
2023-08-04,414,428.52,432.79,414,2737858
2023-08-07,426.2,432.05,441.5,426.2,1814038
2023-08-08,434.9,436.5,447.85,431.34,2460415
2023-08-09,434.96,424.45,438.5,424,1847262
2023-08-10,419.74,414.02,421.98,407.51,2794489
2023-08-11,413.44,408.16,418.97,408,1484214
2023-08-14,407.74,409,411.87,399.11,2516706
2023-08-15,412.17,405.84,416.68,403,1818724
2023-08-16,406.98,375.3,408.5,374,5779527
2023-08-17,382.43,381.5,384.6,375.5,4354997
2023-08-18,384,368.41,387,367.5,3569070
2023-08-21,368,370.57,376.98,363.5,2462018
2023-08-22,372.98,381.35,384.46,368.75,2848797
2023-08-23,383.92,372.46,385.5,370,2439848
2023-08-24,373,371.02,383.55,370.07,2782575
2023-08-25,365.23,356.4,366,350.09,4347937
2023-08-28,377,358.11,379.88,356.01,3663171
2023-08-29,354.42,380.01,383.88,354.42,4566384
2023-08-30,386.25,389.85,393,380.36,3590736
2023-08-31,390.1,394.6,407,386.91,3234075
2023-09-01,390.18,386.99,395,380.2,2057990
2023-09-04,389,386.17,389,378.02,2261868
2023-09-05,382.99,371.36,384.9,370.5,3012132
2023-09-06,370.5,369.26,371.71,362.2,2451452
2023-09-07,368.51,362.06,376.22,361.15,2523760
2023-09-08,360.02,354.99,363.02,353.72,1498484
2023-09-11,354.82,367.68,372.78,350.88,2634400
2023-09-12,366,365.08,372.5,363.7,1554926
2023-09-13,363.1,354.28,365.99,350.21,2126811
2023-09-14,353.63,354.52,360.96,351.53,1910993
2023-09-15,353.26,343.95,354.38,343,3134412
2023-09-18,346.79,345,353.58,342,1969060
2023-09-19,346.26,346.88,355.7,341.26,2427761
2023-09-20,347.27,346.63,352.93,343.65,1725351
2023-09-21,343.69,340.88,347.95,340.15,1688513
2023-09-22,342,374.96,376.5,342,4980383
2023-09-25,373.68,365.82,378.6,365.1,2482422
2023-09-26,371,376.5,386,370.12,3370186
2023-09-27,372.34,375.7,378.94,371.19,1702663
2023-09-28,373,370.8,387,368.05,1861279
2023-10-09,371.03,379.84,388.28,370.01,2834074
2023-10-10,379.26,376.16,384.95,371.1,1970190
2023-10-11,379.26,380.85,391,371.07,2621988
2023-10-12,381.27,376.5,386,373.65,1344398
2023-10-13,373.52,364.1,375.98,360.8,1891759
2023-10-16,365.17,364.5,375.99,361.09,1671875
2023-10-17,366.18,362.5,370.65,360.85,1146180
2023-10-18,353.73,345,355,319,4374273
2023-10-19,335,327.62,338,324.66,4691045
2023-10-20,326.32,315,326.59,313.44,3563864
2023-10-23,317.32,305,317.97,301.18,3086703
2023-10-24,306.24,305.27,313.6,300,3233659
2023-10-25,309,303.04,313.18,301.46,2658306
2023-10-26,299,305.5,306.5,296.14,2683001
2023-10-27,303,293.12,306,286.54,5683596
2023-10-30,293.85,285,296.77,280.51,5793196
2023-10-31,286,287.1,289.5,275.5,3787416
2023-11-01,286.53,283.74,290.05,281.22,3211409
2023-11-02,283.59,286.59,291,281.04,3126757
2023-11-03,288,301,304,286,4357696
2023-11-06,308,320,322.94,303,5265540
2023-11-07,320.14,332.1,335.3,318.08,5782961
2023-11-08,330.12,335,350.98,326.12,5516399
2023-11-09,337,333,351.76,331,2834405
2023-11-10,331.8,333.28,338,328.66,1892951
2023-11-13,333.28,341.27,349,333.28,3288697
2023-11-14,341.27,331.6,344.5,330.61,2542375
2023-11-15,334.76,330,335.63,327.23,2102820
2023-11-16,330,328.65,339.88,327.27,1980772
2023-11-17,327,327.48,333.73,323.55,1452696
2023-11-20,324.51,326.97,331,320.73,2382066
2023-11-21,328.33,322.97,329.2,321.1,1675648
2023-11-22,320,317.91,327,317.38,1389883
2023-11-23,314.22,317.6,319.75,309,2178937
2023-11-24,317.12,302.08,318.99,300.35,4298856
2023-11-27,305.99,302.56,306.87,301,2361346
2023-11-28,303.72,308.3,309,298.88,2130178
2023-11-29,306.8,300.65,308.19,300.22,1662045
2023-11-30,301,301.75,304.78,299.88,1648696
2023-12-01,301.51,312.12,317.5,298.27,3004740
2023-12-04,308,310,318.96,304.21,3877473
2023-12-05,310.01,301.8,311.6,300,2070845
2023-12-06,301.46,305,306.6,298.27,1871911
2023-12-07,303.18,311.75,316.26,301.02,3184952
2023-12-08,313.85,324.3,327.15,311.1,6032954
2023-12-11,321.85,343,345,315.99,4900220
2023-12-12,337.97,338,343.5,336.31,2211734
2023-12-13,337.9,339.7,351.98,335,2545403
2023-12-14,340.3,336.94,343.22,335.01,1820794
2023-12-15,335.08,328.22,338.4,327.76,2402089
2023-12-18,327.1,325.9,330.65,323.56,2325194
2023-12-19,324.7,325.16,329,320.1,2101204
2023-12-20,325.71,313.11,327.88,312.95,1868155
2023-12-21,314.19,313.29,322.4,309,2399105
2023-12-22,310.62,308.9,316.7,306,1990052
2023-12-25,306.01,312.03,313.66,306.01,1503954
2023-12-26,313,307.7,313.88,302,1742494
2023-12-27,309.98,304.67,316,302,2471220
2023-12-28,303.02,313.55,318,303.02,2744500
2023-12-29,312.9,316.2,317.8,309.53,2679329
