,603501.SH,603501.SH,603501.SH,603501.SH,603501.SH
,韦尔股份,韦尔股份,韦尔股份,韦尔股份,韦尔股份
date,open,close,high,low,volume
2014/1/2,0,0,0,0,0
2014/1/3,0,0,0,0,0
2014/1/6,0,0,0,0,0
2014/1/7,0,0,0,0,0
2014/1/8,0,0,0,0,0
2014/1/9,0,0,0,0,0
2014/1/10,0,0,0,0,0
2014/1/13,0,0,0,0,0
2014/1/14,0,0,0,0,0
2014/1/15,0,0,0,0,0
2014/1/16,0,0,0,0,0
2014/1/17,0,0,0,0,0
2014/1/20,0,0,0,0,0
2014/1/21,0,0,0,0,0
2014/1/22,0,0,0,0,0
2014/1/23,0,0,0,0,0
2014/1/24,0,0,0,0,0
2014/1/27,0,0,0,0,0
2014/1/28,0,0,0,0,0
2014/1/29,0,0,0,0,0
2014/1/30,0,0,0,0,0
2014/2/7,0,0,0,0,0
2014/2/10,0,0,0,0,0
2014/2/11,0,0,0,0,0
2014/2/12,0,0,0,0,0
2014/2/13,0,0,0,0,0
2014/2/14,0,0,0,0,0
2014/2/17,0,0,0,0,0
2014/2/18,0,0,0,0,0
2014/2/19,0,0,0,0,0
2014/2/20,0,0,0,0,0
2014/2/21,0,0,0,0,0
2014/2/24,0,0,0,0,0
2014/2/25,0,0,0,0,0
2014/2/26,0,0,0,0,0
2014/2/27,0,0,0,0,0
2014/2/28,0,0,0,0,0
2014/3/3,0,0,0,0,0
2014/3/4,0,0,0,0,0
2014/3/5,0,0,0,0,0
2014/3/6,0,0,0,0,0
2014/3/7,0,0,0,0,0
2014/3/10,0,0,0,0,0
2014/3/11,0,0,0,0,0
2014/3/12,0,0,0,0,0
2014/3/13,0,0,0,0,0
2014/3/14,0,0,0,0,0
2014/3/17,0,0,0,0,0
2014/3/18,0,0,0,0,0
2014/3/19,0,0,0,0,0
2014/3/20,0,0,0,0,0
2014/3/21,0,0,0,0,0
2014/3/24,0,0,0,0,0
2014/3/25,0,0,0,0,0
2014/3/26,0,0,0,0,0
2014/3/27,0,0,0,0,0
2014/3/28,0,0,0,0,0
2014/3/31,0,0,0,0,0
2014/4/1,0,0,0,0,0
2014/4/2,0,0,0,0,0
2014/4/3,0,0,0,0,0
2014/4/4,0,0,0,0,0
2014/4/8,0,0,0,0,0
2014/4/9,0,0,0,0,0
2014/4/10,0,0,0,0,0
2014/4/11,0,0,0,0,0
2014/4/14,0,0,0,0,0
2014/4/15,0,0,0,0,0
2014/4/16,0,0,0,0,0
2014/4/17,0,0,0,0,0
2014/4/18,0,0,0,0,0
2014/4/21,0,0,0,0,0
2014/4/22,0,0,0,0,0
2014/4/23,0,0,0,0,0
2014/4/24,0,0,0,0,0
2014/4/25,0,0,0,0,0
2014/4/28,0,0,0,0,0
2014/4/29,0,0,0,0,0
2014/4/30,0,0,0,0,0
2014/5/5,0,0,0,0,0
2014/5/6,0,0,0,0,0
2014/5/7,0,0,0,0,0
2014/5/8,0,0,0,0,0
2014/5/9,0,0,0,0,0
2014/5/12,0,0,0,0,0
2014/5/13,0,0,0,0,0
2014/5/14,0,0,0,0,0
2014/5/15,0,0,0,0,0
2014/5/16,0,0,0,0,0
2014/5/19,0,0,0,0,0
2014/5/20,0,0,0,0,0
2014/5/21,0,0,0,0,0
2014/5/22,0,0,0,0,0
2014/5/23,0,0,0,0,0
2014/5/26,0,0,0,0,0
2014/5/27,0,0,0,0,0
2014/5/28,0,0,0,0,0
2014/5/29,0,0,0,0,0
2014/5/30,0,0,0,0,0
2014/6/3,0,0,0,0,0
2014/6/4,0,0,0,0,0
2014/6/5,0,0,0,0,0
2014/6/6,0,0,0,0,0
2014/6/9,0,0,0,0,0
2014/6/10,0,0,0,0,0
2014/6/11,0,0,0,0,0
2014/6/12,0,0,0,0,0
2014/6/13,0,0,0,0,0
2014/6/16,0,0,0,0,0
2014/6/17,0,0,0,0,0
2014/6/18,0,0,0,0,0
2014/6/19,0,0,0,0,0
2014/6/20,0,0,0,0,0
2014/6/23,0,0,0,0,0
2014/6/24,0,0,0,0,0
2014/6/25,0,0,0,0,0
2014/6/26,0,0,0,0,0
2014/6/27,0,0,0,0,0
2014/6/30,0,0,0,0,0
2014/7/1,0,0,0,0,0
2014/7/2,0,0,0,0,0
2014/7/3,0,0,0,0,0
2014/7/4,0,0,0,0,0
2014/7/7,0,0,0,0,0
2014/7/8,0,0,0,0,0
2014/7/9,0,0,0,0,0
2014/7/10,0,0,0,0,0
2014/7/11,0,0,0,0,0
2014/7/14,0,0,0,0,0
2014/7/15,0,0,0,0,0
2014/7/16,0,0,0,0,0
2014/7/17,0,0,0,0,0
2014/7/18,0,0,0,0,0
2014/7/21,0,0,0,0,0
2014/7/22,0,0,0,0,0
2014/7/23,0,0,0,0,0
2014/7/24,0,0,0,0,0
2014/7/25,0,0,0,0,0
2014/7/28,0,0,0,0,0
2014/7/29,0,0,0,0,0
2014/7/30,0,0,0,0,0
2014/7/31,0,0,0,0,0
2014/8/1,0,0,0,0,0
2014/8/4,0,0,0,0,0
2014/8/5,0,0,0,0,0
2014/8/6,0,0,0,0,0
2014/8/7,0,0,0,0,0
2014/8/8,0,0,0,0,0
2014/8/11,0,0,0,0,0
2014/8/12,0,0,0,0,0
2014/8/13,0,0,0,0,0
2014/8/14,0,0,0,0,0
2014/8/15,0,0,0,0,0
2014/8/18,0,0,0,0,0
2014/8/19,0,0,0,0,0
2014/8/20,0,0,0,0,0
2014/8/21,0,0,0,0,0
2014/8/22,0,0,0,0,0
2014/8/25,0,0,0,0,0
2014/8/26,0,0,0,0,0
2014/8/27,0,0,0,0,0
2014/8/28,0,0,0,0,0
2014/8/29,0,0,0,0,0
2014/9/1,0,0,0,0,0
2014/9/2,0,0,0,0,0
2014/9/3,0,0,0,0,0
2014/9/4,0,0,0,0,0
2014/9/5,0,0,0,0,0
2014/9/9,0,0,0,0,0
2014/9/10,0,0,0,0,0
2014/9/11,0,0,0,0,0
2014/9/12,0,0,0,0,0
2014/9/15,0,0,0,0,0
2014/9/16,0,0,0,0,0
2014/9/17,0,0,0,0,0
2014/9/18,0,0,0,0,0
2014/9/19,0,0,0,0,0
2014/9/22,0,0,0,0,0
2014/9/23,0,0,0,0,0
2014/9/24,0,0,0,0,0
2014/9/25,0,0,0,0,0
2014/9/26,0,0,0,0,0
2014/9/29,0,0,0,0,0
2014/9/30,0,0,0,0,0
2014/10/8,0,0,0,0,0
2014/10/9,0,0,0,0,0
2014/10/10,0,0,0,0,0
2014/10/13,0,0,0,0,0
2014/10/14,0,0,0,0,0
2014/10/15,0,0,0,0,0
2014/10/16,0,0,0,0,0
2014/10/17,0,0,0,0,0
2014/10/20,0,0,0,0,0
2014/10/21,0,0,0,0,0
2014/10/22,0,0,0,0,0
2014/10/23,0,0,0,0,0
2014/10/24,0,0,0,0,0
2014/10/27,0,0,0,0,0
2014/10/28,0,0,0,0,0
2014/10/29,0,0,0,0,0
2014/10/30,0,0,0,0,0
2014/10/31,0,0,0,0,0
2014/11/3,0,0,0,0,0
2014/11/4,0,0,0,0,0
2014/11/5,0,0,0,0,0
2014/11/6,0,0,0,0,0
2014/11/7,0,0,0,0,0
2014/11/10,0,0,0,0,0
2014/11/11,0,0,0,0,0
2014/11/12,0,0,0,0,0
2014/11/13,0,0,0,0,0
2014/11/14,0,0,0,0,0
2014/11/17,0,0,0,0,0
2014/11/18,0,0,0,0,0
2014/11/19,0,0,0,0,0
2014/11/20,0,0,0,0,0
2014/11/21,0,0,0,0,0
2014/11/24,0,0,0,0,0
2014/11/25,0,0,0,0,0
2014/11/26,0,0,0,0,0
2014/11/27,0,0,0,0,0
2014/11/28,0,0,0,0,0
2014/12/1,0,0,0,0,0
2014/12/2,0,0,0,0,0
2014/12/3,0,0,0,0,0
2014/12/4,0,0,0,0,0
2014/12/5,0,0,0,0,0
2014/12/8,0,0,0,0,0
2014/12/9,0,0,0,0,0
2014/12/10,0,0,0,0,0
2014/12/11,0,0,0,0,0
2014/12/12,0,0,0,0,0
2014/12/15,0,0,0,0,0
2014/12/16,0,0,0,0,0
2014/12/17,0,0,0,0,0
2014/12/18,0,0,0,0,0
2014/12/19,0,0,0,0,0
2014/12/22,0,0,0,0,0
2014/12/23,0,0,0,0,0
2014/12/24,0,0,0,0,0
2014/12/25,0,0,0,0,0
2014/12/26,0,0,0,0,0
2014/12/29,0,0,0,0,0
2014/12/30,0,0,0,0,0
2014/12/31,0,0,0,0,0
2015/1/5,0,0,0,0,0
2015/1/6,0,0,0,0,0
2015/1/7,0,0,0,0,0
2015/1/8,0,0,0,0,0
2015/1/9,0,0,0,0,0
2015/1/12,0,0,0,0,0
2015/1/13,0,0,0,0,0
2015/1/14,0,0,0,0,0
2015/1/15,0,0,0,0,0
2015/1/16,0,0,0,0,0
2015/1/19,0,0,0,0,0
2015/1/20,0,0,0,0,0
2015/1/21,0,0,0,0,0
2015/1/22,0,0,0,0,0
2015/1/23,0,0,0,0,0
2015/1/26,0,0,0,0,0
2015/1/27,0,0,0,0,0
2015/1/28,0,0,0,0,0
2015/1/29,0,0,0,0,0
2015/1/30,0,0,0,0,0
2015/2/2,0,0,0,0,0
2015/2/3,0,0,0,0,0
2015/2/4,0,0,0,0,0
2015/2/5,0,0,0,0,0
2015/2/6,0,0,0,0,0
2015/2/9,0,0,0,0,0
2015/2/10,0,0,0,0,0
2015/2/11,0,0,0,0,0
2015/2/12,0,0,0,0,0
2015/2/13,0,0,0,0,0
2015/2/16,0,0,0,0,0
2015/2/17,0,0,0,0,0
2015/2/25,0,0,0,0,0
2015/2/26,0,0,0,0,0
2015/2/27,0,0,0,0,0
2015/3/2,0,0,0,0,0
2015/3/3,0,0,0,0,0
2015/3/4,0,0,0,0,0
2015/3/5,0,0,0,0,0
2015/3/6,0,0,0,0,0
2015/3/9,0,0,0,0,0
2015/3/10,0,0,0,0,0
2015/3/11,0,0,0,0,0
2015/3/12,0,0,0,0,0
2015/3/13,0,0,0,0,0
2015/3/16,0,0,0,0,0
2015/3/17,0,0,0,0,0
2015/3/18,0,0,0,0,0
2015/3/19,0,0,0,0,0
2015/3/20,0,0,0,0,0
2015/3/23,0,0,0,0,0
2015/3/24,0,0,0,0,0
2015/3/25,0,0,0,0,0
2015/3/26,0,0,0,0,0
2015/3/27,0,0,0,0,0
2015/3/30,0,0,0,0,0
2015/3/31,0,0,0,0,0
2015/4/1,0,0,0,0,0
2015/4/2,0,0,0,0,0
2015/4/3,0,0,0,0,0
2015/4/7,0,0,0,0,0
2015/4/8,0,0,0,0,0
2015/4/9,0,0,0,0,0
2015/4/10,0,0,0,0,0
2015/4/13,0,0,0,0,0
2015/4/14,0,0,0,0,0
2015/4/15,0,0,0,0,0
2015/4/16,0,0,0,0,0
2015/4/17,0,0,0,0,0
2015/4/20,0,0,0,0,0
2015/4/21,0,0,0,0,0
2015/4/22,0,0,0,0,0
2015/4/23,0,0,0,0,0
2015/4/24,0,0,0,0,0
2015/4/27,0,0,0,0,0
2015/4/28,0,0,0,0,0
2015/4/29,0,0,0,0,0
2015/4/30,0,0,0,0,0
2015/5/4,0,0,0,0,0
2015/5/5,0,0,0,0,0
2015/5/6,0,0,0,0,0
2015/5/7,0,0,0,0,0
2015/5/8,0,0,0,0,0
2015/5/11,0,0,0,0,0
2015/5/12,0,0,0,0,0
2015/5/13,0,0,0,0,0
2015/5/14,0,0,0,0,0
2015/5/15,0,0,0,0,0
2015/5/18,0,0,0,0,0
2015/5/19,0,0,0,0,0
2015/5/20,0,0,0,0,0
2015/5/21,0,0,0,0,0
2015/5/22,0,0,0,0,0
2015/5/25,0,0,0,0,0
2015/5/26,0,0,0,0,0
2015/5/27,0,0,0,0,0
2015/5/28,0,0,0,0,0
2015/5/29,0,0,0,0,0
2015/6/1,0,0,0,0,0
2015/6/2,0,0,0,0,0
2015/6/3,0,0,0,0,0
2015/6/4,0,0,0,0,0
2015/6/5,0,0,0,0,0
2015/6/8,0,0,0,0,0
2015/6/9,0,0,0,0,0
2015/6/10,0,0,0,0,0
2015/6/11,0,0,0,0,0
2015/6/12,0,0,0,0,0
2015/6/15,0,0,0,0,0
2015/6/16,0,0,0,0,0
2015/6/17,0,0,0,0,0
2015/6/18,0,0,0,0,0
2015/6/19,0,0,0,0,0
2015/6/23,0,0,0,0,0
2015/6/24,0,0,0,0,0
2015/6/25,0,0,0,0,0
2015/6/26,0,0,0,0,0
2015/6/29,0,0,0,0,0
2015/6/30,0,0,0,0,0
2015/7/1,0,0,0,0,0
2015/7/2,0,0,0,0,0
2015/7/3,0,0,0,0,0
2015/7/6,0,0,0,0,0
2015/7/7,0,0,0,0,0
2015/7/8,0,0,0,0,0
2015/7/9,0,0,0,0,0
2015/7/10,0,0,0,0,0
2015/7/13,0,0,0,0,0
2015/7/14,0,0,0,0,0
2015/7/15,0,0,0,0,0
2015/7/16,0,0,0,0,0
2015/7/17,0,0,0,0,0
2015/7/20,0,0,0,0,0
2015/7/21,0,0,0,0,0
2015/7/22,0,0,0,0,0
2015/7/23,0,0,0,0,0
2015/7/24,0,0,0,0,0
2015/7/27,0,0,0,0,0
2015/7/28,0,0,0,0,0
2015/7/29,0,0,0,0,0
2015/7/30,0,0,0,0,0
2015/7/31,0,0,0,0,0
2015/8/3,0,0,0,0,0
2015/8/4,0,0,0,0,0
2015/8/5,0,0,0,0,0
2015/8/6,0,0,0,0,0
2015/8/7,0,0,0,0,0
2015/8/10,0,0,0,0,0
2015/8/11,0,0,0,0,0
2015/8/12,0,0,0,0,0
2015/8/13,0,0,0,0,0
2015/8/14,0,0,0,0,0
2015/8/17,0,0,0,0,0
2015/8/18,0,0,0,0,0
2015/8/19,0,0,0,0,0
2015/8/20,0,0,0,0,0
2015/8/21,0,0,0,0,0
2015/8/24,0,0,0,0,0
2015/8/25,0,0,0,0,0
2015/8/26,0,0,0,0,0
2015/8/27,0,0,0,0,0
2015/8/28,0,0,0,0,0
2015/8/31,0,0,0,0,0
2015/9/1,0,0,0,0,0
2015/9/2,0,0,0,0,0
2015/9/7,0,0,0,0,0
2015/9/8,0,0,0,0,0
2015/9/9,0,0,0,0,0
2015/9/10,0,0,0,0,0
2015/9/11,0,0,0,0,0
2015/9/14,0,0,0,0,0
2015/9/15,0,0,0,0,0
2015/9/16,0,0,0,0,0
2015/9/17,0,0,0,0,0
2015/9/18,0,0,0,0,0
2015/9/21,0,0,0,0,0
2015/9/22,0,0,0,0,0
2015/9/23,0,0,0,0,0
2015/9/24,0,0,0,0,0
2015/9/25,0,0,0,0,0
2015/9/28,0,0,0,0,0
2015/9/29,0,0,0,0,0
2015/9/30,0,0,0,0,0
2015/10/8,0,0,0,0,0
2015/10/9,0,0,0,0,0
2015/10/12,0,0,0,0,0
2015/10/13,0,0,0,0,0
2015/10/14,0,0,0,0,0
2015/10/15,0,0,0,0,0
2015/10/16,0,0,0,0,0
2015/10/19,0,0,0,0,0
2015/10/20,0,0,0,0,0
2015/10/21,0,0,0,0,0
2015/10/22,0,0,0,0,0
2015/10/23,0,0,0,0,0
2015/10/26,0,0,0,0,0
2015/10/27,0,0,0,0,0
2015/10/28,0,0,0,0,0
2015/10/29,0,0,0,0,0
2015/10/30,0,0,0,0,0
2015/11/2,0,0,0,0,0
2015/11/3,0,0,0,0,0
2015/11/4,0,0,0,0,0
2015/11/5,0,0,0,0,0
2015/11/6,0,0,0,0,0
2015/11/9,0,0,0,0,0
2015/11/10,0,0,0,0,0
2015/11/11,0,0,0,0,0
2015/11/12,0,0,0,0,0
2015/11/13,0,0,0,0,0
2015/11/16,0,0,0,0,0
2015/11/17,0,0,0,0,0
2015/11/18,0,0,0,0,0
2015/11/19,0,0,0,0,0
2015/11/20,0,0,0,0,0
2015/11/23,0,0,0,0,0
2015/11/24,0,0,0,0,0
2015/11/25,0,0,0,0,0
2015/11/26,0,0,0,0,0
2015/11/27,0,0,0,0,0
2015/11/30,0,0,0,0,0
2015/12/1,0,0,0,0,0
2015/12/2,0,0,0,0,0
2015/12/3,0,0,0,0,0
2015/12/4,0,0,0,0,0
2015/12/7,0,0,0,0,0
2015/12/8,0,0,0,0,0
2015/12/9,0,0,0,0,0
2015/12/10,0,0,0,0,0
2015/12/11,0,0,0,0,0
2015/12/14,0,0,0,0,0
2015/12/15,0,0,0,0,0
2015/12/16,0,0,0,0,0
2015/12/17,0,0,0,0,0
2015/12/18,0,0,0,0,0
2015/12/21,0,0,0,0,0
2015/12/22,0,0,0,0,0
2015/12/23,0,0,0,0,0
2015/12/24,0,0,0,0,0
2015/12/25,0,0,0,0,0
2015/12/28,0,0,0,0,0
2015/12/29,0,0,0,0,0
2015/12/30,0,0,0,0,0
2015/12/31,0,0,0,0,0
2016/1/4,0,0,0,0,0
2016/1/5,0,0,0,0,0
2016/1/6,0,0,0,0,0
2016/1/7,0,0,0,0,0
2016/1/8,0,0,0,0,0
2016/1/11,0,0,0,0,0
2016/1/12,0,0,0,0,0
2016/1/13,0,0,0,0,0
2016/1/14,0,0,0,0,0
2016/1/15,0,0,0,0,0
2016/1/18,0,0,0,0,0
2016/1/19,0,0,0,0,0
2016/1/20,0,0,0,0,0
2016/1/21,0,0,0,0,0
2016/1/22,0,0,0,0,0
2016/1/25,0,0,0,0,0
2016/1/26,0,0,0,0,0
2016/1/27,0,0,0,0,0
2016/1/28,0,0,0,0,0
2016/1/29,0,0,0,0,0
2016/2/1,0,0,0,0,0
2016/2/2,0,0,0,0,0
2016/2/3,0,0,0,0,0
2016/2/4,0,0,0,0,0
2016/2/5,0,0,0,0,0
2016/2/15,0,0,0,0,0
2016/2/16,0,0,0,0,0
2016/2/17,0,0,0,0,0
2016/2/18,0,0,0,0,0
2016/2/19,0,0,0,0,0
2016/2/22,0,0,0,0,0
2016/2/23,0,0,0,0,0
2016/2/24,0,0,0,0,0
2016/2/25,0,0,0,0,0
2016/2/26,0,0,0,0,0
2016/2/29,0,0,0,0,0
2016/3/1,0,0,0,0,0
2016/3/2,0,0,0,0,0
2016/3/3,0,0,0,0,0
2016/3/4,0,0,0,0,0
2016/3/7,0,0,0,0,0
2016/3/8,0,0,0,0,0
2016/3/9,0,0,0,0,0
2016/3/10,0,0,0,0,0
2016/3/11,0,0,0,0,0
2016/3/14,0,0,0,0,0
2016/3/15,0,0,0,0,0
2016/3/16,0,0,0,0,0
2016/3/17,0,0,0,0,0
2016/3/18,0,0,0,0,0
2016/3/21,0,0,0,0,0
2016/3/22,0,0,0,0,0
2016/3/23,0,0,0,0,0
2016/3/24,0,0,0,0,0
2016/3/25,0,0,0,0,0
2016/3/28,0,0,0,0,0
2016/3/29,0,0,0,0,0
2016/3/30,0,0,0,0,0
2016/3/31,0,0,0,0,0
2016/4/1,0,0,0,0,0
2016/4/5,0,0,0,0,0
2016/4/6,0,0,0,0,0
2016/4/7,0,0,0,0,0
2016/4/8,0,0,0,0,0
2016/4/11,0,0,0,0,0
2016/4/12,0,0,0,0,0
2016/4/13,0,0,0,0,0
2016/4/14,0,0,0,0,0
2016/4/15,0,0,0,0,0
2016/4/18,0,0,0,0,0
2016/4/19,0,0,0,0,0
2016/4/20,0,0,0,0,0
2016/4/21,0,0,0,0,0
2016/4/22,0,0,0,0,0
2016/4/25,0,0,0,0,0
2016/4/26,0,0,0,0,0
2016/4/27,0,0,0,0,0
2016/4/28,0,0,0,0,0
2016/4/29,0,0,0,0,0
2016/5/3,0,0,0,0,0
2016/5/4,0,0,0,0,0
2016/5/5,0,0,0,0,0
2016/5/6,0,0,0,0,0
2016/5/9,0,0,0,0,0
2016/5/10,0,0,0,0,0
2016/5/11,0,0,0,0,0
2016/5/12,0,0,0,0,0
2016/5/13,0,0,0,0,0
2016/5/16,0,0,0,0,0
2016/5/17,0,0,0,0,0
2016/5/18,0,0,0,0,0
2016/5/19,0,0,0,0,0
2016/5/20,0,0,0,0,0
2016/5/23,0,0,0,0,0
2016/5/24,0,0,0,0,0
2016/5/25,0,0,0,0,0
2016/5/26,0,0,0,0,0
2016/5/27,0,0,0,0,0
2016/5/30,0,0,0,0,0
2016/5/31,0,0,0,0,0
2016/6/1,0,0,0,0,0
2016/6/2,0,0,0,0,0
2016/6/3,0,0,0,0,0
2016/6/6,0,0,0,0,0
2016/6/7,0,0,0,0,0
2016/6/8,0,0,0,0,0
2016/6/13,0,0,0,0,0
2016/6/14,0,0,0,0,0
2016/6/15,0,0,0,0,0
2016/6/16,0,0,0,0,0
2016/6/17,0,0,0,0,0
2016/6/20,0,0,0,0,0
2016/6/21,0,0,0,0,0
2016/6/22,0,0,0,0,0
2016/6/23,0,0,0,0,0
2016/6/24,0,0,0,0,0
2016/6/27,0,0,0,0,0
2016/6/28,0,0,0,0,0
2016/6/29,0,0,0,0,0
2016/6/30,0,0,0,0,0
2016/7/1,0,0,0,0,0
2016/7/4,0,0,0,0,0
2016/7/5,0,0,0,0,0
2016/7/6,0,0,0,0,0
2016/7/7,0,0,0,0,0
2016/7/8,0,0,0,0,0
2016/7/11,0,0,0,0,0
2016/7/12,0,0,0,0,0
2016/7/13,0,0,0,0,0
2016/7/14,0,0,0,0,0
2016/7/15,0,0,0,0,0
2016/7/18,0,0,0,0,0
2016/7/19,0,0,0,0,0
2016/7/20,0,0,0,0,0
2016/7/21,0,0,0,0,0
2016/7/22,0,0,0,0,0
2016/7/25,0,0,0,0,0
2016/7/26,0,0,0,0,0
2016/7/27,0,0,0,0,0
2016/7/28,0,0,0,0,0
2016/7/29,0,0,0,0,0
2016/8/1,0,0,0,0,0
2016/8/2,0,0,0,0,0
2016/8/3,0,0,0,0,0
2016/8/4,0,0,0,0,0
2016/8/5,0,0,0,0,0
2016/8/8,0,0,0,0,0
2016/8/9,0,0,0,0,0
2016/8/10,0,0,0,0,0
2016/8/11,0,0,0,0,0
2016/8/12,0,0,0,0,0
2016/8/15,0,0,0,0,0
2016/8/16,0,0,0,0,0
2016/8/17,0,0,0,0,0
2016/8/18,0,0,0,0,0
2016/8/19,0,0,0,0,0
2016/8/22,0,0,0,0,0
2016/8/23,0,0,0,0,0
2016/8/24,0,0,0,0,0
2016/8/25,0,0,0,0,0
2016/8/26,0,0,0,0,0
2016/8/29,0,0,0,0,0
2016/8/30,0,0,0,0,0
2016/8/31,0,0,0,0,0
2016/9/1,0,0,0,0,0
2016/9/2,0,0,0,0,0
2016/9/5,0,0,0,0,0
2016/9/6,0,0,0,0,0
2016/9/7,0,0,0,0,0
2016/9/8,0,0,0,0,0
2016/9/9,0,0,0,0,0
2016/9/12,0,0,0,0,0
2016/9/13,0,0,0,0,0
2016/9/14,0,0,0,0,0
2016/9/19,0,0,0,0,0
2016/9/20,0,0,0,0,0
2016/9/21,0,0,0,0,0
2016/9/22,0,0,0,0,0
2016/9/23,0,0,0,0,0
2016/9/26,0,0,0,0,0
2016/9/27,0,0,0,0,0
2016/9/28,0,0,0,0,0
2016/9/29,0,0,0,0,0
2016/9/30,0,0,0,0,0
2016/10/10,0,0,0,0,0
2016/10/11,0,0,0,0,0
2016/10/12,0,0,0,0,0
2016/10/13,0,0,0,0,0
2016/10/14,0,0,0,0,0
2016/10/17,0,0,0,0,0
2016/10/18,0,0,0,0,0
2016/10/19,0,0,0,0,0
2016/10/20,0,0,0,0,0
2016/10/21,0,0,0,0,0
2016/10/24,0,0,0,0,0
2016/10/25,0,0,0,0,0
2016/10/26,0,0,0,0,0
2016/10/27,0,0,0,0,0
2016/10/28,0,0,0,0,0
2016/10/31,0,0,0,0,0
2016/11/1,0,0,0,0,0
2016/11/2,0,0,0,0,0
2016/11/3,0,0,0,0,0
2016/11/4,0,0,0,0,0
2016/11/7,0,0,0,0,0
2016/11/8,0,0,0,0,0
2016/11/9,0,0,0,0,0
2016/11/10,0,0,0,0,0
2016/11/11,0,0,0,0,0
2016/11/14,0,0,0,0,0
2016/11/15,0,0,0,0,0
2016/11/16,0,0,0,0,0
2016/11/17,0,0,0,0,0
2016/11/18,0,0,0,0,0
2016/11/21,0,0,0,0,0
2016/11/22,0,0,0,0,0
2016/11/23,0,0,0,0,0
2016/11/24,0,0,0,0,0
2016/11/25,0,0,0,0,0
2016/11/28,0,0,0,0,0
2016/11/29,0,0,0,0,0
2016/11/30,0,0,0,0,0
2016/12/1,0,0,0,0,0
2016/12/2,0,0,0,0,0
2016/12/5,0,0,0,0,0
2016/12/6,0,0,0,0,0
2016/12/7,0,0,0,0,0
2016/12/8,0,0,0,0,0
2016/12/9,0,0,0,0,0
2016/12/12,0,0,0,0,0
2016/12/13,0,0,0,0,0
2016/12/14,0,0,0,0,0
2016/12/15,0,0,0,0,0
2016/12/16,0,0,0,0,0
2016/12/19,0,0,0,0,0
2016/12/20,0,0,0,0,0
2016/12/21,0,0,0,0,0
2016/12/22,0,0,0,0,0
2016/12/23,0,0,0,0,0
2016/12/26,0,0,0,0,0
2016/12/27,0,0,0,0,0
2016/12/28,0,0,0,0,0
2016/12/29,0,0,0,0,0
2016/12/30,0,0,0,0,0
2017/1/3,0,0,0,0,0
2017/1/4,0,0,0,0,0
2017/1/5,0,0,0,0,0
2017/1/6,0,0,0,0,0
2017/1/9,0,0,0,0,0
2017/1/10,0,0,0,0,0
2017/1/11,0,0,0,0,0
2017/1/12,0,0,0,0,0
2017/1/13,0,0,0,0,0
2017/1/16,0,0,0,0,0
2017/1/17,0,0,0,0,0
2017/1/18,0,0,0,0,0
2017/1/19,0,0,0,0,0
2017/1/20,0,0,0,0,0
2017/1/23,0,0,0,0,0
2017/1/24,0,0,0,0,0
2017/1/25,0,0,0,0,0
2017/1/26,0,0,0,0,0
2017/2/3,0,0,0,0,0
2017/2/6,0,0,0,0,0
2017/2/7,0,0,0,0,0
2017/2/8,0,0,0,0,0
2017/2/9,0,0,0,0,0
2017/2/10,0,0,0,0,0
2017/2/13,0,0,0,0,0
2017/2/14,0,0,0,0,0
2017/2/15,0,0,0,0,0
2017/2/16,0,0,0,0,0
2017/2/17,0,0,0,0,0
2017/2/20,0,0,0,0,0
2017/2/21,0,0,0,0,0
2017/2/22,0,0,0,0,0
2017/2/23,0,0,0,0,0
2017/2/24,0,0,0,0,0
2017/2/27,0,0,0,0,0
2017/2/28,0,0,0,0,0
2017/3/1,0,0,0,0,0
2017/3/2,0,0,0,0,0
2017/3/3,0,0,0,0,0
2017/3/6,0,0,0,0,0
2017/3/7,0,0,0,0,0
2017/3/8,0,0,0,0,0
2017/3/9,0,0,0,0,0
2017/3/10,0,0,0,0,0
2017/3/13,0,0,0,0,0
2017/3/14,0,0,0,0,0
2017/3/15,0,0,0,0,0
2017/3/16,0,0,0,0,0
2017/3/17,0,0,0,0,0
2017/3/20,0,0,0,0,0
2017/3/21,0,0,0,0,0
2017/3/22,0,0,0,0,0
2017/3/23,0,0,0,0,0
2017/3/24,0,0,0,0,0
2017/3/27,0,0,0,0,0
2017/3/28,0,0,0,0,0
2017/3/29,0,0,0,0,0
2017/3/30,0,0,0,0,0
2017/3/31,0,0,0,0,0
2017/4/5,0,0,0,0,0
2017/4/6,0,0,0,0,0
2017/4/7,0,0,0,0,0
2017/4/10,0,0,0,0,0
2017/4/11,0,0,0,0,0
2017/4/12,0,0,0,0,0
2017/4/13,0,0,0,0,0
2017/4/14,0,0,0,0,0
2017/4/17,0,0,0,0,0
2017/4/18,0,0,0,0,0
2017/4/19,0,0,0,0,0
2017/4/20,0,0,0,0,0
2017/4/21,0,0,0,0,0
2017/4/24,0,0,0,0,0
2017/4/25,0,0,0,0,0
2017/4/26,0,0,0,0,0
2017/4/27,0,0,0,0,0
2017/4/28,0,0,0,0,0
2017/5/2,0,0,0,0,0
2017/5/3,0,0,0,0,0
2017/5/4,10.11,10.11,10.11,10.11,14958
2017/5/5,11.12,11.12,11.12,11.12,5172
2017/5/8,12.23,12.23,12.23,12.23,8700
2017/5/9,13.45,13.45,13.45,13.45,9058
2017/5/10,14.8,14.8,14.8,14.8,10600
2017/5/11,16.28,16.28,16.28,16.28,39400
2017/5/12,17.91,17.91,17.91,17.91,97150
2017/5/15,19.7,19.7,19.7,19.7,77309
2017/5/16,21.67,21.67,21.67,21.67,300153
2017/5/17,23.84,23.84,23.84,23.84,164176
2017/5/18,26.22,26.22,26.22,26.22,152672
2017/5/19,28.84,24.29,28.84,24.06,24309815
2017/5/22,22.9,21.86,23.32,21.86,12357647
2017/5/23,20.71,22.18,22.47,20.63,13966429
2017/5/24,21.66,22.49,22.79,21.4,12676910
2017/5/25,22.3,21.2,22.36,20.72,11688157
2017/5/26,21.26,21.92,22.87,21.26,11573052
2017/5/31,23,22.81,24.11,22.68,19069116
2017/6/1,21.73,20.53,22.15,20.53,14272917
2017/6/2,19.42,20.15,20.79,19.22,7807790
2017/6/5,20.15,20.15,20.15,20.15,0
2017/6/6,20.15,20.15,20.15,20.15,0
2017/6/7,20.15,20.15,20.15,20.15,0
2017/6/8,20.15,20.15,20.15,20.15,0
2017/6/9,20.15,20.15,20.15,20.15,0
2017/6/12,20.15,20.15,20.15,20.15,0
2017/6/13,20.15,20.15,20.15,20.15,0
2017/6/14,20.15,20.15,20.15,20.15,0
2017/6/15,20.15,20.15,20.15,20.15,0
2017/6/16,20.15,20.15,20.15,20.15,0
2017/6/19,20.15,20.15,20.15,20.15,0
2017/6/20,20.15,20.15,20.15,20.15,0
2017/6/21,20.15,20.15,20.15,20.15,0
2017/6/22,20.15,20.15,20.15,20.15,0
2017/6/23,20.15,20.15,20.15,20.15,0
2017/6/26,20.15,20.15,20.15,20.15,0
2017/6/27,20.15,20.15,20.15,20.15,0
2017/6/28,20.15,20.15,20.15,20.15,0
2017/6/29,20.15,20.15,20.15,20.15,0
2017/6/30,20.15,20.15,20.15,20.15,0
2017/7/3,20.15,20.15,20.15,20.15,0
2017/7/4,20.15,20.15,20.15,20.15,0
2017/7/5,20.15,20.15,20.15,20.15,0
2017/7/6,20.15,20.15,20.15,20.15,0
2017/7/7,20.15,20.15,20.15,20.15,0
2017/7/10,20.15,20.15,20.15,20.15,0
2017/7/11,20.15,20.15,20.15,20.15,0
2017/7/12,20.15,20.15,20.15,20.15,0
2017/7/13,20.15,20.15,20.15,20.15,0
2017/7/14,20.15,20.15,20.15,20.15,0
2017/7/17,20.15,20.15,20.15,20.15,0
2017/7/18,20.15,20.15,20.15,20.15,0
2017/7/19,20.15,20.15,20.15,20.15,0
2017/7/20,20.15,20.15,20.15,20.15,0
2017/7/21,20.15,20.15,20.15,20.15,0
2017/7/24,20.15,20.15,20.15,20.15,0
2017/7/25,20.15,20.15,20.15,20.15,0
2017/7/26,20.15,20.15,20.15,20.15,0
2017/7/27,20.15,20.15,20.15,20.15,0
2017/7/28,20.15,20.15,20.15,20.15,0
2017/7/31,20.15,20.15,20.15,20.15,0
2017/8/1,20.15,20.15,20.15,20.15,0
2017/8/2,20.15,20.15,20.15,20.15,0
2017/8/3,20.15,20.15,20.15,20.15,0
2017/8/4,20.15,20.15,20.15,20.15,0
2017/8/7,20.15,20.15,20.15,20.15,0
2017/8/8,20.15,20.15,20.15,20.15,0
2017/8/9,20.15,20.15,20.15,20.15,0
2017/8/10,20.15,20.15,20.15,20.15,0
2017/8/11,20.15,20.15,20.15,20.15,0
2017/8/14,20.15,20.15,20.15,20.15,0
2017/8/15,20.15,20.15,20.15,20.15,0
2017/8/16,20.15,20.15,20.15,20.15,0
2017/8/17,20.15,20.15,20.15,20.15,0
2017/8/18,20.15,20.15,20.15,20.15,0
2017/8/21,20.15,20.15,20.15,20.15,0
2017/8/22,20.15,20.15,20.15,20.15,0
2017/8/23,20.15,20.15,20.15,20.15,0
2017/8/24,20.15,20.15,20.15,20.15,0
2017/8/25,20.15,20.15,20.15,20.15,0
2017/8/28,20.15,20.15,20.15,20.15,0
2017/8/29,20.15,20.15,20.15,20.15,0
2017/8/30,20.15,20.15,20.15,20.15,0
2017/8/31,20.15,20.15,20.15,20.15,0
2017/9/1,20.15,20.15,20.15,20.15,0
2017/9/4,20.15,20.15,20.15,20.15,0
2017/9/5,20.15,20.15,20.15,20.15,0
2017/9/6,20.15,20.15,20.15,20.15,0
2017/9/7,20.15,20.15,20.15,20.15,0
2017/9/8,20.15,20.15,20.15,20.15,0
2017/9/11,20.15,20.15,20.15,20.15,0
2017/9/12,20.15,20.15,20.15,20.15,0
2017/9/13,20.15,20.15,20.15,20.15,0
2017/9/14,20.15,20.15,20.15,20.15,0
2017/9/15,20.15,20.15,20.15,20.15,0
2017/9/18,20.15,20.15,20.15,20.15,0
2017/9/19,20.15,20.15,20.15,20.15,0
2017/9/20,20.15,20.15,20.15,20.15,0
2017/9/21,20.15,20.15,20.15,20.15,0
2017/9/22,20.15,20.15,20.15,20.15,0
2017/9/25,20.15,20.15,20.15,20.15,0
2017/9/26,20.15,20.15,20.15,20.15,0
2017/9/27,22.17,22.17,22.17,22.17,698864
2017/9/28,24.39,24.39,24.39,24.39,631962
2017/9/29,24.39,24.39,24.39,24.39,0
2017/10/9,26.83,26.83,26.83,26.83,838357
2017/10/10,29.51,29.51,29.51,29.51,991221
2017/10/11,32.46,32.46,32.46,31.11,11682395
2017/10/12,33.51,35.71,35.71,31.8,25004862
2017/10/13,35.1,32.63,35.36,32.24,17279653
2017/10/16,33.31,30.23,33.7,29.51,12388441
2017/10/17,29.78,30.37,31.5,28.9,9814049
2017/10/18,29.97,28.66,31.48,28.41,10714822
2017/10/19,28.3,28.49,29.36,27.93,6940216
2017/10/20,28.89,29.53,31,28.61,11417312
2017/10/23,29,28.37,29.1,27.91,8156698
2017/10/24,28.01,29.39,29.76,28.01,9333388
2017/10/25,29.03,29.28,29.35,28.3,6592398
2017/10/26,29.06,28.91,29.72,28.7,6111810
2017/10/27,28.78,28.54,29.77,28.3,4912500
2017/10/30,27.8,26.75,27.85,25.69,9180045
2017/10/31,26.55,27.13,27.27,25.91,7076392
2017/11/1,27.8,29.84,29.84,27.34,6120623
2017/11/2,31.81,32.05,32.82,31.31,20285668
2017/11/3,32.38,33.37,34.5,32.2,19696197
2017/11/6,33.97,34.07,34.98,32.32,15280377
2017/11/7,33.43,33.86,33.97,32.51,12014296
2017/11/8,33.58,35.88,37.25,33.45,17474818
2017/11/9,34.73,39.47,39.47,34.66,16800121
2017/11/10,38.83,43.42,43.42,38.83,15422575
2017/11/13,43.42,43.42,43.42,43.42,0
2017/11/14,43.42,43.42,43.42,43.42,0
2017/11/15,42.89,41.41,44.72,40.36,20880416
2017/11/16,40.99,40.87,42.5,38.53,17467689
2017/11/17,39.1,36.78,40.49,36.78,12432224
2017/11/20,35.27,38.71,38.86,34.7,12905029
2017/11/21,38,36.76,38.3,35.12,11485124
2017/11/22,36.9,38.78,40.28,36,15445349
2017/11/23,38,39.96,42.18,36.77,18254089
2017/11/24,39.06,36.17,41.72,35.96,14746716
2017/11/27,34.68,32.55,35.32,32.55,9656145
2017/11/28,31.37,34.68,35.28,31.36,10157293
2017/11/29,34.01,32.41,34.55,31.47,9868288
2017/11/30,32.07,33.16,34.49,32.05,9208485
2017/12/1,33.37,36.47,36.48,32.53,14702191
2017/12/4,35.48,35.92,36.78,34.22,12713317
2017/12/5,35.01,36.33,37.46,34.82,12277328
2017/12/6,35.98,39.96,39.96,35.57,16420862
2017/12/7,39.8,39.91,41.98,38.88,16776114
2017/12/8,39.34,39.35,41.84,38.61,15227277
2017/12/11,38.11,40.93,41.54,38.11,13141040
2017/12/12,40.5,43.83,45.02,40.38,19115065
2017/12/13,43.11,43.83,44.9,42.53,12937559
2017/12/14,43.6,42.9,44.5,42.2,11658659
2017/12/15,42.3,39.1,43.25,38.7,15154608
2017/12/18,38.95,37.85,39.35,36.63,9708809
2017/12/19,37.75,39.83,40.45,37.75,12110476
2017/12/20,39.22,40.79,42.45,38.88,12832405
2017/12/21,40.69,40.99,41.9,40.08,11615584
2017/12/22,40.8,43.63,45,40.5,15638361
2017/12/25,43.1,42.66,44,42.1,10427324
2017/12/26,42.18,43.39,43.88,39.6,14138697
2017/12/27,42.59,40.03,43.37,39.56,11737841
2017/12/28,39,39.44,41.26,38.18,9075720
2017/12/29,39.5,41.77,42.65,39.27,11926329
2018/1/2,41.5,42.48,42.52,40.66,10205238
2018/1/3,42.28,41.45,43.25,40.5,10367506
2018/1/4,41.6,45.6,45.6,41.21,17208834
2018/1/5,45.97,43.9,45.97,43.73,15953203
2018/1/8,43.7,44.91,45.2,42.4,13128022
2018/1/9,44.48,43.72,44.8,42.7,9833097
2018/1/10,43.01,43.4,44.41,41.93,9162631
2018/1/11,42,42.93,44.5,41.9,9240369
2018/1/12,42.6,43.21,44.45,42.25,10355877
2018/1/15,41.81,39.44,42.11,38.89,12254587
2018/1/16,38.51,39.57,40.14,38.5,7126401
2018/1/17,39.5,40.78,41.87,38.2,9204742
2018/1/18,40.1,39.38,40.65,39.3,5930744
2018/1/19,39.76,38.6,39.97,38.38,5571187
2018/1/22,38.3,36.96,38.3,35.01,5836623
2018/1/23,36.99,37.81,38.13,36.99,4379600
2018/1/24,37.55,38.78,39.78,36.53,6823629
2018/1/25,38,37.56,39.2,37.33,5023487
2018/1/26,37.02,36.28,37.97,36.04,4517705
2018/1/29,37,35.9,37.08,35.4,3258100
2018/1/30,35.87,35.52,36.2,35.4,2557633
2018/1/31,34.89,32.45,35,32.02,5385057
2018/2/1,32.18,32.51,33,31.51,4280662
2018/2/2,32,30.68,32.57,30.52,4081836
2018/2/5,28.66,28.86,30.29,28.6,3890900
2018/2/6,27.98,26.46,28.5,26.01,5068100
2018/2/7,27.35,27.96,28.86,26.03,5517415
2018/2/8,27.88,30.76,30.76,27.49,7984232
2018/2/9,29.18,30.71,32.19,29.18,8552815
2018/2/12,30.66,31.7,32.5,30.62,6033129
2018/2/13,31.53,30.47,31.6,30.4,4614918
2018/2/14,30.17,29.75,30.99,29.7,2561532
2018/2/22,30.2,31.78,32.53,30,4323271
2018/2/23,31.7,31.82,32.2,30.88,4122378
2018/2/26,31.97,34.31,34.6,31.97,6758323
2018/2/27,34,34.5,35.46,33.6,7472180
2018/2/28,33.45,33.86,35.21,33.34,4462728
2018/3/1,33.85,34.96,35.8,33.5,5763396
2018/3/2,34.45,33.91,35.47,33.89,4422895
2018/3/5,33.94,35.47,35.67,33.94,5063736
2018/3/6,35.55,35.99,37.1,34.83,5705386
2018/3/7,35.5,36.61,37.36,35.49,4968536
2018/3/8,36.3,36.32,36.97,35.7,3692700
2018/3/9,36.35,38.46,39.85,36.07,8745802
2018/3/12,38.21,40.06,41,38.2,7037925
2018/3/13,39.66,39.31,40.6,39.01,4462565
2018/3/14,38.72,38.91,40.3,38.72,4485364
2018/3/15,38.65,37.26,39.53,35.52,6130625
2018/3/16,37.71,36.53,38.33,36.2,3972257
2018/3/19,36.32,37.4,38.3,36.32,4269095
2018/3/20,37.26,37.87,38.11,37.01,2987000
2018/3/21,37.97,37.23,38.56,37.08,3722569
2018/3/22,37,39.06,39.3,37,4308408
2018/3/23,37.8,40.05,41.8,37.2,11922067
2018/3/26,40.75,42.43,42.96,40.75,13037206
2018/3/27,41.18,43.33,44,40.3,12378201
2018/3/28,41.88,39.94,42.43,39.86,8750546
2018/3/29,40.34,39.31,40.53,38.25,5500988
2018/3/30,39.73,41.01,41.18,39.5,7037711
2018/4/2,41.2,40.48,41.75,40,9055947
2018/4/3,39.1,38.84,39.75,37.9,6952095
2018/4/4,39.5,39.31,40.59,38.4,4831660
2018/4/9,39.2,38.34,39.58,37.5,3589287
2018/4/10,38.12,40.3,40.66,38.12,6321644
2018/4/11,40.8,39.57,40.8,39.36,3876595
2018/4/12,39.7,40.04,40.76,39.45,3801786
2018/4/13,40.4,39.6,40.48,39,3137108
2018/4/16,39,39.11,39.76,38.45,2528500
2018/4/17,39.91,39.65,40.89,38.6,4462772
2018/4/18,40.52,42.37,43.28,39.9,11163333
2018/4/19,41.08,40.53,42.33,40.51,7368726
2018/4/20,40,40.02,41.44,39.4,5358569
2018/4/23,39.98,36.89,39.98,36.02,6409680
2018/4/24,36.99,37.89,37.96,35.1,4766395
2018/4/25,37.2,39.17,39.78,37,4831843
2018/4/26,38.56,38.89,40.3,38.56,5026236
2018/4/27,38.96,37.49,39.99,37.34,3500835
2018/5/2,38.09,38.12,38.9,38,2832729
2018/5/3,37.68,37.6,38.75,36,3532871
2018/5/4,37,38.7,41.17,36.7,6521238
2018/5/7,37.17,38.77,38.93,37.17,4715788
2018/5/8,38.66,37.95,38.98,37.5,4625329
2018/5/9,38.02,37.39,38.5,37.31,3633379
2018/5/10,37.3,37.39,37.64,37.1,3202600
2018/5/11,37.39,36.84,37.59,36.51,2527900
2018/5/14,37.08,37.7,37.82,36.1,4074879
2018/5/15,37.7,37.7,37.7,37.7,0
2018/5/16,37.7,37.7,37.7,37.7,0
2018/5/17,37.7,37.7,37.7,37.7,0
2018/5/18,37.7,37.7,37.7,37.7,0
2018/5/21,37.7,37.7,37.7,37.7,0
2018/5/22,37.7,37.7,37.7,37.7,0
2018/5/23,37.7,37.7,37.7,37.7,0
2018/5/24,37.7,37.7,37.7,37.7,0
2018/5/25,37.7,37.7,37.7,37.7,0
2018/5/28,37.7,37.7,37.7,37.7,0
2018/5/29,37.7,37.7,37.7,37.7,0
2018/5/30,37.7,37.7,37.7,37.7,0
2018/5/31,37.7,37.7,37.7,37.7,0
2018/6/1,37.7,37.7,37.7,37.7,0
2018/6/4,37.7,37.7,37.7,37.7,0
2018/6/5,37.7,37.7,37.7,37.7,0
2018/6/6,37.7,37.7,37.7,37.7,0
2018/6/7,37.7,37.7,37.7,37.7,0
2018/6/8,37.7,37.7,37.7,37.7,0
2018/6/11,37.7,37.7,37.7,37.7,0
2018/6/12,37.7,37.7,37.7,37.7,0
2018/6/13,37.7,37.7,37.7,37.7,0
2018/6/14,37.7,37.7,37.7,37.7,0
2018/6/15,37.7,37.7,37.7,37.7,0
2018/6/19,37.7,37.7,37.7,37.7,0
2018/6/20,37.7,37.7,37.7,37.7,0
2018/6/21,37.7,37.7,37.7,37.7,0
2018/6/22,37.7,37.7,37.7,37.7,0
2018/6/25,37.7,37.7,37.7,37.7,0
2018/6/26,37.7,37.7,37.7,37.7,0
2018/6/27,37.7,37.7,37.7,37.7,0
2018/6/28,37.7,37.7,37.7,37.7,0
2018/6/29,37.7,37.7,37.7,37.7,0
2018/7/2,37.7,37.7,37.7,37.7,0
2018/7/3,37.7,37.7,37.7,37.7,0
2018/7/4,37.7,37.7,37.7,37.7,0
2018/7/5,37.7,37.7,37.7,37.7,0
2018/7/6,37.7,37.7,37.7,37.7,0
2018/7/9,37.7,37.7,37.7,37.7,0
2018/7/10,37.7,37.7,37.7,37.7,0
2018/7/11,37.7,37.7,37.7,37.7,0
2018/7/12,37.7,37.7,37.7,37.7,0
2018/7/13,37.7,37.7,37.7,37.7,0
2018/7/16,37.7,37.7,37.7,37.7,0
2018/7/17,37.7,37.7,37.7,37.7,0
2018/7/18,37.7,37.7,37.7,37.7,0
2018/7/19,37.7,37.7,37.7,37.7,0
2018/7/20,37.7,37.7,37.7,37.7,0
2018/7/23,37.7,37.7,37.7,37.7,0
2018/7/24,37.7,37.7,37.7,37.7,0
2018/7/25,37.7,37.7,37.7,37.7,0
2018/7/26,37.7,37.7,37.7,37.7,0
2018/7/27,37.7,37.7,37.7,37.7,0
2018/7/30,37.7,37.7,37.7,37.7,0
2018/7/31,37.7,37.7,37.7,37.7,0
2018/8/1,37.7,37.7,37.7,37.7,0
2018/8/2,37.7,37.7,37.7,37.7,0
2018/8/3,37.7,37.7,37.7,37.7,0
2018/8/6,37.7,37.7,37.7,37.7,0
2018/8/7,37.7,37.7,37.7,37.7,0
2018/8/8,37.7,37.7,37.7,37.7,0
2018/8/9,37.7,37.7,37.7,37.7,0
2018/8/10,37.66,37.66,37.66,37.66,0
2018/8/13,37.66,37.66,37.66,37.66,0
2018/8/14,37.66,37.66,37.66,37.66,0
2018/8/15,37.66,37.66,37.66,37.66,0
2018/8/16,37.66,37.66,37.66,37.66,0
2018/8/17,37.66,37.66,37.66,37.66,0
2018/8/20,37.66,37.66,37.66,37.66,0
2018/8/21,37.66,37.66,37.66,37.66,0
2018/8/22,37.66,37.66,37.66,37.66,0
2018/8/23,37.66,37.66,37.66,37.66,0
2018/8/24,37.66,37.66,37.66,37.66,0
2018/8/27,37.66,37.66,37.66,37.66,0
2018/8/28,37.66,37.66,37.66,37.66,0
2018/8/29,37.66,37.66,37.66,37.66,0
2018/8/30,37.66,37.66,37.66,37.66,0
2018/8/31,37.66,37.66,37.66,37.66,0
2018/9/3,37.66,37.66,37.66,37.66,0
2018/9/4,37.66,37.66,37.66,37.66,0
2018/9/5,37.66,37.66,37.66,37.66,0
2018/9/6,37.66,37.66,37.66,37.66,0
2018/9/7,37.66,37.66,37.66,37.66,0
2018/9/10,37.66,37.66,37.66,37.66,0
2018/9/11,37.66,37.66,37.66,37.66,0
2018/9/12,41.43,41.43,41.43,41.43,940814
2018/9/13,45.57,45.57,45.57,45.57,309462
2018/9/14,47.34,44.15,48.9,44.01,20354943
2018/9/17,41.36,41.28,43.34,41.28,7119104
2018/9/18,41.2,38.55,41.99,37.15,13722654
2018/9/19,39.03,42.02,42.41,37.86,15449119
2018/9/20,40.9,39.9,41.77,39.38,11567481
2018/9/21,40.4,39.05,40.8,38.83,6989499
2018/9/25,37.57,37.96,38.67,37.21,6831951
2018/9/26,38.07,38.59,38.89,37.51,6480415
2018/9/27,38.5,35.5,38.7,34.87,9467702
2018/9/28,35.8,35.87,35.96,34.91,4325149
2018/10/8,34.4,32.53,34.5,32.28,5277325
2018/10/9,33.6,32.88,33.9,32.38,3802359
2018/10/10,32.51,33.96,35.09,32.51,5310603
2018/10/11,31.94,31.91,33.8,31.1,4943554
2018/10/12,32.2,31.87,32.49,29.73,5200355
2018/10/15,32,32.02,33.62,31.91,4813220
2018/10/16,32.2,30.36,32.9,29.49,6611684
2018/10/17,31,29.95,31.42,27.9,7220144
2018/10/18,29.6,27.91,29.6,27.83,5701904
2018/10/19,27.08,28.7,29,26.8,5897527
2018/10/22,28.93,31.1,31.1,28.93,8280235
2018/10/23,30.9,29.84,30.9,29.66,4553920
2018/10/24,29.95,29.6,30.39,29.4,3060651
2018/10/25,28.18,28.06,28.28,27.35,4765921
2018/10/26,28.71,28.09,29.28,27.94,3603702
2018/10/29,28.5,28.38,29.56,28.2,4771354
2018/10/30,27.8,28.15,28.5,26.75,5443325
2018/10/31,28.37,29.4,30.07,28,7468800
2018/11/1,30,29.59,30.8,29.25,7988498
2018/11/2,30.39,31.1,31.5,30.05,7403111
2018/11/5,30.7,31.1,31.8,30.3,5251835
2018/11/6,30.7,31,31.2,30.07,4049563
2018/11/7,31.17,31.41,32.2,30.82,5048648
2018/11/8,31.88,30.6,32,30.55,3334070
2018/11/9,30.21,30.31,30.9,30.17,1903797
2018/11/12,30.33,30.95,31.01,30.01,3859147
2018/11/13,30.39,30.5,30.68,29.98,3757232
2018/11/14,30.65,32.35,32.88,30.13,8899578
2018/11/15,32.27,33.06,33.55,31.88,6227658
2018/11/16,32.8,36.37,36.37,32.41,7862888
2018/11/19,36.8,35.91,37.49,35.08,7981786
2018/11/20,35,34.35,35.38,34.11,5786679
2018/11/21,33.56,34.5,35.16,33.54,4014527
2018/11/22,34.5,34.56,35.49,34.12,3162553
2018/11/23,34.36,33.21,34.36,33.2,3373876
2018/11/26,33.31,32.88,34.38,32.65,2294107
2018/11/27,33.4,33.85,33.85,33,2473136
2018/11/28,33.81,34.6,35.16,33.81,5208176
2018/11/29,36,34.75,37.1,34.33,6373902
2018/11/30,33.52,33.85,34.07,32.5,4943979
2018/12/3,35.02,36,37,34.34,6865736
2018/12/4,35.65,35.62,36.29,35.28,3521363
2018/12/5,34.76,35.78,35.89,34.5,3722932
2018/12/6,35.08,33.97,35.7,33.9,4416143
2018/12/7,34.35,35.11,36.26,34.35,4362374
2018/12/10,35.1,36.11,36.5,34.55,5197521
2018/12/11,35.85,35.99,36.18,35.5,3428887
2018/12/12,36.1,35.1,36.5,34.88,3156400
2018/12/13,35.35,34.99,35.58,34.87,2670893
2018/12/14,35.11,33.69,35.43,33.65,3086394
2018/12/17,33.7,32.54,33.97,31.88,3327723
2018/12/18,32.01,32.56,33.11,31.9,2354246
2018/12/19,32.45,31,32.69,30.5,3239770
2018/12/20,30.85,31.17,31.46,30.5,1901732
2018/12/21,31.23,31.18,31.44,30.78,1767211
2018/12/24,31.15,31.25,31.79,30.7,2707477
2018/12/25,30.8,31.1,31.25,29.87,2768221
2018/12/26,31.1,29.98,31.2,29.96,2775377
2018/12/27,30.5,29.05,30.66,29,2625815
2018/12/28,29.39,29.39,29.83,29.11,1976737
2019/1/2,29.52,29,29.85,28.89,1910264
2019/1/3,28.84,28.47,29.4,28.39,2074784
2019/1/4,28.08,29.33,29.5,27.62,2728987
2019/1/7,29.68,30.66,31.38,29.52,4942229
2019/1/8,30.11,29.98,30.59,29.8,2768407
2019/1/9,29.98,30.07,30.98,29.26,3961586
2019/1/10,29.6,29.59,30.23,29.51,2161775
2019/1/11,29.52,29.88,30.05,29.51,1538609
2019/1/14,30.05,28.16,30.16,28.1,3815931
2019/1/15,28.04,29.19,29.25,28.04,3039147
2019/1/16,29.88,29.33,30.19,29.19,2616185
2019/1/17,29.81,29.12,30.45,28.98,3410804
2019/1/18,29.12,29.2,29.5,28.43,2915477
2019/1/21,29.18,30.28,30.3,28.59,4376626
2019/1/22,29.86,29.56,30.1,29.21,2966288
2019/1/23,29.54,29.19,29.58,28.94,1902888
2019/1/24,29.16,30.58,31.59,29.07,7896220
2019/1/25,30.39,30.36,31.2,30.03,5461242
2019/1/28,30.8,30.45,31.28,30.36,3054900
2019/1/29,30.1,29.23,30.15,28.88,3363657
2019/1/30,29.39,28.61,29.69,28.45,2270400
2019/1/31,28.3,28.28,29.29,28.16,2236430
2019/2/1,28.49,29.25,29.36,28.2,2234566
2019/2/11,29.5,30.9,30.92,29.12,3793480
2019/2/12,31.08,31.39,31.97,30.58,5297597
2019/2/13,31.29,33.5,33.89,31.22,7357239
2019/2/14,33.11,33.48,33.6,32.86,4783500
2019/2/15,33.26,33.61,34.98,33.09,3871868
2019/2/18,33.99,35.3,35.55,33.68,4229177
2019/2/19,36.35,35.36,36.44,33.9,4794876
2019/2/20,34.8,34.63,35.21,34.05,2790933
2019/2/21,35.08,35.03,36.1,34.65,4643099
2019/2/22,34.77,38.03,38.42,34.77,5374480
2019/2/25,39.99,40.8,41.76,39.13,9108597
2019/2/26,40.5,41.3,43.17,39.7,7501811
2019/2/27,40.99,39.47,41.7,38.98,6830351
2019/2/28,39.25,39.43,40.22,39.03,3366714
2019/3/1,39.58,41.46,41.56,39.32,3919585
2019/3/4,44.77,42.52,45.6,42.1,6363507
2019/3/5,42.52,46.75,46.77,42.21,6903059
2019/3/6,47.92,46.64,48.85,46.17,8455274
2019/3/7,46.65,47.88,50.8,45.41,6425413
2019/3/8,46.4,50.19,52.67,43.09,11481204
2019/3/11,52.01,52.68,54.55,49.05,8043511
2019/3/12,53,54.48,55.89,52.11,7902499
2019/3/13,53.9,49.03,53.9,49.03,8424506
2019/3/14,48,48.59,49.68,45.93,8016683
2019/3/15,48.25,47.38,49.58,47.25,3996216
2019/3/18,47.42,51.37,51.6,46.55,5574188
2019/3/19,50,51.57,53.78,49.55,5970687
2019/3/20,51.48,49.37,51.98,47.08,5180212
2019/3/21,49.22,50.57,51.6,48.38,4659368
2019/3/22,51.01,50.67,53.78,50.51,5712758
2019/3/25,49.88,52.67,55.19,49.18,10120423
2019/3/26,53.33,52.3,54,51.55,6566594
2019/3/27,53.02,53.8,54.07,51.26,7476832
2019/3/28,51.8,49.77,53.8,49.72,7990811
2019/3/29,48.83,49.39,50.35,47.01,6010378
2019/4/1,49.91,54.33,54.33,49.91,7967163
2019/4/2,55.87,56.34,58.65,55.68,8865766
2019/4/3,57.73,57.92,59.87,56.5,5804771
2019/4/4,59.56,57.3,61,57.26,6706559
2019/4/8,58.48,56.32,58.59,54.5,6389343
2019/4/9,56.58,55.31,57.44,54.08,4951511
2019/4/10,55.08,54.8,55.88,54.32,2779966
2019/4/11,55.01,52,55.5,51.5,4526573
2019/4/12,52.46,51.11,52.8,50.6,4679551
2019/4/15,52.53,53.8,55.1,51.68,5221718
2019/4/16,54,59.18,59.18,53.8,9239965
2019/4/17,61,58.52,62.89,56.78,6573989
2019/4/18,59,56.9,59,56.57,3282082
2019/4/19,56.78,56.13,57.65,55.35,3277776
2019/4/22,55.81,55.55,57.68,54.37,3326129
2019/4/23,55.22,54.99,55.67,54.01,2153498
2019/4/24,54.55,57.87,58,54.55,4972123
2019/4/25,56.9,54.34,57.33,54.01,2829438
2019/4/26,55.09,54.69,55.5,53.6,2607083
2019/4/29,55.38,53.12,55.55,49.22,3230300
2019/4/30,52.51,54.8,54.89,52.02,1985163
2019/5/6,54.8,54.8,54.8,54.8,0
2019/5/7,49.41,52.07,52.88,49.41,4605415
2019/5/8,50.01,51.04,54.7,48.68,4188043
2019/5/9,51,50.26,52.5,49,3817125
2019/5/10,51.1,54.2,54.3,49.43,5118696
2019/5/13,52.6,51.82,53.95,51.5,3437828
2019/5/14,51.15,52.5,53.9,51.02,2767183
2019/5/15,53.28,52.79,54.1,52.1,2561224
2019/5/16,52.64,52.28,53,51.5,2856193
2019/5/17,52.95,52.07,54.53,51.85,3701433
2019/5/20,53.88,53.69,55.88,52.61,6473915
2019/5/21,52.52,51.59,52.52,50.05,5076872
2019/5/22,51.69,51.33,52.11,50.09,3417756
2019/5/23,52.08,47.1,52.08,46.52,5781011
2019/5/24,46.5,43.95,46.5,42.61,6607571
2019/5/27,44.12,45.58,46.2,43.11,4353420
2019/5/28,45.84,44.2,46.65,43.88,5267204
2019/5/29,44.39,44.71,45.25,43.8,4033668
2019/5/30,44.42,43.55,44.5,42.21,4532117
2019/5/31,43.78,42,43.99,42,5235970
2019/6/3,42.6,42.6,43.07,41,4849881
2019/6/4,42.52,40.93,42.62,40.32,4181517
2019/6/5,41.99,41.03,42.01,40.78,2922957
2019/6/6,41.5,39,41.52,38.72,6217060
2019/6/10,39.7,41.5,42.42,39.02,7481086
2019/6/11,41.75,44.5,44.97,41,7710056
2019/6/12,44.1,44.1,44.86,43.5,4423572
2019/6/13,44.54,45.3,45.98,43.76,4367582
2019/6/14,45.15,43.78,45.27,43.76,3797415
2019/6/17,43.8,45.06,45.3,43.8,2942500
2019/6/18,45.35,45.15,45.39,44.08,2420000
2019/6/19,48.5,49.67,49.67,48.5,5809097
2019/6/20,48.8,51.13,52.99,48.53,6908621
2019/6/21,50.94,51.02,53.09,50.66,5313641
2019/6/24,51,49.75,51.5,49.25,4345762
2019/6/25,50,49.5,50.61,48.88,4218936
2019/6/26,49.54,51.83,52.45,49.4,5833540
2019/6/27,51.85,55.8,56.9,51.85,6196603
2019/6/28,55,54.91,55.49,53.17,3400969
2019/7/1,58.36,56.19,58.72,55.52,6414833
2019/7/2,56.6,54,56.6,54,3619882
2019/7/3,53.4,53.69,54.45,53.1,2574929
2019/7/4,53.52,53.09,53.87,52.01,2927235
2019/7/5,52.5,54.3,54.34,52.5,2734922
2019/7/8,53.92,52.33,53.98,51.45,3892122
2019/7/9,52.89,53.3,54.18,52.05,2587979
2019/7/10,53.68,55.18,56,53.55,4195204
2019/7/11,55.48,54.8,55.78,53.8,2563460
2019/7/12,54.83,54.95,55.5,54.13,2185058
2019/7/15,55.11,58.92,60.15,54.29,6351347
2019/7/16,58.6,59.49,61.38,58.28,4376279
2019/7/17,59.91,62.45,64.45,59.79,6271583
2019/7/18,62.45,60.63,63.8,60.35,5399377
2019/7/19,61.5,60.27,62.08,59.59,3427557
2019/7/22,61.12,63,65.59,58.21,7852688
2019/7/23,61.81,64.82,65.1,61.6,4103384
2019/7/24,64.88,67.22,68.68,63.8,5681030
2019/7/25,66.2,69.8,70.48,66.2,7067254
2019/7/26,69.7,69.1,71.71,68,5264043
2019/7/29,69.8,69.62,71.5,68,3835388
2019/7/30,69,68.39,70.9,67.18,5571503
2019/7/31,67.74,67.12,68.76,66.58,5037100
2019/8/1,67.3,70.87,71.65,66.8,7170266
2019/8/2,66.6,67.9,69.5,64.1,7192741
2019/8/5,66.96,66.55,69.22,66.05,3413400
2019/8/6,64,66.58,66.87,63.89,3590987
2019/8/7,66.75,64.73,67.94,64.61,3311663
2019/8/8,65.36,65.51,66.66,63.4,4264630
2019/8/9,66.34,65.1,69.21,64.38,6456008
2019/8/12,65.8,71,71,62.5,7765743
2019/8/13,70,69.37,71.5,68.38,4522218
2019/8/14,71.2,70.99,74.49,70,6306090
2019/8/15,69.03,73,73.5,68.33,5586175
2019/8/16,73,72.66,74.98,72,4116466
2019/8/19,73.49,79.92,79.93,72.66,6398108
2019/8/20,79.92,84.59,86.98,78.23,8159202
2019/8/21,83.79,86,88.67,82.22,6268821
2019/8/22,85.26,84.69,86.95,81.7,4459639
2019/8/23,84,83.39,85.8,82,3749859
2019/8/26,81.88,85.05,85.5,81.54,4469697
2019/8/27,85.05,86.88,91.2,85.05,6181434
2019/8/28,86.89,85.22,86.9,85.1,3179077
2019/8/29,85.15,90.35,91.19,85.08,5606614
2019/8/30,87.21,88.06,95.74,83.01,10308047
2019/9/2,88.06,96.85,96.87,87,10753865
2019/9/3,100,98,100.1,94.8,6392409
2019/9/4,97.5,95.55,98.8,92.3,6026080
2019/9/5,95.6,97.02,102.5,95.6,7618933
2019/9/6,96.5,98.59,99.5,92.5,5978415
2019/9/9,100.09,105.3,106.77,96.53,8114182
2019/9/10,105.3,105.95,107.89,99.84,5622538
2019/9/11,106,107,110.59,103.5,4637493
2019/9/12,106.77,103.07,109.25,103,3996962
2019/9/16,103.07,101.75,104.55,98.88,5196126
2019/9/17,101.33,104.26,104.8,99.43,3956806
2019/9/18,103.48,102.49,105,99.5,3978405
2019/9/19,102.7,104.7,105.38,100,4863097
2019/9/20,107.11,109.99,112.35,105.7,7393695
2019/9/23,109,113.6,115.73,107.88,6808488
2019/9/24,112,112,116.44,111.02,4442643
2019/9/25,113.04,106.18,115.99,106.12,6070425
2019/9/26,106,98.98,106.3,95.68,9956805
2019/9/27,99.5,104.17,105.56,99.5,7707328
2019/9/30,103.93,98.11,103.93,96.3,5673581
2019/10/8,99.7,96.6,102.2,95.6,5888002
2019/10/9,98.09,100,100.69,95.6,5161663
2019/10/10,100.19,101.3,102,98.51,4812808
2019/10/11,102,99,102.9,96.34,5647337
2019/10/14,100.07,103.67,105.76,99.31,4665723
2019/10/15,102.2,100.3,103.5,98.8,4475315
2019/10/16,100.2,99.88,100.75,98.01,2702064
2019/10/17,99.9,100.78,101.8,98.85,1972378
2019/10/18,100.74,97.45,101.5,96.61,3188119
2019/10/21,97.59,96.54,98.49,93.9,2980736
2019/10/22,96.62,100.69,101.1,96.62,3955069
2019/10/23,101.69,101.7,103.37,100.02,2696899
2019/10/24,102.14,103.1,105.5,100.85,2863327
2019/10/25,101.68,104.75,105.29,100.6,3126365
2019/10/28,105.53,104.75,107,102.87,2971789
2019/10/29,104.49,101.71,104.49,99.5,3456227
2019/10/30,101.51,107.45,109.62,99,5068836
2019/10/31,103.1,109.99,113.89,103.1,6061795
2019/11/1,108.5,107.28,111.97,107.08,2870023
2019/11/4,108.98,109.85,112.65,105.1,4748857
2019/11/5,110.03,115.55,116.19,108.55,5194126
2019/11/6,115.9,116.85,117.58,114.01,5433856
2019/11/7,115.83,111.99,115.83,111.28,4750841
2019/11/8,114,113.45,116.39,112.8,3703838
2019/11/11,113,112.79,116.5,111.19,3844016
2019/11/12,112.88,113,113.6,108.8,3491671
2019/11/13,112.05,123.71,123.71,111.03,6760204
2019/11/14,122.67,127,128.6,121.01,5080618
2019/11/15,129.22,129.93,137.98,126.5,5133878
2019/11/18,130.11,124.87,130.98,124.65,4456433
2019/11/19,124.16,127.62,128.8,123.18,3699633
2019/11/20,126,123.8,127.5,123.55,3730440
2019/11/21,123.37,124.08,126.36,122.2,2879470
2019/11/22,123.1,118.81,129,114,7924044
2019/11/25,117.12,113.5,117.5,109,6202993
2019/11/26,115.06,120.52,120.52,113.87,7247753
2019/11/27,119,128.58,131.76,117.46,7195873
2019/11/28,126.25,125.85,129.8,125,3845925
2019/11/29,125.9,125.2,128,122.03,2984470
2019/12/2,124.5,134.1,135.8,123.31,5959759
2019/12/3,134,146,146.88,132.51,7116414
2019/12/4,145.1,142.4,145.2,140.1,5273525
2019/12/5,142.2,140.69,149.39,140.06,5518090
2019/12/6,141,144.9,145,137.02,5754804
2019/12/9,144.01,145.86,150.8,141.8,5700300
2019/12/10,144,154.5,156,140.99,5950026
2019/12/11,153.4,155.5,157.06,151.33,4920560
2019/12/12,155.07,155.03,160.98,153.3,5564189
2019/12/13,156.83,150.63,158,148,7463601
2019/12/16,149,149.09,152.68,145,7354050
2019/12/17,150.59,151.65,156,149,5452842
2019/12/18,150,149.33,152.98,148.66,4107335
2019/12/19,149.02,146.93,149.23,142,5663065
2019/12/20,148.7,150.38,155.58,148.48,5435421
2019/12/23,142.9,149.58,153.2,142,5342937
2019/12/24,152,151.5,153.5,145.51,4538951
2019/12/25,153,162.99,162.99,150.1,6678539
2019/12/26,160.1,154.53,161.88,152.5,5762414
2019/12/27,153.9,147.6,154.77,147,5143063
2019/12/30,144,144,147.45,137.5,4741652
2019/12/31,143.55,143.4,148,140.81,3757147
2020/1/2,143.4,149.11,150.05,143.4,5186092
2020/1/3,150.34,145,150.4,138.03,9797576
2020/1/6,141.66,141.5,144.8,139.59,5270416
2020/1/7,140,137.9,140.99,137.74,5555554
2020/1/8,137.37,138.69,140.52,136,5951108
2020/1/9,141.2,147.8,148.14,140.97,7462365
2020/1/10,149.48,156.32,159.2,145.4,8275650
2020/1/13,156.3,167.38,170,153.57,7556048
2020/1/14,169,166.44,170.52,159.01,5636619
2020/1/15,165,177.05,178,164,6167442
2020/1/16,174.51,173.8,178,172.1,3854646
2020/1/17,174.2,175.5,179.28,169.88,3573192
2020/1/20,175.5,188.5,191.24,172.6,4773223
2020/1/21,186.01,184,197.98,183.88,5214612
2020/1/22,179,185.97,191.89,170.9,7681994
2020/1/23,182,185.55,197.6,180,7665182
2020/2/3,167,167,176,167,7318080
2020/2/4,170.1,183.7,183.7,170.1,6465182
2020/2/5,192,190.47,198,187.65,7227843
2020/2/6,187.49,198.21,199.2,184.76,5903192
2020/2/7,196,195.23,198.79,191.01,5045658
2020/2/10,195.21,183,195.22,180.78,7157942
2020/2/11,182.9,187.3,189,181.18,4775663
2020/2/12,185.56,188.29,189.25,183.62,4566505
2020/2/13,189.98,197.36,201,186.5,8936059
2020/2/14,194.55,191,201,187,7151343
2020/2/17,188,192.99,194,187.47,4724081
2020/2/18,191.98,196,196,186.18,7592946
2020/2/19,194,192.61,205,188,10206501
2020/2/20,190,203.8,204.58,190,9049914
2020/2/21,200,200.02,206,198.2,8069612
2020/2/24,197.5,220.02,220.02,197.01,11309205
2020/2/25,215.49,213.5,221.87,200.95,12133246
2020/2/26,208,194.98,212,193.87,8670624
2020/2/27,195,183.16,197,180.62,9191566
2020/2/28,175,174.22,185,165.45,11486848
2020/3/2,180,169.91,180.99,169,9106222
2020/3/3,173.08,174.7,180.62,171,8553492
2020/3/4,171.5,169.88,173.85,160,12337972
2020/3/5,174,174.79,178,166,10834478
2020/3/6,171.34,172.51,176,169.77,4563926
2020/3/9,168.9,155.28,168.9,155.26,8570836
2020/3/10,155.17,162.8,166,152.01,10359978
2020/3/11,163.6,159.6,166,159.37,5716460
2020/3/12,155.13,164,166.5,154.6,7575366
2020/3/13,153.8,162.66,166.58,153.1,6358970
2020/3/16,164,146.39,164,146.39,8538336
2020/3/17,145,146.38,155,136.01,6662640
2020/3/18,149.02,144,154.5,143,6970433
2020/3/19,145.55,149.69,151,141.52,6716119
2020/3/20,152.3,145.74,153.65,142.42,6359283
2020/3/23,141.28,136,143.86,134.01,6848315
2020/3/24,139.97,137.34,140,132.01,6248762
2020/3/25,145,148.7,150.8,142,8282015
2020/3/26,145,145.2,147,142.77,4613076
2020/3/27,147.4,149.3,152,145.5,5565141
2020/3/30,145.01,158,159.88,142.94,9005454
2020/3/31,159.99,155.9,162,151,6619549
2020/4/1,152.81,155.98,161.48,152.81,5261987
2020/4/2,152.6,166.16,168.5,152.06,7327969
2020/4/3,163.7,163.5,165.99,161.8,3700398
2020/4/7,168.99,165.98,173,163.7,4986886
2020/4/8,164.24,167.59,171,164.21,3619847
2020/4/9,169,162.85,169.95,161,3514904
2020/4/10,163.07,155.5,163.8,154.02,4678239
2020/4/13,154.31,148.03,155.99,146.88,4691374
2020/4/14,151,157.3,157.32,149,4504505
2020/4/15,161.63,165.69,170.88,156.33,7048868
2020/4/16,163.69,170.47,171.71,162.08,5179249
2020/4/17,173.15,175.8,183.41,173.15,6404038
2020/4/20,176.21,179,180.69,171,4715170
2020/4/21,178.79,171.77,178.79,169.2,5054754
2020/4/22,170.98,171,173.6,168,3915557
2020/4/23,171,168.35,174.9,167.39,4345594
2020/4/24,174,168.22,175.91,167.95,6815630
2020/4/27,168.22,167,168.22,161.5,5137207
2020/4/28,167,176.68,179.5,165.21,8076969
2020/4/29,173.88,178.48,181.5,173,4594985
2020/4/30,181,194.48,195.15,180.38,7785985
2020/5/6,194,209.41,211.9,193.6,9248901
2020/5/7,209.42,208.19,209.45,201,5973795
2020/5/8,208.1,208.97,217.88,205,5554972
2020/5/11,207,206.69,210.5,203.01,3839113
2020/5/12,208,207.05,208,202.01,4284783
2020/5/13,204.45,208.47,209.97,204,4561485
2020/5/14,209,207.02,215.5,205.8,4998974
2020/5/15,209,214.9,218.9,208.47,6718268
2020/5/18,214.88,194.1,216.99,193.8,12729568
2020/5/19,197,200.1,201.41,192,7863111
2020/5/20,197.53,189,200.1,182.98,10214911
2020/5/21,187.6,186.7,190.59,184.32,6290511
2020/5/22,188.75,186.2,191,182.5,5468798
2020/5/25,185,181,186.99,177,5487541
2020/5/26,186,192,192.55,185,6378639
2020/5/27,190.79,183.9,191.65,180.35,6401663
2020/5/28,180,182.68,183.95,176.31,5950530
2020/5/29,181,183.58,183.58,177.5,3944861
2020/6/1,187,191,194.6,184.65,8197782
2020/6/2,189.5,185.81,189.9,184.5,5013592
2020/6/3,186.37,182.93,189.28,181,6349774
2020/6/4,181.51,181.23,182.88,179.5,3579993
2020/6/5,180.5,186.5,187.83,180.5,6293312
2020/6/8,190.98,183.05,190.98,182.28,4845748
2020/6/9,183.07,190.35,190.89,181.02,6112893
2020/6/10,188,194,194.88,186.6,5662317
2020/6/11,194.28,190,197.2,188,5425401
2020/6/12,181.51,189.57,192,181.5,4864844
2020/6/15,185.01,180.15,186.5,180,6752192
2020/6/16,182.99,179.21,183.5,174.77,6599486
2020/6/17,179.18,179.8,179.96,175.56,3597944
2020/6/18,179.99,182.85,183.47,178.02,4925791
2020/6/19,184,197.8,199.88,182,9715512
2020/6/22,197.8,202.6,206.23,197,7848841
2020/6/23,203.12,204.99,206.37,198.09,5994756
2020/6/24,201,206.68,208.45,200.88,7226776
2020/6/29,204.79,199.83,205.5,197.96,6214849
2020/6/30,202,201.95,204.58,199.84,4345108
2020/7/1,203,207.68,212.5,202.69,6199410
2020/7/2,208.74,214.73,216.66,206.01,7331797
2020/7/3,214.06,208.39,215.69,201.1,7244517
2020/7/6,209.95,228.8,229,209.95,9434834
2020/7/7,230.11,229.93,244.82,229.43,8803093
2020/7/8,228.8,231.51,235,223.51,6305605
2020/7/9,232.2,240.84,242.13,232.2,5741245
2020/7/10,238,244,245.8,235.75,5498866
2020/7/13,245.33,245.51,248,239.18,5651569
2020/7/14,241.82,249.7,252.8,238.66,8182655
2020/7/15,252,230.58,252,226,9192694
2020/7/16,227,208.16,232.3,208,7707629
2020/7/17,211.62,218.43,226.04,209,8260788
2020/7/20,225.7,217.69,225.99,206.49,6578023
2020/7/21,217.07,215.69,222,213.06,5896977
2020/7/22,215.9,220.1,223.6,211.01,5396218
2020/7/23,216.76,214,220.58,209.77,5078837
2020/7/24,212,199.35,214.5,196.5,6815543
2020/7/27,204.53,197,206.33,194.35,5479968
2020/7/28,201.49,199.84,201.7,196.66,3904884
2020/7/29,198.54,207.17,208.88,197.67,5786101
2020/7/30,207.99,203.4,210.33,202.01,4427451
2020/7/31,205,205.64,208.98,200.17,5400536
2020/8/3,206.99,201.42,207.86,193.01,10477907
2020/8/4,200,197.67,203.99,196.31,5694817
2020/8/5,206,201.97,207.37,200.3,8280457
2020/8/6,201,197.18,201,195,6438619
2020/8/7,195.81,188.78,198.49,184.37,6673959
2020/8/10,188.79,191.51,192.9,183.33,5083995
2020/8/11,192,187,192.94,187,3620735
2020/8/12,188,187.05,189.67,181.25,3945930
2020/8/13,187.97,182.97,188.88,182.8,3233137
2020/8/14,183.44,186.28,186.5,182.11,2891805
2020/8/17,187.36,183.71,187.99,181.09,5916046
2020/8/18,183.71,182.66,183.8,177.01,7656268
2020/8/19,182.66,187.3,194.8,181.8,9552147
2020/8/20,185,183,185.08,178.26,6799272
2020/8/21,190.13,188.01,192,183.1,9334173
2020/8/24,185.25,188.65,190.51,177.3,8084716
2020/8/25,185.88,180.17,185.88,180,7475686
2020/8/26,178.43,169.6,178.5,169.58,7331110
2020/8/27,167.08,171.93,174.65,165.08,5771165
2020/8/28,171.5,175.31,176.89,170.08,4570584
2020/8/31,175,167.83,175,167.6,10994122
2020/9/1,167.88,168.7,170.3,167.61,7474188
2020/9/2,168,170.4,171.19,167.67,5839638
2020/9/3,169.5,186.12,187.31,167.6,15273855
2020/9/4,183,187.1,190.5,181.88,15006681
2020/9/7,190,182,191,178.8,12438305
2020/9/8,180.8,177.05,185.88,177.01,8355334
2020/9/9,171.11,171.31,176.99,166.93,7730486
2020/9/10,174,174.11,179.43,172,7547640
2020/9/11,174.24,187.72,190.16,174.24,14275128
2020/9/14,190.18,191,198.9,190.18,15199091
2020/9/15,184,188.54,192.69,182,12479249
2020/9/16,188.58,195.88,196.85,187.38,11958408
2020/9/17,195.88,193.01,196.3,190.06,10576005
2020/9/18,194.11,191.8,197.85,188.79,11320490
2020/9/21,191.5,185.95,193.49,185.89,9124997
2020/9/22,184.22,185.58,189.4,183.55,8259206
2020/9/23,186,184.7,186.9,181.8,7657710
2020/9/24,185.57,182.8,186.38,182.55,6729762
2020/9/25,182.7,174.91,183.35,173.98,10230276
2020/9/28,174,175.2,177.98,172.76,5266069
2020/9/29,177.55,174.96,179.3,174.8,5020925
2020/9/30,176.99,177.37,180.5,175.2,6979638
2020/10/9,182,182.4,185.95,182,7954317
2020/10/12,183.97,191.43,191.49,183.55,14498776
2020/10/13,191.5,192.16,193.88,189,9166901
2020/10/14,192.34,186.7,193.3,183.76,8427497
2020/10/15,188,185.3,190.98,185.23,6573692
2020/10/16,187.5,184.5,192,183.01,7531966
2020/10/19,186.29,179.98,186.9,179.35,6007193
2020/10/20,178.81,180.9,181.6,176,5313853
2020/10/21,182,178.72,182,176.95,5108518
2020/10/22,177,177.69,181.49,176.58,5073860
2020/10/23,177.5,172.3,179.9,169.93,4859843
2020/10/26,168.72,173.12,175.35,166.75,5012501
2020/10/27,171,181.3,181.35,171,6440868
2020/10/28,180.9,180.16,183.25,178,5977489
2020/10/29,179.52,184.3,187.48,179,10537241
2020/10/30,185,198.02,201.73,184.99,23668577
2020/11/2,205,217.82,217.82,200.01,18612387
2020/11/3,226.84,215.59,226.84,212.92,16480947
2020/11/4,216.88,211,218.43,206.96,14067168
2020/11/5,218.2,214,219.08,209.89,12355005
2020/11/6,213.8,219.31,220.99,209.03,17191989
2020/11/9,223,239.45,241.24,223,21034169
2020/11/10,232,224.91,233.88,223.91,13750419
2020/11/11,216,202.42,219.51,202.42,18005444
2020/11/12,204.38,204.17,208.68,200.58,9964256
2020/11/13,203.87,201.79,208,198.3,9202956
2020/11/16,204,199.8,204,194.11,9971274
2020/11/17,199.81,202.7,202.84,190.01,12380112
2020/11/18,199,202.54,207.58,196.01,9491162
2020/11/19,199.33,205.2,206.95,198.01,6447556
2020/11/20,204.25,202.35,206.8,201,5062118
2020/11/23,196.28,200.5,202.03,191.3,9906551
2020/11/24,199.03,205.2,208.56,198.5,7407710
2020/11/25,208,209.9,213.88,206,8990413
2020/11/26,209.8,202.77,209.85,202.28,6230735
2020/11/27,203.38,205.8,207.8,201.02,4390158
2020/11/30,207,215.44,215.44,203.21,10418104
2020/12/1,210,216.88,216.94,209.48,6743329
2020/12/2,216.3,218.77,222.65,216.09,8449214
2020/12/3,220.97,217.09,222,216.36,5260846
2020/12/4,216,217.64,219.5,213.8,4895877
2020/12/7,221,216.86,225.65,215.83,6068861
2020/12/8,216,218,220.96,215.01,5751273
2020/12/9,215,217.13,221.5,212.96,7448758
2020/12/10,217.15,232.41,237.3,215,14224180
2020/12/11,232.99,232.75,238,228.61,14374621
2020/12/14,234.99,235.8,238.3,226.99,9148258
2020/12/15,235.8,228.5,243.88,225.38,9399091
2020/12/16,228,228.2,230.5,221.77,6324718
2020/12/17,229.46,228.9,231.66,226.22,3884390
2020/12/18,232.99,233,236.32,230.02,5653690
2020/12/21,230.69,227.12,233,220.1,9729882
2020/12/22,224.5,212.76,224.97,210.48,11279745
2020/12/23,212.76,218.95,222.3,210.3,7839615
2020/12/24,221,230.02,230.16,221,6697766
2020/12/25,227.89,220,231.2,218.7,5511629
2020/12/28,220,223.89,226.91,217.6,5381370
2020/12/29,225,221.7,228.56,220.5,4647285
2020/12/30,220,227.38,227.74,219.02,5093389
2020/12/31,228.9,231.1,235,225.77,7824929
2021/1/4,232,230.05,232.84,225.01,8717340
2021/1/5,229.99,253.06,253.06,228.9,15532187
2021/1/6,265,264,268.85,257.01,17278593
2021/1/7,265.97,269.36,273.01,259.6,14019049
2021/1/8,270.88,266,273.53,257.1,8708435
2021/1/11,278.5,276.24,291.8,272,14912017
2021/1/12,272.12,289.19,289.19,272.12,11744029
2021/1/13,293.52,286.47,293.6,278.16,11153060
2021/1/14,291,281.71,300.8,280.32,16005889
2021/1/15,290,286,301.8,276.87,15661948
2021/1/18,296,314.6,314.6,293,16540922
2021/1/19,313.99,314.89,324.5,308.84,16779012
2021/1/20,317,321,321.99,309,10265404
2021/1/21,316.18,319.6,322,309.78,9905954
2021/1/22,320,322.5,328,308,10002138
2021/1/25,314.84,322,326.88,310.1,11067820
2021/1/26,315,301.14,316,294.5,14956654
2021/1/27,308,310.16,312.8,301.77,10720151
2021/1/28,307,290.1,307.02,290,11231360
2021/1/29,299,289.57,300.49,283.17,8270918
2021/2/1,294.6,287.54,296,284.3,6196484
2021/2/2,292,298.98,302,286.15,8518668
2021/2/3,300,292,300.9,291.78,6537889
2021/2/4,288.2,283.75,292,272,13498958
2021/2/5,283.7,285.1,290.88,282.28,6562562
2021/2/8,287.3,302.9,305.53,285.62,8108982
2021/2/9,305.1,299.4,308,294.6,8746124
2021/2/10,299.42,302.97,312,293,8155988
2021/2/18,312,307.34,324,302.97,10888344
2021/2/19,307.5,304.28,309,290.01,8068185
2021/2/22,305,287.31,305.5,287.31,9307624
2021/2/23,278,294,300,277,6918414
2021/2/24,294,290,303.8,285.5,7055065
2021/2/25,290.5,285.5,299.5,285.02,5679424
2021/2/26,279,282.98,292,274,6897825
2021/3/1,286.98,290.47,292,284,4727969
2021/3/2,297,295,301.5,290,6523083
2021/3/3,293.91,297.02,297.15,285.08,5038255
2021/3/4,292,275.98,295.88,272.29,9148508
2021/3/5,267.03,264.9,275.3,257.28,9867195
2021/3/8,268,257.8,275.5,256,8430030
2021/3/9,257.99,247.98,260.01,245.3,7205579
2021/3/10,257.08,251.39,261,251.07,7042077
2021/3/11,252.45,260.13,270,252.45,7667108
2021/3/12,263.06,258.52,263.17,253.82,4473543
2021/3/15,255.97,243.1,255.97,239.92,8254649
2021/3/16,243.88,248.06,250.71,243.2,6143435
2021/3/17,251.85,258.2,263.39,247,5498704
2021/3/18,258.88,258.61,263.32,255.97,4143089
2021/3/19,257.5,258.43,263.2,254.54,4666637
2021/3/22,258,255.55,258,246.31,5260015
2021/3/23,259.4,253.56,259.68,249.49,3122977
2021/3/24,251.85,245.7,253,245.7,3245803
2021/3/25,244,254.07,257,238.08,4978314
2021/3/26,257.23,257.91,260.98,254,3966414
2021/3/29,260.72,262.8,268.05,260.52,4594122
2021/3/30,262.11,259.17,267.4,258.9,4901950
2021/3/31,262.01,256.72,262.6,254.81,2903498
2021/4/1,259,273.3,277.48,256.36,7229113
2021/4/2,279.34,286.91,292.05,279.34,7602649
2021/4/6,291,286.1,291.66,280.6,4311575
2021/4/7,294,294.2,299.97,285.18,7933994
2021/4/8,290,297.47,305.88,287.33,6220869
2021/4/9,297.42,293.12,299.8,291.49,3802050
2021/4/12,294,289.74,302.03,286.51,5238114
2021/4/13,289.68,287.7,293,283.42,5129266
2021/4/14,283,282.85,286.7,275.1,5147825
2021/4/15,282.9,275.74,283.14,269.44,5441139
2021/4/16,281,279.79,284,276.41,4326278
2021/4/19,283,293.25,295,280,7523754
2021/4/20,292.11,292.01,298.85,290.56,4117062
2021/4/21,290.01,291.8,294.1,288.88,3338151
2021/4/22,292.9,295.2,296.49,287.02,4083341
2021/4/23,297.5,298.5,306.98,294.53,6436029
2021/4/26,302,291.26,306.66,291.26,4729786
2021/4/27,295.12,293.78,297.28,287.92,3930230
2021/4/28,296.87,298.96,301.5,292.24,3971368
2021/4/29,301,304.92,310.9,298.15,5411808
2021/4/30,303,302.51,308.88,299.08,4321491
2021/5/6,295,293.15,301.98,290.27,5021591
2021/5/7,293,264.26,296,264,10754608
2021/5/10,261.81,266.72,270,261,5478986
2021/5/11,259.6,270.95,271.38,250.72,8650562
2021/5/12,268,266.82,268.83,255.4,7646232
2021/5/13,259.01,264.8,266.76,258.66,4354307
2021/5/14,267,272,272.9,259.8,5152531
2021/5/17,269.83,274.84,280.88,269.83,4733094
2021/5/18,274.7,271.18,277.6,270.18,2305622
2021/5/19,269,277.18,277.18,266.7,4591753
2021/5/20,278.01,285,287.8,276.01,4562415
2021/5/21,286.08,284.07,287.98,282.55,2955093
2021/5/24,284,275.37,285.5,270.34,5083705
2021/5/25,278.16,295.15,297.39,275.52,7929183
2021/5/26,296.72,290.99,299,290.5,3533526
2021/5/27,292.68,293,298.33,287.08,6056204
2021/5/28,289,286.48,296,283.6,5978423
2021/5/31,289.02,300.99,300.99,288.5,8446415
2021/6/1,300.08,301,305.88,297,5721428
2021/6/2,303.77,298,304,294,4627551
2021/6/3,297.8,286.49,297.99,284.02,5629789
2021/6/4,285,286.3,292,280.52,5264201
2021/6/7,289.72,285.99,295,280.9,5620163
2021/6/8,287.1,279,287.77,277.08,5002967
2021/6/9,279.09,281.78,283.97,277.2,3553663
2021/6/10,281.39,285.17,286.22,279.57,6082136
2021/6/11,286,289.47,295.49,285.48,9281509
2021/6/15,288.86,301,302.88,286.8,11748985
2021/6/16,303.22,279.9,303.5,279.68,8087743
2021/6/17,279.9,296.35,301,277.7,12138720
2021/6/18,297,273.15,297.98,268.58,22564780
2021/6/21,268.5,265.96,275.99,260.3,14052026
2021/6/22,268.98,270.92,275,264.04,7459506
2021/6/23,273,292.99,297,272.77,14305588
2021/6/24,292,288.97,294.5,285.02,7441707
2021/6/25,291.54,296.6,299.49,289.93,7693698
2021/6/28,296.49,296,298.38,291,7179232
2021/6/29,294.86,301.74,304.99,290.8,10184878
2021/6/30,303,322,328.8,303,13927463
2021/7/1,328,326,332,320.23,11302382
2021/7/2,322,314.49,323.29,312.89,8733244
2021/7/5,319.98,329.18,332.71,319.2,10100277
2021/7/6,330,321.52,338.86,314.18,10727978
2021/7/7,316.85,329.88,332.98,312.66,7703027
2021/7/8,332.74,335,345,332.74,7891474
2021/7/9,330.5,329.15,334.98,321.68,8472297
2021/7/12,332,341.56,344.82,331,8759539
2021/7/13,341.56,328,341.56,317,13541932
2021/7/14,326,323.1,332,321.3,6332949
2021/7/15,323.1,320.38,325.99,316.28,6176344
2021/7/16,323.1,311.5,326.5,311.2,5602213
2021/7/19,304.96,315.6,317.88,302.51,6071213
2021/7/20,314.71,317.67,318.72,308,4651674
2021/7/21,319.01,322.02,329.88,316,8561857
2021/7/22,321.23,308.95,321.39,303,10300498
2021/7/23,308,302.12,308.2,297.97,10189698
2021/7/26,304.99,290.41,306.99,281.95,11180887
2021/7/27,290,302.97,318.99,290,14336938
2021/7/28,296,304.89,314.5,289.01,10181325
2021/7/29,313,314.18,316.9,301.95,11246251
2021/7/30,308.08,302.09,310.45,299.03,9865214
2021/8/2,298.98,298.48,306,291.89,9670073
2021/8/3,296.88,295,305.59,292.51,8141201
2021/8/4,295.1,310,311.88,293,9130332
2021/8/5,304.02,321.08,328.88,304.02,8788218
2021/8/6,322.66,308.97,325.81,305.89,7409386
2021/8/9,306,291.26,306,288.68,11444810
2021/8/10,288,278,292,267,16950139
2021/8/11,276,277.59,279.88,270.17,7796097
2021/8/12,277.72,276.05,286.2,274,6828188
2021/8/13,273.95,269.59,275,267.98,6264325
2021/8/16,268,265.5,271,262.6,7903185
2021/8/17,265.47,261.7,267.9,258,6455451
2021/8/18,262,261.68,264.88,256.1,7243157
2021/8/19,262.75,264.99,265.87,257.6,7082020
2021/8/20,264.88,258.3,267.8,255.66,6634170
2021/8/23,258.07,271.4,271.96,255.56,8759454
2021/8/24,273,268.76,275.48,268.1,6936559
2021/8/25,273.77,259.21,273.77,257.8,9814436
2021/8/26,259.93,258.3,264,257,6733653
2021/8/27,256,266.12,273.17,254.75,12801904
2021/8/30,268.1,267.17,271.48,261.58,8025110
2021/8/31,258,242.09,259.94,241.03,16944265
2021/9/1,247.29,256.48,260,244,12929129
2021/9/2,256.48,241.5,261.8,237.01,12505727
2021/9/3,241.63,232.5,243,230.5,9457575
2021/9/6,232.47,240.84,243.88,231.09,7037805
2021/9/7,241.55,245.52,247.14,237.51,5853984
2021/9/8,240,243.08,249.9,237.5,8445849
2021/9/9,241.3,245.81,247.78,240,5236189
2021/9/10,246.29,243.13,251.2,238.51,9650721
2021/9/13,240.05,237.35,245,235,8207589
2021/9/14,239,234.9,240.3,233.14,7667285
2021/9/15,234.8,231.99,238.28,224.02,7334456
2021/9/16,232.81,227,234.3,225.51,6592844
2021/9/17,230.07,239.82,239.88,230.07,8480866
2021/9/22,235,239.7,243.59,234.08,6395742
2021/9/23,240.81,244.51,253.9,234.81,9860641
2021/9/24,241,239.8,247,239,6374017
2021/9/27,243,250,254,241.22,10537209
2021/9/28,246.67,245.7,252,242,6218796
2021/9/29,243.92,243.98,248,240.06,4770305
2021/9/30,243.98,242.61,248.66,241.26,5356402
2021/10/8,244,236.48,251.83,236.37,8593727
2021/10/11,235.99,234.47,244.29,234,6408456
2021/10/12,230.07,226.3,234.32,224.8,7297871
2021/10/13,226.21,242.02,245,221.5,8207760
2021/10/14,241.92,248.88,254.67,241.56,7209019
2021/10/15,247,250,252.01,243.5,6943739
2021/10/18,250,239.39,250,234.03,9829856
2021/10/19,238.77,247.23,249.99,236.59,7493659
2021/10/20,249.87,245.56,251,244.1,4205541
2021/10/21,245.34,246,246.88,241.15,3519673
2021/10/22,245,252.26,255.55,244.3,7788878
2021/10/25,249,249.97,253,248,5074022
2021/10/26,250.01,256.59,259,250.01,7198656
2021/10/27,256.4,252.39,256.43,250.38,5197273
2021/10/28,253.01,264,269.7,251.88,10086278
2021/10/29,263,266,269.5,262,6160044
2021/11/1,266.01,269.9,272.89,261.66,7753213
2021/11/2,268.93,282.74,285.9,268.93,11793320
2021/11/3,282.74,278.5,283,272.68,6855481
2021/11/4,278.7,278.62,284.35,276.76,4998788
2021/11/5,281,283.87,289,281,6631831
2021/11/8,284.6,279.99,286.68,275.05,5653396
2021/11/9,278,280,284.5,273.58,5653542
2021/11/10,277.99,276.2,281.9,274.12,4054872
2021/11/11,274.37,274.48,278.99,268.4,7653232
2021/11/12,271.5,272.23,272.85,267,5691077
2021/11/15,270.99,272,274.97,266.51,4769917
2021/11/16,271.35,267.23,275.95,266.66,5583191
2021/11/17,266.8,264.98,269.36,262.27,4732712
2021/11/18,263.89,264.64,266.2,260.67,3701288
2021/11/19,264.2,269,269.62,262.01,5102726
2021/11/22,270,279.9,280.99,266.06,9116249
2021/11/23,279.9,279.89,282.99,275.2,6308472
2021/11/24,278.89,280.8,283.5,278.01,5737427
2021/11/25,280.97,282.6,288.66,278.46,6567426
2021/11/26,280.48,273.33,281,270.7,5652470
2021/11/29,268.79,275.45,279.6,267.36,4240065
2021/11/30,277,272.38,279.87,271.76,3952068
2021/12/1,270.5,266.95,274.82,264.9,4220257
2021/12/2,282.67,293.65,293.65,282.67,14229831
2021/12/3,293.6,303.75,312.8,291.01,21077245
2021/12/6,307.98,296.97,308.7,296.66,8706044
2021/12/7,303.75,297.31,305,294.03,7681488
2021/12/8,300,309.99,311.2,300,10008552
2021/12/9,307.71,309.2,312.22,305.7,7142086
2021/12/10,308.66,305.98,308.66,297,7194961
2021/12/13,304,306.88,312,303.13,6251757
2021/12/14,305,306.37,308.5,301.13,3967430
2021/12/15,306.14,303,307.82,302.99,3709939
2021/12/16,305,304.48,314.66,303.01,4621419
2021/12/17,301.11,291.7,304,291.35,6331913
2021/12/20,292.77,287.42,297.66,284,6144575
2021/12/21,289.22,290.43,292.16,280.83,6361433
2021/12/22,291.59,305.71,311.57,291.59,7433319
2021/12/23,306,305.94,309.6,301.88,4308407
2021/12/24,305.95,308,314.77,305.95,5685612
2021/12/27,311,314.16,321.9,310,5084217
2021/12/28,316.01,310,318.97,308.88,4814563
2021/12/29,313.06,305.21,314,302.35,4229883
2021/12/30,302,310.08,313.96,302,5284513
2021/12/31,310.09,310.77,312.75,308.14,3338630
2022/1/4,313.56,310.42,314.8,300.01,5641449
2022/1/5,308.96,286,311.98,281.99,9457027
2022/1/6,286,279,286.99,272.13,8496671
2022/1/7,279,277.74,288.5,276.32,4701131
2022/1/10,275,273.8,278.38,266.92,6239474
2022/1/11,273.5,265.48,276.98,264.03,4612182
2022/1/12,268.32,271,274.68,267.25,4878640
2022/1/13,271.5,266.59,272.46,266.28,3544781
2022/1/14,261.77,277.05,283.67,261.77,5838675
2022/1/17,277.05,290.6,293.85,277.05,6725977
2022/1/18,290,296.29,298.88,288.58,4274705
2022/1/19,293,292,297.47,288.18,5026208
2022/1/20,292.22,293.25,297.89,288.12,3958549
2022/1/21,289.05,285.22,295.33,283.89,4919767
2022/1/24,285.3,289.01,294.47,282.88,3305037
2022/1/25,288,278.6,290.94,278.01,6045845
2022/1/26,278.08,276.38,280.6,271.96,5771614
2022/1/27,275.8,262.5,277,261.12,9351299
2022/1/28,258,254.2,266.66,252,8193779
2022/2/7,260,244.45,263.53,243.69,10649143
2022/2/8,244.36,236.8,245.56,230,11571102
2022/2/9,237.88,232.23,239.89,227.37,10057615
2022/2/10,235,231.97,236.18,231.6,7027122
2022/2/11,230.02,227.55,234.4,225.18,6406425
2022/2/14,225,229,232.44,224.1,5197757
2022/2/15,230.07,241.38,242.7,229.89,9005651
2022/2/16,243,240,246,239.8,6214717
2022/2/17,237.9,242.9,246,236.68,5936506
2022/2/18,241,239.4,241.85,235.25,3867915
2022/2/21,238,236.95,241,235,4517940
2022/2/22,236,238,238.79,229.98,7434701
2022/2/23,239,248.29,251,238.5,8209424
2022/2/24,248,245.95,249.01,241.47,7303295
2022/2/25,251.8,245.01,253,243.75,6307589
2022/2/28,245,245.81,249.28,243,4184905
2022/3/1,245.44,246.8,249.99,243.99,4821695
2022/3/2,244,240,244,237.9,6874059
2022/3/3,242.5,236,243.24,234.38,4643779
2022/3/4,233.11,234.14,242.09,232.21,4826176
2022/3/7,232.69,221,232.69,218.7,8310858
2022/3/8,221,221.08,227.88,218.68,7085354
2022/3/9,221.5,224.94,226.69,214.09,8839506
2022/3/10,232,226.54,234.89,225.66,7218516
2022/3/11,220.01,222.12,226.3,216.36,6200649
2022/3/14,217.27,208,221,207,9991044
2022/3/15,198.85,195,205.6,194.99,13505694
2022/3/16,198.89,214.5,214.5,196.35,12630575
2022/3/17,222,224.1,228,220.3,13353459
2022/3/18,223,224.28,225.99,220.58,6016000
2022/3/21,225.57,222.26,229.2,220.08,5859493
2022/3/22,222.2,220.64,226.25,219.6,4581233
2022/3/23,221,217.66,222.49,216,6359394
2022/3/24,216,212.38,217.42,211,6364628
2022/3/25,215.61,205.2,215.78,204.8,5157931
2022/3/28,202,202.41,207.5,200.13,5804318
2022/3/29,203.01,196.73,204.97,195.2,6078242
2022/3/30,199,198.12,200.59,190.4,8491048
2022/3/31,194.91,193.4,196,189,8993763
2022/4/1,193,194.15,198.4,191.36,5008932
2022/4/6,195,188.08,195.72,186.32,7612177
2022/4/7,187.19,183.32,191.5,182.97,6691825
2022/4/8,184.49,180.2,185.5,179.27,6389927
2022/4/11,180.23,170.5,180.23,169.01,10623110
2022/4/12,170.5,171.05,172.7,165.5,10296605
2022/4/13,170,169.08,171.37,167.01,5776129
2022/4/14,171.18,172.43,175.82,165.05,9868666
2022/4/15,168.97,173.9,175.75,168.17,8002017
2022/4/18,172.15,182.71,183.2,171.51,10239074
2022/4/19,180,164.44,180,164.44,18753669
2022/4/20,161.85,159.7,164.69,159.36,10432913
2022/4/21,158.3,155.33,162.43,154.2,8632948
2022/4/22,152.09,149,155.49,148.9,9595458
2022/4/25,147,138.21,149,138.11,10564897
2022/4/26,138.64,134.66,141.91,134.02,9121482
2022/4/27,135.31,148.13,148.13,135.14,13219460
2022/4/28,146.91,145.32,151.44,143.33,11841175
2022/4/29,148.13,150.5,152.33,145.01,13645034
2022/5/5,149.12,147.11,151.5,147.06,9134266
2022/5/6,143.61,140.16,145.3,140.16,7333324
2022/5/9,140.21,137.16,141.39,136.46,6848906
2022/5/10,136,143.06,146.86,135.4,11647498
2022/5/11,143.51,152.57,157.37,142.4,15711630
2022/5/12,151.25,150.15,152.5,148,9666960
2022/5/13,152.7,150.15,152.89,148.2,6260628
2022/5/16,151.5,147.99,155.48,147.58,7214106
2022/5/17,147.98,162.79,162.79,147.4,15765556
2022/5/18,165,163,165.05,160.2,15136029
2022/5/19,159.95,162,164.28,156.9,11088284
2022/5/20,162.95,163.67,163.88,159.59,9952119
2022/5/23,169,165.47,169.8,159.88,13981982
2022/5/24,164,157.12,168.93,156.66,12278634
2022/5/25,156.1,154.99,159.8,152.8,8389033
2022/5/26,155.06,152.22,156.1,148.89,12099540
2022/5/27,154.5,149.32,158.38,149.03,11156629
2022/5/30,150.87,159.02,160.6,149.32,16225873
2022/5/31,160,164,165.47,155.38,14866798
2022/6/1,163,163,166.6,161.01,8949067
2022/6/2,162.83,172.25,173.96,161.53,13524522
2022/6/6,172.26,180.33,181.68,169.42,14126736
2022/6/7,180.6,171.72,180.87,170.01,14285770
2022/6/8,170.14,170.51,173,167,12156673
2022/6/9,169.89,163.93,169.97,162.4,10196471
2022/6/10,162.98,165.4,165.46,159.98,11947000
2022/6/13,162.8,162.26,165.38,160.98,8773990
2022/6/14,160,158.92,160,152.66,11441447
2022/6/15,159.99,161.24,164.27,159,13024819
2022/6/16,161.4,161.6,166.59,160.5,11038602
2022/6/17,159,160.39,160.88,155.3,14530548
2022/6/20,161.71,168.02,168.44,159.2,17271995
2022/6/21,168.02,163.82,168.02,162.46,14192424
2022/6/22,165.36,154.53,165.36,154.28,19144146
2022/6/23,153.6,155.6,156,152,16456693
2022/6/24,155.65,159.58,162.18,153.88,19512644
2022/6/27,161.82,165.2,169.01,161,23959005
2022/6/28,166.77,174.01,179.38,159.74,27430937
2022/6/29,174.02,168,179.2,167.68,27317355
2022/6/30,168,173.03,174.97,167.17,17649612
2022/7/1,173.03,173.35,177.4,171.05,14883994
2022/7/4,167.96,164.15,167.96,161.95,21616873
2022/7/5,164,161.49,166.5,159,15493334
2022/7/6,161.37,163.18,169.41,160.6,20418644
2022/7/7,162.59,160.2,164.86,158,15639753
2022/7/8,162,161.25,165.96,160.3,14642764
2022/7/11,160.2,156.06,160.2,154.3,16641135
2022/7/12,155.03,149.61,156.5,149.5,15433897
2022/7/13,148.6,146.63,149.78,144.16,13137872
2022/7/14,145.35,145.55,149,144.96,12209818
2022/7/15,145.4,144.98,149.25,143.56,12940410
2022/7/18,145.22,146.45,146.61,140.21,12156377
2022/7/19,146.37,144.78,147.33,143.3,8430847
2022/7/20,146.83,144.7,148.6,144.01,10185485
2022/7/21,143.99,148.91,150.82,142.02,17887922
2022/7/22,148.9,145.88,148.9,144.44,9522992
2022/7/25,146.01,142.8,146.83,142.5,6911110
2022/7/26,142.9,144.24,144.43,141.5,6877855
2022/7/27,144,142.29,145.2,140.61,8573468
2022/7/28,106.39,107.85,110.26,106.11,13152728
2022/7/29,107.1,105.19,108,104.98,11217301
2022/8/1,104.26,106.25,107.58,101.08,14485801
2022/8/2,104.28,104.13,107.36,102.77,13081038
2022/8/3,104.13,107.27,109.2,104.13,18998658
2022/8/4,108.01,113.76,113.95,107,24288494
2022/8/5,114.01,116.83,118.48,111.98,27285203
2022/8/8,116.9,113.48,117.5,112,21664221
2022/8/9,112.09,113.96,114,110.53,14676293
2022/8/10,112,110.95,115.4,110.92,12553430
2022/8/11,111.4,119,119.1,111.11,28576137
2022/8/12,114.5,111.92,116.2,111.36,33593697
2022/8/15,110.37,107.75,111.35,107.41,20283044
2022/8/16,107.51,107.45,109.04,105.1,12094309
2022/8/17,106.99,108,108.5,105.6,11457040
2022/8/18,108,108.11,108.95,106.81,10248151
2022/8/19,106.96,105.45,110.33,105.4,12774595
2022/8/22,104.98,104.99,105.45,102.58,9411561
2022/8/23,104.47,102.25,105.56,101.68,13011232
2022/8/24,101.21,95.17,102,95.08,27849012
2022/8/25,95.18,92.9,95.93,91.37,20971083
2022/8/26,93.83,92.1,93.98,91.91,11632660
2022/8/29,90,91.62,92.97,89.3,11280475
2022/8/30,91.58,93.26,94.7,91.58,12449338
2022/8/31,92.68,93.74,93.8,90.76,19177161
2022/9/1,93.02,90.58,93.88,90.4,12050400
2022/9/2,90.39,89.87,91.83,89.36,9942942
2022/9/5,89.8,88.52,89.81,86.5,14235228
2022/9/6,88.75,88.87,89.85,87.78,10309821
2022/9/7,88.8,89,90.87,88.12,14406496
2022/9/8,88.93,87.7,89.59,87.69,8656331
2022/9/9,87.82,88.92,89.09,86.38,12517770
2022/9/13,89.52,89.1,91,88.99,9456721
2022/9/14,87.5,88.34,89.14,86.98,9064620
2022/9/15,88.99,86.74,89,86.02,9817966
2022/9/16,85.92,83.7,86.77,83.7,11942788
2022/9/19,83.92,86.2,89.8,83.71,20272393
2022/9/20,86.4,85.84,87.31,84.48,11000086
2022/9/21,85.77,85,86,81.2,16360385
2022/9/22,84.09,83,85.97,82.6,14542522
2022/9/23,83,82,83.84,80.7,13440305
2022/9/26,80.85,83.55,84.28,80.85,13552808
2022/9/27,83.58,84.9,84.95,82.86,9808040
2022/9/28,84.69,82.63,85.66,82.58,9935327
2022/9/29,83.6,81.48,83.9,81.15,10381147
2022/9/30,81.48,80.13,82.18,80.1,8710171
2022/10/10,80,74.89,80,74.74,14151677
2022/10/11,74.98,75.5,77.27,74.5,11892265
2022/10/12,75.18,76.75,76.85,72.73,19276706
2022/10/13,76,76.5,78.06,75.8,11613179
2022/10/14,77.5,80.39,81.22,76.91,16159407
2022/10/17,79.57,80.81,81.46,79.2,11074458
2022/10/18,81.2,80.37,81.5,79.67,8097203
2022/10/19,80.01,79.2,80.72,79.1,8538205
2022/10/20,78.92,80.15,82.39,77.9,18519206
2022/10/21,79.88,78.32,79.88,77.96,12404416
2022/10/24,78.81,75.96,80.5,75.47,13840139
2022/10/25,75.61,74.79,76.45,74.21,10137891
2022/10/26,75.02,76.66,77.9,74.02,12836628
2022/10/27,77,75.85,78.23,75.3,12692676
2022/10/28,75.3,71.7,76.6,71.47,15439726
2022/10/31,66.64,73.37,74.79,66.64,23365705
2022/11/1,73.91,76.84,76.88,73.02,16067729
2022/11/2,76.35,78.28,79.18,76.11,12306912
2022/11/3,77.59,79.35,79.8,77.55,13150877
2022/11/4,79,81.64,82.35,78.98,15660347
2022/11/7,81,82.09,83.6,80.82,17243813
2022/11/8,82.02,80.95,82.75,80.27,9355552
2022/11/9,80.95,79.98,81.35,79.58,6777805
2022/11/10,79.5,78.78,80.62,78.1,8463746
2022/11/11,82.6,81.09,84.5,81,17218286
2022/11/14,81.79,80.68,83.8,80.34,12449367
2022/11/15,80.88,88.75,88.75,80.4,22093122
2022/11/16,89.88,88.17,91.54,87.26,28671521
2022/11/17,87.79,89.8,90.3,85.17,25246123
2022/11/18,88.7,85.4,89.08,85.04,20710581
2022/11/21,85,85.23,86.01,83.84,11246684
2022/11/22,85,82.87,85.69,82.55,15136009
2022/11/23,83,82.6,83.88,81.5,9110239
2022/11/24,83,81.79,83.8,81.6,9702216
2022/11/25,82.09,81.24,83.5,81.09,8591059
2022/11/28,79.99,79,79.99,78.1,12821556
2022/11/29,79,81.12,81.35,78.59,11153334
2022/11/30,81.12,81.29,82.68,80.66,8508115
2022/12/1,82.75,82.19,84.11,82.15,12124046
2022/12/2,81.52,81.79,83,81.52,7293975
2022/12/5,81.18,82.09,82.8,81.18,10109779
2022/12/6,81.91,85.88,86.6,81.51,20636965
2022/12/7,85.1,84.15,85.5,84,12283176
2022/12/8,84,83.03,84.5,82.81,9127059
2022/12/9,83.58,84.7,85,83.08,13080826
2022/12/12,84.6,87.01,88.5,83.36,18633517
2022/12/13,86.5,85.56,86.78,85,9110984
2022/12/14,88.3,84.58,88.6,84.49,15021374
2022/12/15,83.97,85.65,87.6,83.42,12386160
2022/12/16,85,83.23,85,83.08,9702064
2022/12/19,82.98,81.68,84,81.35,8152734
2022/12/20,81.27,81.93,83.4,81.27,6789750
2022/12/21,81.65,80.91,83,80.5,7011540
2022/12/22,81.31,80.02,81.72,79.78,7058845
2022/12/23,79.22,79.09,80.8,78.66,7141913
2022/12/26,79.06,80.69,81.2,79.05,5132961
2022/12/27,80.62,80.5,80.7,79.7,5321809
2022/12/28,80.4,77.52,80.4,76.68,11021159
2022/12/29,77.3,77.92,79.66,76.85,8619823
2022/12/30,78.31,77.09,79.5,76.88,8178178
2023/1/3,77,77.49,77.51,75.28,8637047
2023/1/4,77,77.89,78.5,77,9739101
2023/1/5,78.23,79.5,80.3,77.8,10259878
2023/1/6,79.8,81.57,83.39,79.13,13758863
2023/1/9,81.88,83.02,84.4,81.81,11863704
2023/1/10,83.34,85.49,87.58,83.04,16456673
2023/1/11,85.49,83.5,87,83.5,11228610
2023/1/12,83.97,83.75,84.59,83,6223952
2023/1/13,83.32,84.37,84.5,83.1,5934545
2023/1/16,81.33,91.25,92.81,81.01,48075390
2023/1/17,90.99,93,95.17,90.77,25846320
2023/1/18,93,93.18,94.5,91.76,14183072
2023/1/19,93.18,97.45,98.09,92.72,22901189
2023/1/20,97.53,96.58,97.98,96.02,13909628
2023/1/30,100.88,96.3,100.88,95.35,18022709
2023/1/31,96.3,94.16,97.5,94.03,14630094
2023/2/1,93.31,94.82,95.88,93.31,10280088
2023/2/2,95,95.1,96.95,94.68,11806223
2023/2/3,94.39,94.07,95.92,92.7,11357734
2023/2/6,94.07,92.37,94.48,91.82,9704524
2023/2/7,93.58,92.64,93.7,91.7,7822171
2023/2/8,92.9,91.7,94,91.59,7569920
2023/2/9,91.03,95,95,90.41,15134925
2023/2/10,94.9,94,95.5,93.42,10535284
2023/2/13,93.53,94.4,95.47,93.05,9249381
2023/2/14,94.4,93.87,95.84,93.14,8665877
2023/2/15,93.93,94.47,95,93.12,7578522
2023/2/16,94.45,91.59,95.91,90.45,14714314
2023/2/17,91.38,87.88,91.99,87.79,14649396
2023/2/20,87.79,89.59,89.98,87.08,8355215
2023/2/21,89.59,89.23,90.45,88.5,7108289
2023/2/22,88.86,88.41,89.42,88.11,5130962
2023/2/23,88.2,88.04,89.29,87.8,6719250
2023/2/24,88.9,87.06,89.35,87.01,6118038
2023/2/27,86.5,85.45,87.06,84.7,9372775
2023/2/28,85.81,85.95,86.27,84.23,7540999
2023/3/1,85.96,86.54,86.97,85.55,10470423
2023/3/2,87.2,86.11,88.32,86.02,10152181
2023/3/3,87.14,86.6,88.72,85.5,12559507
2023/3/6,86.61,86,86.99,84.84,8615072
2023/3/7,85.8,83.46,86.3,83.46,9344270
2023/3/8,83.2,84.14,84.67,83,5844734
2023/3/9,84.26,83.36,85.42,83.28,8613174
2023/3/10,82.99,81.85,83.84,81.83,8961699
2023/3/13,81.56,82.78,82.88,80.99,6705283
2023/3/14,82.78,84.18,84.76,81.41,12404426
2023/3/15,84.21,84.2,85.44,83.61,8790629
2023/3/16,83.7,84.02,85.84,83.6,13799729
2023/3/17,84.85,83.51,85.1,82.72,13250017
2023/3/20,83.46,86.98,87.5,82,18755405
2023/3/21,86.98,86.85,87.25,86.02,8661239
2023/3/22,87.11,87.31,87.67,86.41,8450831
2023/3/23,86.87,92,92.06,86.8,24040539
2023/3/24,91.3,93.85,94.48,90.49,20279630
2023/3/27,93.7,89.51,94,89.5,17318059
2023/3/28,89.26,87.75,89.58,87.62,9681497
2023/3/29,87.75,89.96,91.92,87.58,15513761
2023/3/30,90.33,90.36,92.55,89.94,13536517
2023/3/31,90.36,91.1,91.96,89.6,9547709
2023/4/3,92,93.9,94.01,91.81,18752425
2023/4/4,94,95.58,97.87,93.31,22691960
2023/4/6,95,101.1,105.14,94.14,37521623
2023/4/7,102.1,103.52,104.44,99,27556888
2023/4/10,112.5,107.49,113.87,105.89,57357015
2023/4/11,105.89,107.99,110.15,104.07,27428400
2023/4/12,107.8,109,110.61,105.51,23048021
2023/4/13,110,103.1,111.6,101.3,28483398
2023/4/14,104,106.22,106.39,99.42,27977174
2023/4/17,105.17,103.59,106.34,103.03,20728687
2023/4/18,102.03,104.2,104.7,101,17548154
2023/4/19,109.18,104.42,111.35,104.25,34728743
2023/4/20,102.67,103.11,105.05,101.31,20932697
2023/4/21,102.5,95.22,102.5,95.1,24540790
2023/4/24,95.22,91.44,95.9,90.68,23813414
2023/4/25,91.05,90.53,93,88.6,16495908
2023/4/26,90.03,88.43,90.59,87.4,18620565
2023/4/27,87.7,90.24,90.9,87.23,17135043
2023/4/28,89.21,91.25,91.88,89.15,12040329
2023/5/4,90.52,92.19,93,89.41,12969494
2023/5/5,91.84,91.33,93,90.66,8420483
2023/5/8,91,91.27,92.9,90.5,7230179
2023/5/9,91.34,91.61,93.06,90.09,10902324
2023/5/10,91.58,90.9,92.59,89.29,8686769
2023/5/11,91.48,90.3,92.85,90.28,6157458
2023/5/12,90.29,89.5,91.55,89.31,6409710
2023/5/15,89.51,90.5,90.6,89,5565181
2023/5/16,90.52,92.27,93,90.2,10919276
2023/5/17,92.42,95.74,95.76,92.35,12295827
2023/5/18,96.51,95.4,96.58,94.62,8570039
2023/5/19,96.52,97.67,98.74,95.36,12972956
2023/5/22,98.2,97.53,98.74,96.59,6854729
2023/5/23,98.67,95.19,98.67,95,6536872
2023/5/24,94.38,95.97,97.5,94.34,5780705
2023/5/25,96.68,96.85,97.58,95,5725505
2023/5/26,96.85,96.1,98.05,95.45,6758496
2023/5/29,97.11,97.5,99.67,96.6,9349199
2023/5/30,97,97.54,97.88,95.1,6972756
2023/5/31,97.54,99.89,100.5,96.75,9477748
2023/6/1,99.45,99.5,100.96,98.54,7492830
2023/6/2,99.58,98.68,100.37,97.5,6110720
2023/6/5,98.4,97.84,99.99,97.5,5615597
2023/6/6,97.07,94.96,97.11,94.6,8904453
2023/6/7,94.9,95.38,96.89,94.45,4576597
2023/6/8,95.8,93.95,95.8,92.93,6371973
2023/6/9,93.7,96.01,96.01,93.05,8389929
2023/6/12,95.46,95.64,96.7,94.96,5707294
2023/6/13,95.68,99.76,100.47,95.35,10176638
2023/6/14,99.99,100.49,100.98,99.23,6613065
2023/6/15,100.99,99.96,101.2,98.88,5527218
2023/6/16,100.2,100.63,100.95,98.69,5372248
2023/6/19,100.5,103.1,104.23,99.55,10111946
2023/6/20,102.83,102.88,104,102.2,5829045
2023/6/21,102.18,100.48,102.87,100,7545785
2023/6/26,99.66,100.79,102.16,98.54,6656431
2023/6/27,101.5,100,102.99,99.8,5825556
2023/6/28,100,97.57,100.47,97.18,7380575
2023/6/29,98,98.1,99.38,97.1,5315503
2023/6/30,97.77,98.04,98.79,97.47,3967690
2023/7/3,97.3,99.1,99.69,97.11,5367211
2023/7/4,99.2,103.1,106,96.31,14733679
2023/7/5,103,102.9,104.1,102.28,5274306
2023/7/6,102.51,105.75,106.31,102,9772445
2023/7/7,105.7,105.18,107.49,104.49,9051426
2023/7/10,105.3,107.01,107.8,105.3,9633668
2023/7/11,107,111.13,111.37,106.6,14500399
2023/7/12,111.2,107.97,112.8,107.25,11718461
2023/7/13,108,107.8,108.89,106.95,12494819
2023/7/14,107.3,106.54,108.3,105.68,10925590
2023/7/17,102,102.28,102.7,99.82,18621481
2023/7/18,102.34,104.13,104.4,102.25,10663011
2023/7/19,104.12,103.87,105.86,101.95,8076367
2023/7/20,103.55,101.25,104.4,101.11,5803620
2023/7/21,101.2,100.63,101.9,100.21,5566193
2023/7/24,100.05,101.18,101.6,99.6,3868491
2023/7/25,102.17,102.93,103.28,100.85,7198407
2023/7/26,102.93,101.47,102.93,101.18,4912577
2023/7/27,102.22,100.97,103.28,100.41,4786542
2023/7/28,100.43,101.73,102,99.15,6668602
2023/7/31,101.65,102.6,103.18,101.2,6471328
2023/8/1,102.62,103.55,103.97,102.05,4651283
2023/8/2,103.28,105.63,106.36,102.88,9410116
2023/8/3,105.35,107.13,107.63,104.19,6714869
2023/8/4,107.99,103.2,109,103,9146036
2023/8/7,102.8,104.48,104.58,102.5,4200091
2023/8/8,104.15,104.4,105.7,104,3678134
2023/8/9,103.65,103.63,105.13,103.04,3603637
2023/8/10,103.63,103.38,104.6,102.68,2534674
2023/8/11,103.41,100.79,103.8,100.78,4737680
2023/8/14,100,100,100.64,98.8,4453797
2023/8/15,100,92.16,100.1,90,22530482
2023/8/16,90.8,88.05,92.39,87.38,16200577
2023/8/17,88.5,88,89.35,87.5,9960642
2023/8/18,88.58,88.23,89.13,86.21,8049074
2023/8/21,87.28,87.12,88.23,86.56,5672338
2023/8/22,87.98,90.01,91.2,87.04,8786460
2023/8/23,90.01,88.61,90.42,88.58,5123591
2023/8/24,88.92,88.88,89.97,88.3,5136809
2023/8/25,87.86,89.18,89.99,87.35,5780599
2023/8/28,95,88.2,95,87.5,9151826
2023/8/29,87.75,90.24,90.99,87.72,8006416
2023/8/30,91.77,91.71,92.95,91,8449665
2023/8/31,91.57,92.02,92.73,90.9,4761377
2023/9/1,92.38,90.37,92.51,89.68,4120223
2023/9/4,91.32,92.45,92.46,90.3,5254453
2023/9/5,93,92.79,93.65,92.02,5004796
2023/9/6,92.33,94.06,94.2,92,5664320
2023/9/7,93.8,93.15,94.38,93,4747503
2023/9/8,93,92.36,93.49,92.19,2957536
2023/9/11,91.82,93,93.73,91.82,3670519
2023/9/12,93,92.95,93.49,91.8,2366537
2023/9/13,92.5,93.58,94.29,92.36,5707565
2023/9/14,93.56,91.48,94.06,90.72,4535158
2023/9/15,91.48,93.46,93.63,89.77,7049284
2023/9/18,93.4,94.8,94.98,92.5,7871799
2023/9/19,96,96,96.5,94.17,8458235
2023/9/20,96.88,93.58,96.89,93.54,4865540
2023/9/21,93.93,92,94.13,92,4228777
2023/9/22,92.21,96.19,96.8,91.71,7130079
2023/9/25,96.8,94.9,96.8,94.71,6089264
2023/9/26,94.7,93.53,95.35,93.17,4177033
2023/9/27,93.18,92.98,94.9,92.72,4576824
2023/9/28,93,93.06,94.11,92.6,4567918
2023/10/9,93.07,95.35,96.39,93,6586679
2023/10/10,95.35,98.5,99.54,95,8737222
2023/10/11,99,101.49,101.81,98.09,13342308
2023/10/12,101.49,101.91,102.85,100.5,9080067
2023/10/13,101.21,102.95,104,101.02,9809881
2023/10/16,102.95,100.22,103.98,100.14,8650033
2023/10/17,100.69,101.11,101.72,99.51,6035074
2023/10/18,100.99,101.09,102.21,99.81,6804577
2023/10/19,101,100.5,102.2,100.39,6078039
2023/10/20,100.17,98.93,100.5,98.83,7904094
2023/10/23,99.52,99.1,100.5,97.88,6266614
2023/10/24,100,100.03,100.37,97.7,8205262
2023/10/25,100.03,102.16,102.89,98.74,9611013
2023/10/26,102,99.35,103,99.01,9985704
2023/10/27,98.92,102.5,102.9,98.9,10179641
2023/10/30,108.5,111.1,112.68,108.11,33777158
2023/10/31,112.8,110.31,114.89,109.4,17406220
2023/11/1,109.17,105.96,109.83,105.9,16652744
2023/11/2,105.12,104.98,108.25,104.5,18545566
2023/11/3,105,106.39,107.48,104.98,20958547
2023/11/6,108.58,111.05,113.7,108.58,29550030
2023/11/7,111,112.76,115.89,109.77,22536162
2023/11/8,112.16,111.9,113.4,111.43,13423546
2023/11/9,111.87,110.41,112.03,109.9,10798553
2023/11/10,110,109.6,111,109,5318879
2023/11/13,109.6,108.19,110.99,107.77,8358195
2023/11/14,107.83,108.2,109.53,107.51,5942355
2023/11/15,110.48,108.98,110.52,108.33,6348755
2023/11/16,108.62,106.6,109,106.55,6209133
2023/11/17,106.4,107,108.1,106.1,5018302
2023/11/20,106.78,104.13,106.98,103.49,11949934
2023/11/21,104.13,103.79,104.87,103.13,7795643
2023/11/22,102.96,103.83,104.48,102.73,9368227
2023/11/23,103.9,103.68,104.84,103.19,7343769
2023/11/24,103.31,103.55,104.5,103.01,7851205
2023/11/27,102.43,107.67,108,102.15,10881441
2023/11/28,106.48,104.38,106.48,101.33,15102927
2023/11/29,108,108.22,109,107.2,15362677
2023/11/30,107.64,108.24,108.95,106.45,7023439
2023/12/1,107.91,109.5,109.97,106.22,8331693
2023/12/4,109.8,108.48,109.85,107.68,6016700
2023/12/5,107.74,105.19,107.8,105,7747426
2023/12/6,105.08,104.5,105.59,104.06,6160258
2023/12/7,104.16,103.3,104.36,102.77,7310843
2023/12/8,103.7,107.3,107.3,102.18,15917612
2023/12/11,104.5,106.92,107.2,102.62,9461968
2023/12/12,106.62,107.6,108.87,104.7,5983835
2023/12/13,107.58,107.82,109.98,106.88,6562906
2023/12/14,107.82,108.41,109.7,107.18,6333355
2023/12/15,108.95,108.53,110.75,107.6,6195854
2023/12/18,107.92,106.31,108.39,105.68,5098523
2023/12/19,106.07,108.28,109.28,105.6,4659357
2023/12/20,109,108.32,109.28,107.3,4178141
2023/12/21,108,108.73,109.31,106.8,5139770
2023/12/22,109.05,108.69,109.38,107.02,4315346
2023/12/25,108,109.36,109.58,107.38,3204913
2023/12/26,109.55,106.47,109.55,105.73,5637967
2023/12/27,105.6,107.05,107.64,105.33,5400110
2023/12/28,107.15,108.85,110,106.71,7848154
2023/12/29,109.03,106.71,109.6,106.26,9750462
