,601390.SH,601390.SH,601390.SH,601390.SH,601390.SH
,中国中铁,中国中铁,中国中铁,中国中铁,中国中铁
date,open,close,high,low,volume
2014/1/2,2.68,2.67,2.69,2.66,17100561
2014/1/3,2.66,2.62,2.67,2.61,19892572
2014/1/6,2.58,2.51,2.58,2.48,55131399
2014/1/7,2.48,2.49,2.53,2.48,17160655
2014/1/8,2.5,2.44,2.52,2.41,43261993
2014/1/9,2.44,2.44,2.45,2.42,26510997
2014/1/10,2.44,2.38,2.44,2.36,35527338
2014/1/13,2.37,2.38,2.41,2.35,24832554
2014/1/14,2.38,2.4,2.4,2.36,27956813
2014/1/15,2.4,2.4,2.4,2.37,18638974
2014/1/16,2.4,2.4,2.42,2.38,16797739
2014/1/17,2.39,2.38,2.4,2.37,18211192
2014/1/20,2.38,2.38,2.39,2.36,13338666
2014/1/21,2.38,2.42,2.42,2.38,16615889
2014/1/22,2.42,2.48,2.48,2.41,27341406
2014/1/23,2.48,2.45,2.48,2.45,15533830
2014/1/24,2.45,2.46,2.47,2.44,19128181
2014/1/27,2.44,2.41,2.45,2.4,22666619
2014/1/28,2.41,2.44,2.44,2.39,20834157
2014/1/29,2.44,2.44,2.45,2.43,14853583
2014/1/30,2.43,2.41,2.44,2.38,19549481
2014/2/7,2.4,2.41,2.41,2.37,19991994
2014/2/10,2.42,2.46,2.48,2.4,45761217
2014/2/11,2.47,2.47,2.48,2.44,36041532
2014/2/12,2.47,2.48,2.48,2.45,20841423
2014/2/13,2.47,2.45,2.48,2.45,23220262
2014/2/14,2.45,2.5,2.53,2.45,48446764
2014/2/17,2.51,2.51,2.52,2.48,30442791
2014/2/18,2.5,2.46,2.51,2.45,28620701
2014/2/19,2.46,2.48,2.49,2.44,34630928
2014/2/20,2.49,2.49,2.52,2.47,42749791
2014/2/21,2.49,2.47,2.49,2.45,33133951
2014/2/24,2.46,2.41,2.46,2.4,30893526
2014/2/25,2.41,2.37,2.42,2.36,33971999
2014/2/26,2.36,2.35,2.37,2.32,35730943
2014/2/27,2.36,2.37,2.39,2.34,29361775
2014/2/28,2.36,2.38,2.39,2.34,19160039
2014/3/3,2.37,2.4,2.42,2.36,27623086
2014/3/4,2.39,2.39,2.4,2.37,19392528
2014/3/5,2.4,2.38,2.41,2.37,17510770
2014/3/6,2.38,2.39,2.4,2.35,17700879
2014/3/7,2.39,2.38,2.4,2.37,18751126
2014/3/10,2.37,2.32,2.37,2.31,24787487
2014/3/11,2.31,2.33,2.34,2.31,17667055
2014/3/12,2.32,2.33,2.34,2.31,15609726
2014/3/13,2.33,2.35,2.36,2.32,21086834
2014/3/14,2.34,2.34,2.35,2.33,12619878
2014/3/17,2.34,2.35,2.36,2.33,21779350
2014/3/18,2.36,2.36,2.38,2.35,15793878
2014/3/19,2.37,2.35,2.37,2.33,16222886
2014/3/20,2.35,2.4,2.44,2.35,80066583
2014/3/21,2.39,2.45,2.46,2.38,49412065
2014/3/24,2.45,2.48,2.49,2.44,49702581
2014/3/25,2.48,2.46,2.49,2.46,32963044
2014/3/26,2.47,2.45,2.48,2.44,18220841
2014/3/27,2.44,2.44,2.47,2.42,23132828
2014/3/28,2.44,2.47,2.48,2.43,25696924
2014/3/31,2.48,2.5,2.53,2.46,59664455
2014/4/1,2.5,2.55,2.56,2.49,61328847
2014/4/2,2.55,2.55,2.59,2.53,48017029
2014/4/3,2.62,2.56,2.68,2.55,93579249
2014/4/4,2.54,2.56,2.57,2.53,41696713
2014/4/8,2.55,2.6,2.6,2.54,39156149
2014/4/9,2.63,2.59,2.65,2.59,44765830
2014/4/10,2.6,2.74,2.83,2.58,165490997
2014/4/11,2.74,2.7,2.75,2.67,98413935
2014/4/14,2.69,2.68,2.7,2.66,45612293
2014/4/15,2.67,2.63,2.68,2.62,39566805
2014/4/16,2.61,2.62,2.64,2.6,25489011
2014/4/17,2.62,2.6,2.64,2.6,23358432
2014/4/18,2.59,2.59,2.61,2.57,25475767
2014/4/21,2.57,2.55,2.6,2.54,26450695
2014/4/22,2.54,2.53,2.56,2.51,30362430
2014/4/23,2.52,2.53,2.55,2.52,19310456
2014/4/24,2.53,2.54,2.56,2.52,20362344
2014/4/25,2.54,2.52,2.56,2.5,26462822
2014/4/28,2.52,2.47,2.52,2.47,27982098
2014/4/29,2.47,2.51,2.51,2.46,21135948
2014/4/30,2.5,2.51,2.54,2.5,17086372
2014/5/5,2.62,2.6,2.68,2.57,72374816
2014/5/6,2.59,2.6,2.63,2.58,32630612
2014/5/7,2.61,2.61,2.67,2.6,68655008
2014/5/8,2.62,2.61,2.64,2.6,38505637
2014/5/9,2.61,2.59,2.62,2.56,28617567
2014/5/12,2.62,2.65,2.65,2.6,36435480
2014/5/13,2.65,2.62,2.65,2.62,19021631
2014/5/14,2.62,2.62,2.63,2.6,16364643
2014/5/15,2.61,2.59,2.62,2.58,21111662
2014/5/16,2.58,2.59,2.6,2.56,23562015
2014/5/19,2.59,2.56,2.6,2.56,16923119
2014/5/20,2.57,2.57,2.59,2.56,14881352
2014/5/21,2.57,2.6,2.6,2.55,15665302
2014/5/22,2.6,2.58,2.61,2.57,17182921
2014/5/23,2.57,2.57,2.58,2.55,16737680
2014/5/26,2.58,2.58,2.59,2.56,21077935
2014/5/27,2.58,2.57,2.58,2.56,11064009
2014/5/28,2.57,2.59,2.59,2.55,19120792
2014/5/29,2.58,2.56,2.59,2.55,14807146
2014/5/30,2.56,2.56,2.57,2.54,16000771
2014/6/3,2.56,2.56,2.58,2.55,16782568
2014/6/4,2.55,2.55,2.57,2.54,16014343
2014/6/5,2.55,2.56,2.58,2.54,26059717
2014/6/6,2.56,2.56,2.57,2.54,12404457
2014/6/9,2.54,2.54,2.56,2.54,14992004
2014/6/10,2.54,2.57,2.57,2.54,20843200
2014/6/11,2.56,2.55,2.57,2.55,14949127
2014/6/12,2.56,2.57,2.58,2.54,23425123
2014/6/13,2.57,2.61,2.61,2.56,47444444
2014/6/16,2.61,2.62,2.63,2.59,36552203
2014/6/17,2.62,2.6,2.62,2.58,27176509
2014/6/18,2.6,2.58,2.6,2.58,18306678
2014/6/19,2.6,2.56,2.61,2.55,24945908
2014/6/20,2.55,2.56,2.58,2.55,12795371
2014/6/23,2.57,2.56,2.58,2.55,10552918
2014/6/24,2.56,2.58,2.58,2.55,16983296
2014/6/25,2.57,2.55,2.57,2.54,18441435
2014/6/26,2.55,2.55,2.57,2.54,16876781
2014/6/27,2.55,2.56,2.58,2.54,22024220
2014/6/30,2.56,2.58,2.61,2.56,28028816
2014/7/1,2.59,2.59,2.59,2.57,18903476
2014/7/2,2.59,2.58,2.59,2.56,22722600
2014/7/3,2.58,2.57,2.58,2.55,34120003
2014/7/4,2.57,2.58,2.59,2.56,26476511
2014/7/7,2.58,2.62,2.63,2.58,52588661
2014/7/8,2.62,2.61,2.62,2.59,20253393
2014/7/9,2.61,2.59,2.63,2.59,29783957
2014/7/10,2.6,2.62,2.63,2.59,35600562
2014/7/11,2.62,2.65,2.66,2.62,46987878
2014/7/14,2.65,2.67,2.67,2.63,37090207
2014/7/15,2.66,2.67,2.7,2.66,58006487
2014/7/16,2.67,2.69,2.72,2.65,56317296
2014/7/17,2.69,2.67,2.71,2.66,39126197
2014/7/18,2.66,2.7,2.71,2.65,41803576
2014/7/21,2.7,2.7,2.74,2.69,41041961
2014/7/22,2.69,2.71,2.73,2.69,38822572
2014/7/23,2.71,2.77,2.83,2.7,109034638
2014/7/24,2.76,2.81,2.82,2.74,94965620
2014/7/25,2.81,2.81,2.81,2.78,53784295
2014/7/28,2.82,2.9,2.91,2.82,127739335
2014/7/29,2.92,2.9,2.93,2.89,67864156
2014/7/30,2.89,2.86,2.9,2.85,58110185
2014/7/31,2.88,2.9,2.91,2.87,56403325
2014/8/1,2.89,2.86,2.91,2.85,66908341
2014/8/4,2.88,2.95,2.95,2.87,92907400
2014/8/5,2.95,2.96,2.99,2.94,79595694
2014/8/6,2.91,2.89,2.91,2.86,52072812
2014/8/7,2.9,2.84,2.91,2.84,55877541
2014/8/8,2.84,2.86,2.87,2.83,41065472
2014/8/11,2.86,2.9,2.91,2.86,45364999
2014/8/12,2.91,2.89,2.91,2.88,37554724
2014/8/13,2.9,2.9,2.91,2.87,41783877
2014/8/14,2.9,2.88,2.91,2.86,36249704
2014/8/15,2.87,2.89,2.9,2.86,50677460
2014/8/18,2.89,2.89,2.91,2.88,42989192
2014/8/19,2.89,2.87,2.9,2.86,47573814
2014/8/20,2.87,2.86,2.88,2.85,43171553
2014/8/21,2.86,2.83,2.87,2.81,53981357
2014/8/22,2.84,2.85,2.85,2.83,33566392
2014/8/25,2.87,2.83,2.88,2.83,37066476
2014/8/26,2.83,2.8,2.84,2.8,32633184
2014/8/27,2.8,2.78,2.81,2.78,34518032
2014/8/28,2.78,2.77,2.79,2.76,26667630
2014/8/29,2.77,2.81,2.82,2.76,39130410
2014/9/1,2.83,2.83,2.85,2.81,40821009
2014/9/2,2.84,2.86,2.86,2.83,44994845
2014/9/3,2.86,2.9,2.9,2.86,80629471
2014/9/4,2.9,2.9,2.92,2.89,45415883
2014/9/5,2.91,2.93,2.94,2.91,60564478
2014/9/9,2.93,2.93,2.94,2.91,45376524
2014/9/10,2.92,2.93,2.97,2.91,75914485
2014/9/11,2.92,2.91,2.96,2.9,71401348
2014/9/12,2.91,2.95,2.96,2.89,72804654
2014/9/15,2.95,2.97,2.98,2.93,64090627
2014/9/16,2.97,3.04,3.19,2.95,247851079
2014/9/17,3.03,3.1,3.13,3.01,170688592
2014/9/18,3.07,3.03,3.09,3.01,118103779
2014/9/19,3.04,3.07,3.1,3.02,87689329
2014/9/22,3.05,2.98,3.06,2.96,94097019
2014/9/23,2.98,3,3.01,2.97,45852479
2014/9/24,2.99,3.11,3.13,2.98,139897388
2014/9/25,3.14,3.08,3.16,3.07,100647920
2014/9/26,3.07,3.08,3.1,3.05,46031200
2014/9/29,3.12,3.11,3.17,3.09,101651091
2014/9/30,3.12,3.13,3.15,3.1,69358303
2014/10/8,3.14,3.12,3.14,3.08,91888301
2014/10/9,3.11,3.15,3.19,3.1,116393979
2014/10/10,3.13,3.12,3.15,3.11,76455469
2014/10/13,3.12,3.09,3.12,3.07,72970097
2014/10/14,3.09,3.09,3.13,3.07,82024359
2014/10/15,3.09,3.11,3.12,3.07,66722544
2014/10/16,3.1,3.32,3.42,3.09,515351456
2014/10/17,3.28,3.24,3.29,3.18,222907969
2014/10/20,3.24,3.22,3.26,3.2,85407329
2014/10/21,3.23,3.16,3.25,3.16,114198315
2014/10/22,3.16,3.2,3.25,3.14,119208974
2014/10/23,3.19,3.23,3.37,3.18,171965756
2014/10/24,3.24,3.19,3.31,3.18,116081214
2014/10/27,3.17,3.24,3.25,3.11,137737718
2014/10/28,3.26,3.56,3.56,3.24,491316848
2014/10/29,3.66,3.82,3.92,3.6,810331168
2014/10/30,3.75,4.2,4.2,3.72,865161904
2014/10/31,4.23,4.14,4.27,4.04,653504816
2014/11/3,4.15,4.22,4.23,4.1,470754672
2014/11/4,4.28,4.52,4.63,4.19,706867840
2014/11/5,4.51,4.32,4.51,4.3,389961744
2014/11/6,4.35,4.43,4.51,4.35,354772880
2014/11/7,4.44,4.22,4.5,4.1,432602896
2014/11/10,4.2,4.41,4.48,4.12,436314912
2014/11/11,4.4,4.22,4.4,4.11,385172448
2014/11/12,4.21,4.34,4.4,4.14,333242720
2014/11/13,4.3,4.32,4.37,4.21,266170120
2014/11/14,4.26,4.26,4.31,4.21,164211420
2014/11/17,4.39,4.31,4.43,4.24,280946464
2014/11/18,4.3,4.38,4.47,4.23,294168080
2014/11/19,4.4,4.33,4.44,4.3,213744065
2014/11/20,4.3,4.34,4.4,4.27,186946618
2014/11/21,4.36,4.41,4.41,4.35,247894198
2014/11/24,4.47,4.74,4.8,4.4,525271632
2014/11/25,4.69,4.82,4.9,4.64,409177344
2014/11/26,4.91,4.88,5.06,4.79,370214560
2014/11/27,4.9,4.84,4.97,4.75,263587380
2014/11/28,4.81,5.09,5.2,4.72,466400560
2014/12/1,5.05,4.94,5.09,4.9,304314496
2014/12/2,4.89,5.02,5.06,4.87,296901600
2014/12/3,5.02,5.01,5.18,4.9,375153392
2014/12/4,5,5.09,5.11,4.96,405158272
2014/12/5,5.09,4.91,5.09,4.7,400770560
2014/12/8,4.87,5.4,5.4,4.75,717047056
2014/12/9,5.45,5.38,5.94,5.23,899051360
2014/12/10,5.4,5.89,5.9,5.4,590308864
2014/12/11,5.95,6.09,6.25,5.8,523305920
2014/12/12,6.09,6.7,6.7,5.9,697913952
2014/12/15,6.75,7.21,7.37,6.61,841456464
2014/12/16,7.25,7.28,7.6,7.02,754220032
2014/12/17,7.3,7.65,7.73,7.22,706040272
2014/12/18,7.65,8.29,8.39,7.49,684554480
2014/12/19,8.3,9.12,9.12,8.3,651064464
2014/12/22,9.9,8.82,10.03,8.49,1000177312
2014/12/23,8.5,8.62,9.5,7.94,746597856
2014/12/24,8.33,7.96,8.51,7.86,571091472
2014/12/25,8.02,8.76,8.76,8,687752128
2014/12/26,8.95,9.13,9.6,8.6,963665008
2014/12/29,9.03,9.35,9.7,8.8,742471040
2014/12/30,9.16,9.25,9.4,8.97,420563120
2014/12/31,9.51,9.3,9.86,9.22,530909728
2015/1/5,9.37,9.13,9.37,8.9,469902176
2015/1/6,9.13,9.16,9.3,8.8,486089968
2015/1/7,9.18,9.13,9.24,9,343790704
2015/1/8,9.1,8.58,9.1,8.54,368446944
2015/1/9,8.43,8.63,9.17,8.3,455812448
2015/1/12,8.4,8.12,8.47,8.08,322330288
2015/1/13,8.06,8.12,8.28,8.03,172159538
2015/1/14,8.15,7.96,8.23,7.88,183191956
2015/1/15,7.97,8.46,8.49,7.94,352902496
2015/1/16,8.45,8.52,8.86,8.31,355148608
2015/1/19,7.9,7.67,8.19,7.67,335359536
2015/1/20,7.6,8,8.13,7.56,355000432
2015/1/21,8.08,8.22,8.25,7.9,403849728
2015/1/22,8.16,8.13,8.21,7.99,286996368
2015/1/23,8.14,8.11,8.33,8.03,266860500
2015/1/26,8.15,8.15,8.19,8.04,179598730
2015/1/27,8.16,8.71,8.85,8.09,638239328
2015/1/28,8.5,8.58,9.1,8.45,567266048
2015/1/29,8.5,8.68,8.8,8.38,361325888
2015/1/30,8.69,8.14,8.69,8.12,352357424
2015/2/2,8.14,8.14,8.14,8.14,0
2015/2/3,8.14,8.14,8.14,8.14,0
2015/2/4,8.14,8.14,8.14,8.14,0
2015/2/5,8.14,8.14,8.14,8.14,0
2015/2/6,8.14,8.14,8.14,8.14,0
2015/2/9,8.14,8.14,8.14,8.14,0
2015/2/10,8.14,8.14,8.14,8.14,0
2015/2/11,8.9,8.32,8.9,8.3,346709904
2015/2/12,8.4,8.5,8.78,8.36,260966187
2015/2/13,8.55,8.46,8.63,8.39,211440259
2015/2/16,8.44,8.36,8.49,8.3,185019552
2015/2/17,8.38,8.35,8.48,8.34,120820648
2015/2/25,8.38,8.27,8.45,8.2,188263525
2015/2/26,8.21,8.64,8.9,7.99,503801280
2015/2/27,8.6,8.58,8.76,8.5,312542080
2015/3/2,8.68,8.57,8.68,8.5,226055409
2015/3/3,8.49,8.4,8.62,8.3,303808608
2015/3/4,8.46,8.34,8.52,8.28,178440199
2015/3/5,8.26,8.38,8.55,8.03,304361584
2015/3/6,8.37,8.18,8.39,8.17,153266716
2015/3/9,8.07,8.26,8.31,8.05,138163869
2015/3/10,8.28,8.14,8.3,8.11,142160722
2015/3/11,8.14,8.12,8.25,8.1,119631479
2015/3/12,8.15,8.17,8.24,8.08,145393826
2015/3/13,8.2,8.34,8.55,8.15,314520432
2015/3/16,8.37,8.39,8.45,8.24,248758523
2015/3/17,8.8,8.89,9.08,8.65,699043760
2015/3/18,8.75,9.09,9.1,8.63,614131488
2015/3/19,9.17,10,10,9.01,623101040
2015/3/20,10.37,10.32,10.88,10.15,1187489808
2015/3/23,10.55,11.35,11.35,10.55,787313824
2015/3/24,11.63,12.49,12.49,11.43,1258087936
2015/3/25,12.6,12.97,13.73,11.9,1176599408
2015/3/26,12.62,12.51,13.35,12.48,853516432
2015/3/27,12.46,12.52,12.86,12.22,596535312
2015/3/30,12.85,13.13,13.67,12.82,830968656
2015/3/31,13.15,12.63,13.49,12.58,655097152
2015/4/1,12.6,12.93,13.25,12.4,571003552
2015/4/2,12.93,12.84,13.06,12.65,376109744
2015/4/3,12.68,12.62,12.81,12.52,373464544
2015/4/7,12.8,12.67,12.89,12.54,450748960
2015/4/8,12.68,13.21,13.68,12.48,871312496
2015/4/9,13.18,12.61,13.19,12.48,537684896
2015/4/10,12.58,12.7,12.94,12.35,316269152
2015/4/13,12.9,13.97,13.97,12.9,1014426512
2015/4/14,14.18,15.37,15.37,13.81,917504896
2015/4/15,16.17,16.03,16.91,15.61,1000822288
2015/4/16,15.75,16.36,17.09,14.53,1073071648
2015/4/17,16.29,18,18,16.02,1094350224
2015/4/20,18.89,19.8,19.8,18,1471635408
2015/4/21,19.6,18.7,19.85,17.82,1173748288
2015/4/22,18,18.7,19.49,17.2,879654528
2015/4/23,18.73,18.47,19.36,18.2,608677728
2015/4/24,18,19.28,19.99,17.8,875167872
2015/4/27,19.99,21.21,21.21,19.4,1125473168
2015/4/28,20.8,22.51,23.08,20.61,1109218464
2015/4/29,21.9,21.74,22.84,21,703592208
2015/4/30,21.73,21.31,22.39,21.3,454856640
2015/5/4,21.4,21.37,21.99,20.7,497983744
2015/5/5,21.75,21.44,22.78,20.53,663050256
2015/5/6,21.45,20.19,21.98,19.8,524047728
2015/5/7,19.7,18.17,19.7,18.17,523355168
2015/5/8,18,19.49,19.59,17.35,700449648
2015/5/11,19.57,20.03,20.8,19,691291088
2015/5/12,19.9,19.84,20.16,19.52,502350928
2015/5/13,20.6,20.09,21.4,19.78,663803072
2015/5/14,20.09,19.56,20.1,19.2,388981024
2015/5/15,19.65,20.11,20.66,19.65,612582672
2015/5/18,19.75,19.21,19.75,19.19,384308096
2015/5/19,19.31,19.7,19.98,19.31,391522384
2015/5/20,19.95,19.56,20.18,19.4,417910480
2015/5/21,19.59,19.46,19.72,19.1,337255504
2015/5/22,20,20.05,20.35,19.71,564673616
2015/5/25,19.98,21.59,21.8,19.8,713193648
2015/5/26,21.64,21.32,21.96,20.82,634823888
2015/5/27,21.32,20.47,21.32,20.4,530982512
2015/5/28,20.33,18.63,20.85,18.5,552152784
2015/5/29,18.45,17.91,18.6,17,523271680
2015/6/1,17.85,18.74,19,17.7,405748688
2015/6/2,18.76,19.22,19.3,18.4,419744720
2015/6/3,19.58,20.89,21.14,19.28,839073040
2015/6/4,20.89,20.58,21.38,19,666925984
2015/6/5,20.9,22.64,22.64,20.36,998536560
2015/6/8,24,22.05,24,22,1048080464
2015/6/9,21.5,20.31,21.5,20.05,713118672
2015/6/10,19.7,19.62,19.95,18.7,422035040
2015/6/11,19.6,19.54,20.17,19.03,380427488
2015/6/12,19.62,19.16,19.62,18.95,374488992
2015/6/15,18.97,18.62,19.54,18.17,403754256
2015/6/16,18.2,17.03,18.54,16.8,469390848
2015/6/17,16.8,18.06,18.24,16.75,361085088
2015/6/18,17.97,16.64,17.98,16.6,318743088
2015/6/19,16.25,14.99,16.86,14.98,330929696
2015/6/23,15.1,15.58,15.69,14.11,393950736
2015/6/24,15.55,15.91,16.1,15.22,376836272
2015/6/25,15.95,14.99,15.95,14.97,329856128
2015/6/26,14.56,13.77,15.68,13.49,441403200
2015/6/29,14,12.5,14.29,12.39,468509632
2015/6/30,12.41,13.69,13.7,11.51,601636896
2015/7/1,13.2,12.38,13.79,12.36,437807040
2015/7/2,12.5,11.91,12.98,11.35,402711824
2015/7/3,11.84,10.72,12.09,10.72,364902336
2015/7/6,11.47,11.73,11.77,10.94,636682832
2015/7/7,11.4,12.88,12.9,11.12,779716336
2015/7/8,12,12.37,13.3,11.59,768014016
2015/7/9,11.8,13.61,13.61,11.5,532130960
2015/7/10,13.72,14.97,14.97,13.35,605880576
2015/7/13,15.05,15.4,16.08,14.52,634557984
2015/7/14,14.88,13.96,15.07,13.9,452252976
2015/7/15,13.5,13.6,13.65,12.6,335352240
2015/7/16,13.6,13.65,14.19,13.6,254229290
2015/7/17,13.66,14.34,14.8,13.25,344966080
2015/7/20,14.01,14.18,14.6,13.86,315769664
2015/7/21,14.6,15.6,15.6,14.32,461614240
2015/7/22,16,15.3,16.3,14.9,549505920
2015/7/23,15.3,15.51,15.76,15.02,406093024
2015/7/24,15.42,14.91,15.76,14.7,386275312
2015/7/27,14.36,13.42,14.71,13.42,281287648
2015/7/28,12.87,12.35,13,12.08,313520496
2015/7/29,12.59,13.32,13.48,12.39,249132576
2015/7/30,13.26,12.76,13.57,12.5,232795677
2015/7/31,12.74,13.14,13.35,12.68,215101750
2015/8/3,13.24,13.31,13.49,13.08,190251245
2015/8/4,13.33,13.66,13.8,12.65,240667175
2015/8/5,13.65,13.86,14.55,13.41,285566768
2015/8/6,13.31,13.24,13.78,13.08,167591879
2015/8/7,13.33,13.4,13.58,13.25,135941979
2015/8/10,14.17,14.74,14.74,14.17,408386736
2015/8/11,14.74,14.41,14.78,14.2,361871600
2015/8/12,14.2,14.86,15.45,14.13,365061664
2015/8/13,14.61,14.97,15.18,14.41,251896988
2015/8/14,15.15,15.11,15.62,15.01,298849056
2015/8/17,14.96,14.86,14.97,14.45,216517768
2015/8/18,14.88,13.37,15.1,13.37,277421040
2015/8/19,12.91,13.5,13.68,12.38,203950814
2015/8/20,13.4,12.97,13.57,12.91,122164712
2015/8/21,12.76,12.4,13.12,12.19,135909072
2015/8/24,11.9,11.16,12,11.16,154145823
2015/8/25,10.04,10.04,10.43,10.04,150842947
2015/8/26,10.04,9.04,10.26,9.04,256398612
2015/8/27,9.3,9.94,9.94,9.11,266673269
2015/8/28,10.1,10.93,10.93,10.03,306385088
2015/8/31,11.09,11.59,11.67,10.38,361570096
2015/9/1,11.1,11.64,11.65,10.62,332582688
2015/9/2,11.1,12.07,12.09,10.88,350014352
2015/9/7,11.83,11.29,12.55,11.27,223934471
2015/9/8,10.94,11.15,11.35,10.32,153630252
2015/9/9,11.36,11.41,11.68,11.22,145896639
2015/9/10,11.2,11.27,11.57,11.11,102302227
2015/9/11,11.35,11.2,11.52,11.11,71929431
2015/9/14,11.2,11.2,11.2,11.2,0
2015/9/15,11.2,11.2,11.2,11.2,0
2015/9/16,11.2,11.2,11.2,11.2,0
2015/9/17,11.2,11.2,11.2,11.2,0
2015/9/18,11.2,11.2,11.2,11.2,0
2015/9/21,12.08,11.99,12.3,11.82,183031323
2015/9/22,12,12.36,12.6,12,186311557
2015/9/23,12.05,11.71,12.16,11.65,143196564
2015/9/24,11.75,11.85,11.96,11.61,87770656
2015/9/25,11.74,11.45,11.8,11.25,80334199
2015/9/28,11.4,11.26,11.43,11,53294685
2015/9/29,11,10.8,11.1,10.74,65765468
2015/9/30,10.99,10.94,11.16,10.92,52014531
2015/10/8,11.4,11.29,11.54,11.23,66334111
2015/10/9,11.39,11.29,11.39,11.11,68044077
2015/10/12,11.35,11.82,12,11.34,136408819
2015/10/13,11.74,11.72,11.77,11.6,95384327
2015/10/14,11.75,11.79,12.15,11.75,141406546
2015/10/15,11.8,11.96,11.97,11.65,128713336
2015/10/16,12.05,12.32,12.45,11.9,209524231
2015/10/19,12.34,12.09,12.5,11.99,177907350
2015/10/20,12.1,13.05,13.29,11.9,203462972
2015/10/21,13.31,13.16,14.2,12.66,461718336
2015/10/22,12.9,13.14,13.33,12.25,253504982
2015/10/23,13.07,12.89,13.07,12.7,161535092
2015/10/26,13.1,12.85,13.34,12.75,132834399
2015/10/27,12.74,12.61,12.74,12.11,118192793
2015/10/28,12.53,12.38,12.89,12.32,99436003
2015/10/29,12.39,12.33,12.58,12.22,74400921
2015/10/30,12.3,12.31,12.54,12.24,75998326
2015/11/2,12.3,12.34,12.68,12.16,89521458
2015/11/3,12.29,12.16,12.45,12.09,67029959
2015/11/4,12.2,12.69,12.78,12.19,142133784
2015/11/5,12.68,13.26,13.9,12.59,396650704
2015/11/6,13.03,13.31,13.55,12.91,247558021
2015/11/9,13.1,13.32,13.67,13.06,215166199
2015/11/10,13.17,13.09,13.29,12.98,155540821
2015/11/11,13.1,13.04,13.28,12.92,126917586
2015/11/12,13.01,12.87,13.09,12.8,113391611
2015/11/13,12.75,12.49,12.84,12.46,106722666
2015/11/16,12.3,12.68,12.8,12.22,90206309
2015/11/17,12.75,12.6,13,12.55,117318742
2015/11/18,12.6,12.35,12.68,12.34,77521987
2015/11/19,12.41,12.47,12.5,12.3,63151905
2015/11/20,12.6,12.65,12.93,12.55,103176028
2015/11/23,12.72,12.67,13,12.55,115017642
2015/11/24,12.68,12.48,12.69,12.3,72637330
2015/11/25,12.48,12.44,12.48,12.33,68091179
2015/11/26,12.67,12.44,12.78,12.4,84991984
2015/11/27,12.33,11.44,12.37,11.21,128334572
2015/11/30,11.43,11.18,11.59,10.63,96606278
2015/12/1,11.27,11.42,11.6,11.07,81970597
2015/12/2,11.42,11.67,11.8,11.19,92100710
2015/12/3,11.56,11.62,11.75,11.42,80111778
2015/12/4,11.8,11.64,11.99,11.53,101626417
2015/12/7,11.55,11.56,11.71,11.42,52166680
2015/12/8,11.48,11.07,11.48,11.02,65282990
2015/12/9,11.05,11.03,11.24,10.97,42497194
2015/12/10,11.04,10.93,11.17,10.91,43280646
2015/12/11,10.93,10.81,10.93,10.61,50556835
2015/12/14,10.68,11.19,11.24,10.6,67908784
2015/12/15,11.2,11.13,11.25,11.08,51982411
2015/12/16,11.13,11.07,11.21,11.06,32867060
2015/12/17,11.09,11.24,11.36,11.09,64842294
2015/12/18,11.56,11.37,11.84,11.35,104761142
2015/12/21,11.38,11.45,11.56,11.28,69461670
2015/12/22,11.46,11.31,11.5,11.22,56859472
2015/12/23,11.31,11.23,11.37,11.22,60678555
2015/12/24,11.21,11.07,11.23,11.01,48200773
2015/12/25,11.1,11.12,11.18,11.01,39067473
2015/12/28,11.17,10.81,11.2,10.8,57151914
2015/12/29,10.81,10.85,10.86,10.75,32898142
2015/12/30,10.9,10.88,10.98,10.82,31849482
2015/12/31,10.88,10.92,11.14,10.85,44203976
2016/1/4,10.93,9.9,10.97,9.88,43009189
2016/1/5,9.63,9.73,10.09,9.35,75766017
2016/1/6,9.75,9.97,10.04,9.75,51183138
2016/1/7,9.97,9.22,9.97,9.08,15436378
2016/1/8,9.5,9.3,9.59,8.88,73142407
2016/1/11,9.14,9.21,9.92,8.98,95074779
2016/1/12,9.32,9.23,9.42,9.01,62101750
2016/1/13,9.36,8.81,9.38,8.74,57258714
2016/1/14,8.5,8.95,9.01,8.41,58337131
2016/1/15,8.88,8.39,8.91,8.31,60469910
2016/1/18,8.4,8.47,8.65,8.33,48844983
2016/1/19,8.47,9.32,9.32,8.36,158139419
2016/1/20,9.26,9.13,9.49,9.05,167045922
2016/1/21,8.88,8.59,9.06,8.55,85240913
2016/1/22,8.76,8.88,9.03,8.52,75405271
2016/1/25,8.92,8.82,8.97,8.75,46889485
2016/1/26,8.7,8.03,8.72,8,73449255
2016/1/27,8.09,7.89,8.16,7.48,69744759
2016/1/28,7.8,7.24,7.84,7.22,52411674
2016/1/29,7.24,7.96,7.96,7.24,93773613
2016/2/1,8,7.66,8.05,7.45,87102058
2016/2/2,7.65,7.81,7.99,7.6,71511571
2016/2/3,7.72,7.74,7.82,7.52,53264588
2016/2/4,7.79,7.82,7.92,7.71,54294938
2016/2/5,7.83,7.73,7.88,7.69,45809796
2016/2/15,7.47,7.59,7.65,7.33,33803515
2016/2/16,7.6,7.9,8.01,7.6,71581683
2016/2/17,8,8.07,8.15,7.88,109384214
2016/2/18,8.1,7.98,8.15,7.94,69335963
2016/2/19,8,7.97,8.06,7.89,45079050
2016/2/22,8.1,8.21,8.24,8,92351417
2016/2/23,8.23,8.06,8.23,7.95,56646197
2016/2/24,8.04,8.28,8.4,8,114964291
2016/2/25,8.2,7.48,8.22,7.45,121083995
2016/2/26,7.58,7.54,7.63,7.34,49256428
2016/2/29,7.53,7.29,7.53,7.01,63020925
2016/3/1,7.31,7.42,7.5,7.21,43132188
2016/3/2,7.49,7.74,7.8,7.4,81235138
2016/3/3,7.71,7.77,7.91,7.66,73676799
2016/3/4,7.73,7.95,7.98,7.7,131295664
2016/3/7,8.3,8.02,8.3,7.9,69515171
2016/3/8,8.01,8.09,8.1,7.65,58820705
2016/3/9,7.85,8.09,8.1,7.75,55667336
2016/3/10,8,7.81,8.05,7.8,35710490
2016/3/11,7.81,7.93,7.95,7.72,36456186
2016/3/14,8,8.03,8.15,7.95,66706352
2016/3/15,8.08,7.98,8.08,7.85,41801692
2016/3/16,7.92,8.07,8.1,7.9,85601779
2016/3/17,8.08,8.09,8.16,8.01,60605313
2016/3/18,8.12,8.19,8.29,8.08,123756385
2016/3/21,8.28,8.42,8.7,8.22,146639833
2016/3/22,8.39,8.29,8.43,8.25,80659804
2016/3/23,8.31,8.25,8.35,8.18,49369718
2016/3/24,8.18,8.11,8.37,8.05,65175814
2016/3/25,8.11,8.13,8.19,8.08,38034246
2016/3/28,8.14,8.05,8.24,8.02,40864917
2016/3/29,8.05,7.85,8.07,7.8,49007152
2016/3/30,7.91,8.03,8.04,7.9,44892097
2016/3/31,8.12,8.05,8.18,8.04,49457065
2016/4/1,8.07,8.21,8.22,7.96,72937103
2016/4/5,8.13,8.24,8.38,8.11,89229001
2016/4/6,8.21,8.18,8.26,8.12,54696233
2016/4/7,8.22,8.06,8.25,8.05,46434137
2016/4/8,8.03,7.97,8.04,7.9,40100739
2016/4/11,7.96,8.1,8.17,7.96,42139287
2016/4/12,8.1,8.04,8.1,7.98,32249914
2016/4/13,8.11,8.18,8.29,8.08,86705446
2016/4/14,8.27,8.25,8.36,8.16,63290651
2016/4/15,8.26,8.19,8.27,8.15,40858076
2016/4/18,8.16,8.04,8.16,8,44836701
2016/4/19,8.12,8.05,8.12,8,30322843
2016/4/20,8.07,7.82,8.08,7.54,82744783
2016/4/21,7.75,7.69,7.83,7.67,32426010
2016/4/22,7.66,7.68,7.72,7.58,26140956
2016/4/25,7.68,7.62,7.68,7.56,18013015
2016/4/26,7.65,7.67,7.75,7.6,26815434
2016/4/27,7.67,7.59,7.68,7.57,22298871
2016/4/28,7.63,7.53,7.64,7.45,25820454
2016/4/29,7.5,7.48,7.56,7.46,21622346
2016/5/3,7.51,7.63,7.64,7.49,28973761
2016/5/4,7.64,7.64,7.7,7.55,28778001
2016/5/5,7.63,7.62,7.65,7.57,21721092
2016/5/6,7.65,7.37,7.66,7.36,42331546
2016/5/9,7.31,7.11,7.31,7.07,39498110
2016/5/10,7.1,7.21,7.3,7.08,34547325
2016/5/11,7.22,7.24,7.37,7.09,39063127
2016/5/12,7.12,7.16,7.23,7.06,24093776
2016/5/13,7.16,7.12,7.24,7.09,19187990
2016/5/16,7.1,7.15,7.17,7.06,22320286
2016/5/17,7.16,7.14,7.18,7.12,21003188
2016/5/18,7.09,7.09,7.12,7.01,34953400
2016/5/19,7.09,7.06,7.14,7.05,17985841
2016/5/20,7.06,7.07,7.07,7.02,19302296
2016/5/23,7.05,7.09,7.11,7.04,22666379
2016/5/24,7.08,7.04,7.08,7.01,20524857
2016/5/25,7.07,7.01,7.08,7.01,19066219
2016/5/26,7.01,6.97,7.06,6.87,28033498
2016/5/27,6.97,6.95,7,6.89,17938989
2016/5/30,6.96,7.09,7.17,6.93,48385269
2016/5/31,7.08,7.25,7.26,7.02,63751871
2016/6/1,7.25,7.21,7.29,7.18,41643859
2016/6/2,7.21,7.21,7.25,7.16,32681440
2016/6/3,7.23,7.19,7.25,7.17,24705768
2016/6/6,7.18,7.16,7.24,7.15,22564403
2016/6/7,7.18,7.13,7.19,7.12,18666288
2016/6/8,7.13,7.08,7.13,7.06,23700742
2016/6/13,6.95,6.74,6.97,6.73,47262282
2016/6/14,6.71,6.73,6.8,6.7,26154811
2016/6/15,6.63,6.79,6.83,6.63,30971307
2016/6/16,6.76,6.75,6.86,6.73,30789810
2016/6/17,6.79,6.75,6.83,6.73,23590002
2016/6/20,6.77,6.74,6.79,6.72,14710527
2016/6/21,6.77,6.74,6.83,6.73,32684715
2016/6/22,6.73,6.77,6.78,6.71,18974805
2016/6/23,6.78,6.76,6.8,6.73,18847223
2016/6/24,6.74,6.59,6.79,6.38,41112864
2016/6/27,6.56,6.63,6.64,6.52,25215946
2016/6/28,6.63,6.65,6.66,6.57,28414427
2016/6/29,6.67,7.06,7.25,6.65,113241291
2016/6/30,7.08,6.97,7.13,6.91,54243969
2016/7/1,6.96,6.93,7.01,6.92,27624789
2016/7/4,6.92,7.02,7.05,6.88,38027893
2016/7/5,7.02,7.15,7.29,7.02,82373909
2016/7/6,7.15,7.05,7.15,7.01,38797827
2016/7/7,7.05,7.01,7.06,6.96,31938782
2016/7/8,7.01,6.99,7.05,6.98,26466192
2016/7/11,6.99,6.99,7.05,6.97,32008808
2016/7/12,6.99,7.12,7.13,6.95,56801793
2016/7/13,7.13,7.19,7.27,7.11,74830365
2016/7/14,7.19,7.09,7.2,7.03,64169330
2016/7/15,7.09,7.07,7.13,7.06,33413248
2016/7/18,7.08,6.97,7.08,6.92,50498014
2016/7/19,6.95,7,7.02,6.92,32735433
2016/7/20,6.98,6.96,7.01,6.93,23080169
2016/7/21,7.02,6.99,7.04,6.94,39011463
2016/7/22,6.96,6.93,6.98,6.9,30552313
2016/7/25,6.92,6.9,6.93,6.87,21291964
2016/7/26,6.9,6.93,6.94,6.86,21956905
2016/7/27,6.95,6.88,7,6.67,55904862
2016/7/28,6.81,6.84,6.91,6.78,29689476
2016/7/29,6.84,6.84,6.9,6.81,25662926
2016/8/1,6.89,6.82,6.89,6.78,25347855
2016/8/2,6.83,6.84,6.86,6.8,14191504
2016/8/3,6.78,6.81,6.84,6.78,14298219
2016/8/4,6.82,6.79,6.82,6.76,15999035
2016/8/5,6.79,6.81,6.84,6.79,18301447
2016/8/8,6.8,6.87,6.88,6.76,19242568
2016/8/9,6.89,7,7.03,6.88,52298394
2016/8/10,7.04,6.96,7.04,6.95,22580370
2016/8/11,6.95,6.91,6.99,6.9,20835744
2016/8/12,6.85,6.97,7,6.77,44214244
2016/8/15,6.96,7.18,7.23,6.93,119483954
2016/8/16,7.18,7.16,7.38,7.15,94163630
2016/8/17,7.16,7.21,7.3,7.1,55643806
2016/8/18,7.36,7.25,7.47,7.21,96448007
2016/8/19,7.24,7.98,7.98,7.22,257955069
2016/8/22,8.2,7.85,8.35,7.82,331117616
2016/8/23,7.71,7.76,7.94,7.67,136991616
2016/8/24,7.75,7.66,7.87,7.61,120995000
2016/8/25,7.52,7.44,7.54,7.38,92138655
2016/8/26,7.48,7.47,7.65,7.42,84201164
2016/8/29,7.45,7.58,7.73,7.4,84519276
2016/8/30,7.59,7.48,7.63,7.44,61519274
2016/8/31,7.53,7.46,7.54,7.4,41753697
2016/9/1,7.47,7.45,7.63,7.4,71250179
2016/9/2,7.4,7.6,7.62,7.4,90457971
2016/9/5,7.62,7.52,7.62,7.48,60412689
2016/9/6,7.48,7.57,7.58,7.41,49629971
2016/9/7,7.57,7.61,7.77,7.53,94124098
2016/9/8,7.57,7.57,7.62,7.52,42778225
2016/9/9,7.62,7.59,7.75,7.58,73812002
2016/9/12,7.39,7.51,7.53,7.29,87470160
2016/9/13,7.45,7.43,7.5,7.36,33267880
2016/9/14,7.36,7.3,7.38,7.29,30705162
2016/9/19,7.31,7.33,7.38,7.3,23783850
2016/9/20,7.33,7.27,7.35,7.25,23318069
2016/9/21,7.26,7.27,7.31,7.25,20344875
2016/9/22,7.34,7.31,7.38,7.3,28978527
2016/9/23,7.3,7.28,7.36,7.26,24945953
2016/9/26,7.26,7.09,7.27,7.08,35382874
2016/9/27,7.08,7.09,7.12,6.98,30761251
2016/9/28,7.1,7.02,7.11,7.01,16966918
2016/9/29,7.05,7.03,7.08,7.02,15853159
2016/9/30,7.04,7.06,7.07,7.02,13998114
2016/10/10,7.1,7.19,7.2,7.09,27140282
2016/10/11,7.2,7.24,7.26,7.17,26006103
2016/10/12,7.2,7.2,7.23,7.17,20306858
2016/10/13,7.2,7.53,7.55,7.16,87451196
2016/10/14,7.45,7.84,7.98,7.43,200468134
2016/10/17,7.8,7.96,8.09,7.64,177063134
2016/10/18,7.88,8.65,8.76,7.86,348928960
2016/10/19,8.64,8.75,8.93,8.46,322129280
2016/10/20,8.67,8.75,8.84,8.61,154804569
2016/10/21,8.69,9.01,9.31,8.68,256416373
2016/10/24,8.93,9.01,9.15,8.9,176951691
2016/10/25,8.99,8.71,9.01,8.62,190961620
2016/10/26,8.68,8.65,8.78,8.56,124132742
2016/10/27,8.65,8.67,8.71,8.53,100855081
2016/10/28,8.65,8.32,8.68,8.3,107328357
2016/10/31,8.35,8.41,8.48,8.28,67125922
2016/11/1,8.41,8.59,8.65,8.4,88992557
2016/11/2,8.59,8.43,8.59,8.36,59096255
2016/11/3,8.43,8.86,9.17,8.38,222390888
2016/11/4,8.8,8.7,8.91,8.6,136899425
2016/11/7,8.71,8.69,8.76,8.5,77385658
2016/11/8,8.75,8.76,9.05,8.56,125651440
2016/11/9,8.69,8.61,8.83,8.41,121755963
2016/11/10,8.72,8.72,9.08,8.71,152468226
2016/11/11,8.63,8.89,9.15,8.63,306389152
2016/11/14,8.84,9.61,9.69,8.84,362679216
2016/11/15,9.58,9.48,9.59,9.34,191318083
2016/11/16,9.42,9.37,9.53,9.24,127631760
2016/11/17,9.3,9.42,9.52,9.21,117469344
2016/11/18,9.5,9.22,9.6,9.18,124581019
2016/11/21,9.18,9.3,9.51,9.13,134302849
2016/11/22,9.3,9.3,9.41,9.23,100990515
2016/11/23,9.36,9.3,9.6,9.25,118775328
2016/11/24,9.28,9.28,9.35,9.16,89231715
2016/11/25,9.28,9.46,9.51,9.11,146500971
2016/11/28,9.53,9.84,10.07,9.4,300809904
2016/11/29,9.8,10.24,10.63,9.68,344992752
2016/11/30,10.1,9.8,10.25,9.72,210326610
2016/12/1,9.77,9.73,9.97,9.6,131683970
2016/12/2,9.69,9.96,10.15,9.62,215151027
2016/12/5,9.68,9.06,9.69,9,222164427
2016/12/6,9.01,9.04,9.21,8.95,91947682
2016/12/7,9.04,9.07,9.08,8.83,80568031
2016/12/8,9.07,8.91,9.07,8.9,53089937
2016/12/9,8.89,9.11,9.25,8.83,117880192
2016/12/12,9.03,8.81,9.03,8.61,120670475
2016/12/13,8.73,8.73,8.92,8.64,74275493
2016/12/14,8.7,8.39,8.78,8.35,101414709
2016/12/15,8.32,8.42,8.46,8.32,55643354
2016/12/16,8.41,8.53,8.62,8.34,59444429
2016/12/19,8.48,8.42,8.6,8.4,40787475
2016/12/20,8.45,8.52,8.6,8.42,47499459
2016/12/21,8.59,8.78,8.88,8.5,100004370
2016/12/22,8.72,8.8,8.88,8.67,55741001
2016/12/23,8.81,8.79,8.94,8.7,52579866
2016/12/26,8.72,8.94,9.09,8.45,73256260
2016/12/27,8.87,8.89,9.14,8.84,77395248
2016/12/28,8.85,8.75,8.9,8.7,40432012
2016/12/29,8.75,8.83,8.91,8.68,49507644
2016/12/30,8.86,8.86,8.9,8.67,42811607
2017/1/3,8.84,8.93,9,8.81,45718952
2017/1/4,8.99,9.18,9.36,8.97,96253546
2017/1/5,9.14,9.19,9.26,9.07,67232790
2017/1/6,9.17,9.09,9.24,9.08,50828141
2017/1/9,9.07,9.12,9.15,9.04,49226770
2017/1/10,9.1,8.91,9.1,8.9,58547260
2017/1/11,8.9,8.84,9.03,8.78,49614652
2017/1/12,8.84,8.88,8.99,8.8,36829671
2017/1/13,8.88,8.96,8.99,8.79,49164664
2017/1/16,8.86,9.05,9.11,8.47,147557666
2017/1/17,8.97,8.95,9,8.89,29394090
2017/1/18,8.95,9,9.07,8.94,53717166
2017/1/19,8.95,8.79,8.99,8.77,43195461
2017/1/20,8.78,8.82,8.86,8.74,26667582
2017/1/23,8.82,8.86,8.91,8.82,26760073
2017/1/24,8.87,8.83,8.9,8.8,28715117
2017/1/25,8.85,8.88,8.93,8.83,27129109
2017/1/26,8.89,8.86,8.94,8.81,31151871
2017/2/3,8.85,8.85,8.91,8.83,19473644
2017/2/6,8.88,8.93,8.99,8.85,44424921
2017/2/7,8.94,8.9,8.97,8.87,24441292
2017/2/8,8.87,8.9,8.91,8.79,32116842
2017/2/9,8.88,9.14,9.19,8.87,133002846
2017/2/10,9.14,9.28,9.5,9.1,170557163
2017/2/13,9.24,9.22,9.45,9.13,138399871
2017/2/14,9.22,9.29,9.3,9.15,91635775
2017/2/15,9.31,9.13,9.38,9.1,113706744
2017/2/16,9.09,9.15,9.2,9.08,74796031
2017/2/17,9.12,9.03,9.16,9,70684660
2017/2/20,9.05,9.13,9.19,9.05,89845962
2017/2/21,9.15,9.11,9.17,9.08,65732004
2017/2/22,9.12,9.12,9.14,9.03,56829509
2017/2/23,9.12,9.1,9.15,9.03,55892051
2017/2/24,9.05,9.08,9.08,8.95,63123006
2017/2/27,8.99,8.96,9.12,8.94,55817604
2017/2/28,8.96,9.04,9.05,8.95,45732071
2017/3/1,9.04,9.03,9.12,9,68611162
2017/3/2,9.08,8.87,9.09,8.85,67753201
2017/3/3,8.83,8.87,8.88,8.72,59139896
2017/3/6,8.9,8.85,8.91,8.8,32533590
2017/3/7,8.85,8.8,8.86,8.78,32214484
2017/3/8,8.8,8.84,8.92,8.78,37952708
2017/3/9,8.8,8.8,8.83,8.7,45832709
2017/3/10,8.75,8.7,8.79,8.7,25828369
2017/3/13,8.69,8.72,8.74,8.61,35789443
2017/3/14,8.71,8.71,8.75,8.67,30698051
2017/3/15,8.69,8.73,8.78,8.63,38626297
2017/3/16,8.74,8.79,8.81,8.74,37825033
2017/3/17,8.81,8.75,8.87,8.7,49421358
2017/3/20,8.75,8.83,8.86,8.72,47473362
2017/3/21,8.83,8.93,8.98,8.81,74089683
2017/3/22,8.91,8.98,9.1,8.86,87530750
2017/3/23,8.98,8.94,9.01,8.83,56536570
2017/3/24,8.93,9.15,9.34,8.88,200231303
2017/3/27,9.14,9.05,9.22,9.04,92069127
2017/3/28,9.05,8.99,9.11,8.95,59503280
2017/3/29,9,9.06,9.17,8.96,89271910
2017/3/30,9.05,9.06,9.15,8.91,97068389
2017/3/31,9,8.81,9.04,8.77,85762033
2017/4/5,8.99,9.2,9.29,8.93,216494443
2017/4/6,9.28,9.69,9.97,9.16,307815824
2017/4/7,9.68,9.55,9.68,9.42,207030024
2017/4/10,9.57,9.55,9.76,9.44,181462197
2017/4/11,9.51,9.65,9.75,9.35,247900549
2017/4/12,9.54,9.39,9.54,9.3,145053125
2017/4/13,9.36,9.28,9.38,9.24,94954220
2017/4/14,9.27,9.17,9.36,9.11,117029432
2017/4/17,9.19,9.22,9.3,9.14,85682054
2017/4/18,9.29,9.24,9.37,9.19,106236473
2017/4/19,9.19,9.22,9.28,8.98,124672015
2017/4/20,9.19,9.3,9.34,9.12,115042514
2017/4/21,9.32,9.29,9.37,9.12,109382744
2017/4/24,9.24,9.08,9.24,8.76,153003556
2017/4/25,8.95,8.86,9.04,8.85,64383481
2017/4/26,8.86,8.79,8.93,8.78,51818751
2017/4/27,8.75,8.79,8.82,8.45,98962036
2017/4/28,8.72,8.78,8.79,8.65,55669890
2017/5/2,8.8,8.84,8.95,8.76,44828764
2017/5/3,8.86,8.79,8.9,8.73,40485614
2017/5/4,8.75,8.87,9.02,8.62,74905280
2017/5/5,8.81,8.89,8.9,8.71,74495420
2017/5/8,8.86,8.97,9,8.56,126810337
2017/5/9,8.91,8.9,8.97,8.81,43106892
2017/5/10,8.9,8.77,8.96,8.63,61620702
2017/5/11,8.68,8.86,8.92,8.62,77744339
2017/5/12,8.85,8.86,8.95,8.8,47250560
2017/5/15,8.88,8.81,9.02,8.81,52223740
2017/5/16,8.69,8.66,8.72,8.47,77793158
2017/5/17,8.64,8.62,8.67,8.56,40433283
2017/5/18,8.51,8.58,8.63,8.5,39852109
2017/5/19,8.56,8.53,8.59,8.48,28500827
2017/5/22,8.57,8.6,8.62,8.4,53295523
2017/5/23,8.56,8.71,8.72,8.43,67852537
2017/5/24,8.66,8.73,8.74,8.57,39746200
2017/5/25,8.7,8.77,8.82,8.67,39619536
2017/5/26,8.77,8.8,8.85,8.76,36306046
2017/5/31,8.81,8.91,8.94,8.76,57511142
2017/6/1,8.86,9.02,9.05,8.81,84607500
2017/6/2,9,8.96,9.05,8.92,38607922
2017/6/5,8.93,8.89,8.98,8.87,25798412
2017/6/6,8.89,8.91,8.94,8.86,21144066
2017/6/7,8.91,8.95,8.98,8.88,26429672
2017/6/8,8.95,8.89,8.95,8.87,22765905
2017/6/9,8.94,9.03,9.05,8.88,62083440
2017/6/12,9.02,8.96,9.03,8.9,35550272
2017/6/13,8.91,8.89,8.92,8.83,27169873
2017/6/14,8.85,8.73,8.88,8.72,35914747
2017/6/15,8.71,8.78,8.79,8.7,23390252
2017/6/16,8.79,8.71,8.81,8.7,23855294
2017/6/19,8.71,8.75,8.77,8.71,19381732
2017/6/20,8.76,8.72,8.77,8.71,20393913
2017/6/21,8.75,8.74,8.79,8.71,24307290
2017/6/22,8.73,8.75,8.83,8.71,41150075
2017/6/23,8.73,8.67,8.74,8.6,34865929
2017/6/26,8.67,8.75,8.77,8.65,26795867
2017/6/27,8.75,8.78,8.79,8.72,30498718
2017/6/28,8.74,8.73,8.81,8.72,27194663
2017/6/29,8.74,8.73,8.77,8.71,24561288
2017/6/30,8.7,8.67,8.71,8.65,19180184
2017/7/3,8.67,8.69,8.69,8.64,17195977
2017/7/4,8.7,8.68,8.76,8.67,20884344
2017/7/5,8.68,8.7,8.71,8.65,16100455
2017/7/6,8.7,8.66,8.71,8.63,22448209
2017/7/7,8.66,8.64,8.67,8.61,17116398
2017/7/10,8.66,8.7,8.74,8.61,32386232
2017/7/11,8.69,8.65,8.71,8.63,23731680
2017/7/12,8.64,8.66,8.7,8.6,32172042
2017/7/13,8.65,8.8,8.85,8.63,78132278
2017/7/14,8.81,8.82,8.93,8.79,55455016
2017/7/17,8.84,8.72,8.89,8.56,57659094
2017/7/18,8.72,8.98,8.99,8.7,83874917
2017/7/19,8.99,9,9.13,8.96,107731727
2017/7/20,8.99,9.08,9.17,8.95,77960012
2017/7/21,9.07,9,9.17,8.97,58233346
2017/7/24,8.99,8.98,9.09,8.88,42954435
2017/7/25,8.96,8.87,8.99,8.82,41904734
2017/7/26,8.88,8.89,8.9,8.8,35122497
2017/7/27,8.84,8.86,8.88,8.78,31795370
2017/7/28,8.85,8.86,8.89,8.81,22979027
2017/7/31,8.86,8.86,8.9,8.8,27392172
2017/8/1,8.86,8.89,8.93,8.82,38090874
2017/8/2,8.89,8.73,8.9,8.7,57273713
2017/8/3,8.71,8.68,8.75,8.67,36726153
2017/8/4,8.62,8.63,8.67,8.61,23382246
2017/8/7,8.64,8.63,8.67,8.61,23838395
2017/8/8,8.64,8.65,8.67,8.61,30073505
2017/8/9,8.64,8.58,8.64,8.56,33279415
2017/8/10,8.58,8.53,8.61,8.51,32380780
2017/8/11,8.5,8.43,8.52,8.42,32427103
2017/8/14,8.43,8.52,8.54,8.41,22987528
2017/8/15,8.52,8.49,8.55,8.43,24321466
2017/8/16,8.46,8.46,8.48,8.43,16904724
2017/8/17,8.5,8.58,8.63,8.48,35902515
2017/8/18,8.55,8.55,8.59,8.51,26740605
2017/8/21,8.58,8.57,8.6,8.53,19787808
2017/8/22,8.57,8.54,8.57,8.52,17139139
2017/8/23,8.54,8.52,8.54,8.49,17027986
2017/8/24,8.53,8.48,8.54,8.47,15256398
2017/8/25,8.48,8.61,8.65,8.48,41252196
2017/8/28,8.65,8.72,8.77,8.62,63906841
2017/8/29,8.7,8.66,8.73,8.64,26164044
2017/8/30,8.67,8.73,8.75,8.63,31097408
2017/8/31,8.79,8.81,8.96,8.78,58291891
2017/9/1,8.82,8.77,8.9,8.72,46583142
2017/9/4,8.76,8.82,8.85,8.73,35965695
2017/9/5,8.82,8.81,8.87,8.78,27252642
2017/9/6,8.8,8.94,9.14,8.71,129794321
2017/9/7,8.92,8.82,8.95,8.82,49288742
2017/9/8,8.8,8.83,8.88,8.8,26104691
2017/9/11,8.88,8.84,8.91,8.8,25354534
2017/9/12,8.84,8.79,8.86,8.75,30182903
2017/9/13,8.79,8.89,8.94,8.75,37923764
2017/9/14,8.9,8.87,8.99,8.84,30473403
2017/9/15,8.86,8.85,8.96,8.8,30624276
2017/9/18,8.9,8.97,8.97,8.86,45089014
2017/9/19,8.99,8.87,8.99,8.86,26112221
2017/9/20,8.86,8.87,8.89,8.81,21851501
2017/9/21,8.86,8.87,8.97,8.84,23514854
2017/9/22,8.84,8.71,8.89,8.71,31734602
2017/9/25,8.68,8.62,8.73,8.61,17309969
2017/9/26,8.61,8.7,8.73,8.6,15789628
2017/9/27,8.73,8.65,8.78,8.64,26995136
2017/9/28,8.66,8.65,8.71,8.58,24729621
2017/9/29,8.67,8.65,8.67,8.61,17370919
2017/10/9,8.77,8.71,8.79,8.69,21244039
2017/10/10,8.7,8.74,8.75,8.68,17162299
2017/10/11,8.75,8.75,8.79,8.72,19250611
2017/10/12,8.75,8.7,8.75,8.68,15434189
2017/10/13,8.68,8.68,8.72,8.67,14603967
2017/10/16,8.7,8.78,8.88,8.68,46618358
2017/10/17,8.76,8.82,8.87,8.75,30094378
2017/10/18,8.85,8.77,8.87,8.76,22017754
2017/10/19,8.79,8.59,8.8,8.58,32588510
2017/10/20,8.57,8.59,8.63,8.54,17155763
2017/10/23,8.59,8.57,8.61,8.55,17699133
2017/10/24,8.57,8.78,8.81,8.55,51514851
2017/10/25,8.8,8.78,8.86,8.76,41914459
2017/10/26,8.8,9.08,9.17,8.74,174415351
2017/10/27,9.05,8.98,9.15,8.95,77903033
2017/10/30,8.99,9.03,9.19,8.9,118692798
2017/10/31,8.96,8.95,9.06,8.87,86378195
2017/11/1,8.92,9.28,9.34,8.9,207361209
2017/11/2,9.23,9.3,9.31,9.12,147008506
2017/11/3,9.25,9.25,9.32,9.01,142501000
2017/11/6,9.17,9.07,9.19,9.01,81947953
2017/11/7,9.05,9.05,9.2,9,102464065
2017/11/8,9.05,9.03,9.08,8.95,74378732
2017/11/9,9,9.05,9.07,8.96,58573015
2017/11/10,9,8.8,9.02,8.78,109616367
2017/11/13,8.75,8.68,8.82,8.65,78707515
2017/11/14,8.68,8.62,8.73,8.61,49389543
2017/11/15,8.61,8.63,8.69,8.58,38124428
2017/11/16,8.67,8.51,8.68,8.5,53033049
2017/11/17,8.47,8.73,8.76,8.4,115947600
2017/11/20,8.67,8.69,8.74,8.59,42463709
2017/11/21,8.65,8.71,8.83,8.65,49607718
2017/11/22,8.7,8.92,9.02,8.69,111066282
2017/11/23,8.96,8.65,8.99,8.6,82403324
2017/11/24,8.59,8.67,8.74,8.5,42749001
2017/11/27,8.69,8.69,8.91,8.65,50964283
2017/11/28,8.69,8.65,8.69,8.53,29902705
2017/11/29,8.64,8.65,8.7,8.53,35458100
2017/11/30,8.61,8.65,8.75,8.6,33021707
2017/12/1,8.67,8.65,8.68,8.54,31048179
2017/12/4,8.59,8.66,8.69,8.57,25695940
2017/12/5,8.66,8.85,8.92,8.62,114450524
2017/12/6,8.83,8.8,8.88,8.75,40541426
2017/12/7,8.77,8.8,8.88,8.7,37912865
2017/12/8,8.78,8.72,8.8,8.68,39520652
2017/12/11,8.71,8.68,8.72,8.63,31966784
2017/12/12,8.67,8.62,8.69,8.57,25327955
2017/12/13,8.62,8.63,8.65,8.59,14327113
2017/12/14,8.66,8.56,8.68,8.55,22660553
2017/12/15,8.56,8.53,8.59,8.45,30752682
2017/12/18,8.55,8.55,8.56,8.47,16471707
2017/12/19,8.56,8.55,8.58,8.52,13816494
2017/12/20,8.59,8.59,8.64,8.55,26396761
2017/12/21,8.55,8.53,8.57,8.46,22495045
2017/12/22,8.53,8.52,8.56,8.51,12289302
2017/12/25,8.52,8.52,8.59,8.48,16334982
2017/12/26,8.5,8.55,8.57,8.46,24652475
2017/12/27,8.52,8.48,8.53,8.45,26266623
2017/12/28,8.46,8.4,8.46,8.39,29442030
2017/12/29,8.39,8.39,8.44,8.37,18029562
2018/1/2,8.41,8.51,8.54,8.41,29959699
2018/1/3,8.52,8.56,8.58,8.51,29872219
2018/1/4,8.58,8.51,8.58,8.48,30558676
2018/1/5,8.52,8.63,8.65,8.5,52593979
2018/1/8,8.65,8.61,8.66,8.55,32149605
2018/1/9,8.59,8.55,8.61,8.52,28679555
2018/1/10,8.56,8.58,8.64,8.53,32555188
2018/1/11,8.58,8.57,8.62,8.55,25297474
2018/1/12,8.56,8.49,8.57,8.48,24194046
2018/1/15,8.49,8.4,8.5,8.39,31339589
2018/1/16,8.39,8.46,8.47,8.38,23336806
2018/1/17,8.46,8.53,8.61,8.46,46001855
2018/1/18,8.51,8.73,8.79,8.47,102684994
2018/1/19,8.7,8.67,8.73,8.61,58043797
2018/1/22,8.66,8.68,8.7,8.61,35277904
2018/1/23,8.64,8.69,8.7,8.58,52945749
2018/1/24,8.72,8.78,8.9,8.7,82494884
2018/1/25,8.79,8.71,8.82,8.68,54003660
2018/1/26,8.72,8.77,8.84,8.69,58960969
2018/1/29,8.77,8.7,8.86,8.68,51099183
2018/1/30,8.7,8.57,8.76,8.56,37473528
2018/1/31,8.54,8.49,8.57,8.45,36072032
2018/2/1,8.5,8.62,8.63,8.45,56565968
2018/2/2,8.56,8.59,8.63,8.5,33063012
2018/2/5,8.5,8.66,8.67,8.48,38090686
2018/2/6,8.56,8.66,8.88,8.52,130440815
2018/2/7,8.76,8.72,8.86,8.59,122583120
2018/2/8,8.65,8.16,8.82,7.91,157504256
2018/2/9,7.8,7.69,7.8,7.34,139165531
2018/2/12,7.56,7.52,7.66,7.41,51589532
2018/2/13,7.6,7.5,7.64,7.49,38002513
2018/2/14,7.52,7.46,7.54,7.43,24781977
2018/2/22,7.51,7.58,7.58,7.47,29668084
2018/2/23,7.6,7.63,7.66,7.55,31817763
2018/2/26,7.65,7.7,7.71,7.57,37777305
2018/2/27,7.72,7.68,7.72,7.6,39925324
2018/2/28,7.65,7.62,7.66,7.58,20512470
2018/3/1,7.59,7.62,7.65,7.56,26227515
2018/3/2,7.56,7.57,7.61,7.54,20359863
2018/3/5,7.55,7.59,7.62,7.53,19711502
2018/3/6,7.61,7.67,7.67,7.57,27363691
2018/3/7,7.66,7.63,7.68,7.57,24997838
2018/3/8,7.62,7.61,7.65,7.59,13804615
2018/3/9,7.64,7.63,7.65,7.59,19223141
2018/3/12,7.65,7.66,7.67,7.62,30745763
2018/3/13,7.66,7.6,7.67,7.57,27696414
2018/3/14,7.58,7.51,7.58,7.51,22528669
2018/3/15,7.48,7.52,7.53,7.47,14726777
2018/3/16,7.5,7.48,7.53,7.46,18537298
2018/3/19,7.47,7.48,7.5,7.45,14676767
2018/3/20,7.45,7.49,7.5,7.42,17340353
2018/3/21,7.5,7.49,7.51,7.43,22626713
2018/3/22,7.47,7.47,7.5,7.42,22422788
2018/3/23,7.38,7.46,7.48,7.2,62322178
2018/3/26,7.36,7.36,7.41,7.27,17775322
2018/3/27,7.43,7.39,7.44,7.36,16815082
2018/3/28,7.35,7.35,7.38,7.3,17599798
2018/3/29,7.34,7.38,7.4,7.3,15729610
2018/3/30,7.39,7.37,7.43,7.37,12794113
2018/4/2,7.4,7.41,7.47,7.38,19625232
2018/4/3,7.38,7.39,7.42,7.36,16963001
2018/4/4,7.41,7.37,7.45,7.37,15180245
2018/4/9,7.36,7.41,7.43,7.34,14644611
2018/4/10,7.44,7.54,7.55,7.41,24578180
2018/4/11,7.56,7.5,7.58,7.48,16405671
2018/4/12,7.5,7.49,7.54,7.48,13558458
2018/4/13,7.5,7.46,7.55,7.45,12816593
2018/4/16,7.51,7.38,7.51,7.36,17602407
2018/4/17,7.38,7.31,7.44,7.3,15259075
2018/4/18,7.38,7.39,7.41,7.3,16473113
2018/4/19,7.39,7.42,7.45,7.37,11841501
2018/4/20,7.39,7.29,7.44,7.28,16242696
2018/4/23,7.26,7.3,7.34,7.25,10824944
2018/4/24,7.27,7.44,7.54,7.27,21439612
2018/4/25,7.4,7.4,7.47,7.39,10623055
2018/4/26,7.45,7.32,7.45,7.3,11973772
2018/4/27,7.37,7.4,7.4,7.32,12589314
2018/5/2,7.45,7.45,7.54,7.43,18496267
2018/5/3,7.43,7.51,7.52,7.41,18837037
2018/5/4,7.53,7.47,7.53,7.45,10796153
2018/5/7,7.47,7.47,7.47,7.47,0
2018/5/8,7.47,7.47,7.47,7.47,0
2018/5/9,7.47,7.47,7.47,7.47,0
2018/5/10,7.47,7.47,7.47,7.47,0
2018/5/11,7.47,7.47,7.47,7.47,0
2018/5/14,7.47,7.47,7.47,7.47,0
2018/5/15,7.47,7.47,7.47,7.47,0
2018/5/16,7.47,7.47,7.47,7.47,0
2018/5/17,7.47,7.47,7.47,7.47,0
2018/5/18,7.47,7.47,7.47,7.47,0
2018/5/21,7.47,7.47,7.47,7.47,0
2018/5/22,7.47,7.47,7.47,7.47,0
2018/5/23,7.47,7.47,7.47,7.47,0
2018/5/24,7.47,7.47,7.47,7.47,0
2018/5/25,7.47,7.47,7.47,7.47,0
2018/5/28,7.47,7.47,7.47,7.47,0
2018/5/29,7.47,7.47,7.47,7.47,0
2018/5/30,7.47,7.47,7.47,7.47,0
2018/5/31,7.47,7.47,7.47,7.47,0
2018/6/1,7.47,7.47,7.47,7.47,0
2018/6/4,7.47,7.47,7.47,7.47,0
2018/6/5,7.47,7.47,7.47,7.47,0
2018/6/6,7.47,7.47,7.47,7.47,0
2018/6/7,7.47,7.47,7.47,7.47,0
2018/6/8,7.47,7.47,7.47,7.47,0
2018/6/11,7.47,7.47,7.47,7.47,0
2018/6/12,7.47,7.47,7.47,7.47,0
2018/6/13,7.47,7.47,7.47,7.47,0
2018/6/14,7.47,7.47,7.47,7.47,0
2018/6/15,7.47,7.47,7.47,7.47,0
2018/6/19,7.47,7.47,7.47,7.47,0
2018/6/20,7.47,7.47,7.47,7.47,0
2018/6/21,7.47,7.47,7.47,7.47,0
2018/6/22,7.47,7.47,7.47,7.47,0
2018/6/25,7.47,7.47,7.47,7.47,0
2018/6/26,7.47,7.47,7.47,7.47,0
2018/6/27,7.47,7.47,7.47,7.47,0
2018/6/28,7.47,7.47,7.47,7.47,0
2018/6/29,7.47,7.47,7.47,7.47,0
2018/7/2,7.47,7.47,7.47,7.47,0
2018/7/3,7.47,7.47,7.47,7.47,0
2018/7/4,7.47,7.47,7.47,7.47,0
2018/7/5,7.47,7.47,7.47,7.47,0
2018/7/6,7.47,7.47,7.47,7.47,0
2018/7/9,7.47,7.47,7.47,7.47,0
2018/7/10,7.47,7.47,7.47,7.47,0
2018/7/11,7.47,7.47,7.47,7.47,0
2018/7/12,7.47,7.47,7.47,7.47,0
2018/7/13,7.47,7.47,7.47,7.47,0
2018/7/16,7.47,7.47,7.47,7.47,0
2018/7/17,7.47,7.47,7.47,7.47,0
2018/7/18,7.36,7.36,7.36,7.36,0
2018/7/19,7.36,7.36,7.36,7.36,0
2018/7/20,7.36,7.36,7.36,7.36,0
2018/7/23,7.36,7.36,7.36,7.36,0
2018/7/24,7.36,7.36,7.36,7.36,0
2018/7/25,7.36,7.36,7.36,7.36,0
2018/7/26,7.36,7.36,7.36,7.36,0
2018/7/27,7.36,7.36,7.36,7.36,0
2018/7/30,7.36,7.36,7.36,7.36,0
2018/7/31,7.36,7.36,7.36,7.36,0
2018/8/1,7.36,7.36,7.36,7.36,0
2018/8/2,7.36,7.36,7.36,7.36,0
2018/8/3,7.36,7.36,7.36,7.36,0
2018/8/6,7.36,7.36,7.36,7.36,0
2018/8/7,7.36,7.36,7.36,7.36,0
2018/8/8,7.36,7.36,7.36,7.36,0
2018/8/9,7.36,7.36,7.36,7.36,0
2018/8/10,7.36,7.36,7.36,7.36,0
2018/8/13,7.36,7.36,7.36,7.36,0
2018/8/14,7.36,7.36,7.36,7.36,0
2018/8/15,7.36,7.36,7.36,7.36,0
2018/8/16,7.36,7.36,7.36,7.36,0
2018/8/17,7.36,7.36,7.36,7.36,0
2018/8/20,7.25,6.96,7.36,6.88,73578783
2018/8/21,6.91,7.32,7.47,6.89,60903070
2018/8/22,7.22,7.13,7.28,7.1,31870352
2018/8/23,7.13,7.09,7.16,6.97,27055608
2018/8/24,7.09,7.01,7.1,7,14181976
2018/8/27,7.08,7.15,7.17,7.03,22700366
2018/8/28,7.14,7.18,7.2,7.13,17344839
2018/8/29,7.18,7.15,7.23,7.12,12757460
2018/8/30,7.14,7.02,7.18,7.01,17258565
2018/8/31,7.01,7.18,7.25,7.01,28402378
2018/9/3,7.18,7.21,7.23,7.13,19625297
2018/9/4,7.2,7.27,7.29,7.16,19430131
2018/9/5,7.2,7.09,7.28,7.09,14577515
2018/9/6,7.08,7.11,7.21,7.05,15023648
2018/9/7,7.1,7.18,7.22,7.08,24543405
2018/9/10,7.16,7.11,7.21,7.1,14671517
2018/9/11,7.17,7.13,7.17,7.08,13735259
2018/9/12,7.08,7.13,7.16,7.06,13603636
2018/9/13,7.23,7.23,7.27,7.15,17872014
2018/9/14,7.27,7.22,7.27,7.18,10795539
2018/9/17,7.2,7.17,7.21,7.12,12155310
2018/9/18,7.13,7.6,7.78,7.13,67652625
2018/9/19,7.52,7.54,7.61,7.44,41157252
2018/9/20,7.56,7.54,7.61,7.5,26928899
2018/9/21,7.56,7.63,7.68,7.53,32789304
2018/9/25,7.58,7.68,7.69,7.54,25648836
2018/9/26,7.67,7.58,7.71,7.55,35338576
2018/9/27,7.63,7.72,7.79,7.57,51403087
2018/9/28,7.73,7.77,7.84,7.67,32001676
2018/10/8,7.65,7.75,7.92,7.64,43910666
2018/10/9,7.69,7.76,7.81,7.58,25842248
2018/10/10,7.79,7.9,8.07,7.75,43397259
2018/10/11,7.68,7.53,7.85,7.4,49667647
2018/10/12,7.54,7.79,7.82,7.54,41909651
2018/10/15,7.73,7.6,7.91,7.58,38799621
2018/10/16,7.63,7.5,7.76,7.44,24185018
2018/10/17,7.61,7.69,7.77,7.57,35798565
2018/10/18,7.65,7.38,7.7,7.31,35686764
2018/10/19,7.38,7.43,7.5,7.21,35147594
2018/10/22,7.46,7.64,7.79,7.42,48308743
2018/10/23,7.61,7.49,7.74,7.42,42848735
2018/10/24,7.49,7.28,7.53,7.21,42923900
2018/10/25,7.16,7.2,7.21,7.05,33070161
2018/10/26,7.23,7.16,7.28,7.11,28423330
2018/10/29,7.24,7.11,7.26,7.06,28248763
2018/10/30,7.2,7.13,7.2,7.08,24855315
2018/10/31,7.18,7.39,7.57,7.14,81531867
2018/11/1,7.59,7.41,7.64,7.38,57502937
2018/11/2,7.47,7.65,7.74,7.47,90856680
2018/11/5,7.65,7.62,7.71,7.56,36279629
2018/11/6,7.59,7.56,7.64,7.49,23890962
2018/11/7,7.56,7.52,7.6,7.48,24826826
2018/11/8,7.59,7.42,7.62,7.41,32132891
2018/11/9,7.4,7.29,7.42,7.27,24758785
2018/11/12,7.29,7.35,7.37,7.28,26368266
2018/11/13,7.25,7.34,7.35,7.17,45538052
2018/11/14,7.32,7.28,7.34,7.27,28969479
2018/11/15,7.29,7.39,7.45,7.28,44422805
2018/11/16,7.41,7.41,7.44,7.37,43330025
2018/11/19,7.44,7.55,7.55,7.41,39671588
2018/11/20,7.54,7.46,7.66,7.45,41487586
2018/11/21,7.41,7.48,7.62,7.39,37974905
2018/11/22,7.49,7.44,7.55,7.41,36243062
2018/11/23,7.48,7.35,7.59,7.35,42857229
2018/11/26,7.38,7.25,7.4,7.2,29328444
2018/11/27,7.25,7.23,7.3,7.2,20546745
2018/11/28,7.2,7.26,7.29,7.2,24037744
2018/11/29,7.32,7.15,7.35,7.15,38663768
2018/11/30,7.16,7.18,7.21,7.13,31056017
2018/12/3,7.33,7.25,7.34,7.21,53251714
2018/12/4,7.22,7.27,7.31,7.21,33300701
2018/12/5,7.21,7.18,7.24,7.17,27433482
2018/12/6,7.1,7.1,7.15,7.08,30786563
2018/12/7,7.1,7.17,7.25,7.09,38534382
2018/12/10,7.15,7.2,7.28,7.13,40632393
2018/12/11,7.25,7.17,7.25,7.12,24132601
2018/12/12,7.21,7.24,7.25,7.18,23877643
2018/12/13,7.25,7.52,7.63,7.23,114470478
2018/12/14,7.47,7.38,7.57,7.36,89530996
2018/12/17,7.41,7.47,7.54,7.4,54838157
2018/12/18,7.43,7.35,7.52,7.29,39301245
2018/12/19,7.38,7.29,7.42,7.28,26395217
2018/12/20,7.3,7.15,7.34,7.11,44533935
2018/12/21,7.13,7.15,7.18,7.11,26780922
2018/12/24,7.15,7.12,7.2,7.1,33316605
2018/12/25,7.05,6.93,7.05,6.82,40940928
2018/12/26,6.95,6.92,7.02,6.9,20057043
2018/12/27,7.02,6.92,7.04,6.88,36840686
2018/12/28,6.91,6.99,7.01,6.88,41954266
2019/1/2,7,6.87,7.04,6.8,37008995
2019/1/3,6.88,6.92,6.94,6.84,32593395
2019/1/4,6.86,7.01,7.02,6.85,40511613
2019/1/7,7.05,7.04,7.13,7.01,45759033
2019/1/8,7.04,7.05,7.1,7.03,22343002
2019/1/9,7.1,7.07,7.19,7.04,43018049
2019/1/10,7.05,7.02,7.08,7,23063529
2019/1/11,7.04,7.06,7.1,7.02,18371288
2019/1/14,7.05,7.01,7.06,7,23326003
2019/1/15,7.03,7.06,7.11,7.02,28628952
2019/1/16,7.08,7.06,7.09,7.03,17537251
2019/1/17,7.08,7.02,7.09,7.01,17974836
2019/1/18,7.06,7.07,7.09,7.01,28238187
2019/1/21,7.06,7.05,7.12,7.04,27551429
2019/1/22,7.05,6.91,7.05,6.9,35072930
2019/1/23,6.91,6.86,6.93,6.86,21267449
2019/1/24,6.88,6.72,6.88,6.62,70837332
2019/1/25,6.71,6.74,6.76,6.69,39181012
2019/1/28,6.74,6.71,6.81,6.68,30887899
2019/1/29,6.71,6.72,6.72,6.6,43879590
2019/1/30,6.72,6.69,6.74,6.64,36904962
2019/1/31,6.7,6.69,6.73,6.63,47836026
2019/2/1,6.69,6.72,6.72,6.65,34590712
2019/2/11,6.71,6.8,6.8,6.71,55590118
2019/2/12,6.8,6.85,6.88,6.77,52840065
2019/2/13,6.86,6.94,6.97,6.8,82805956
2019/2/14,6.93,6.94,6.98,6.9,52903721
2019/2/15,6.93,6.86,6.96,6.86,41844323
2019/2/18,6.9,7.01,7.02,6.9,66772489
2019/2/19,7.02,7,7.08,6.95,56335872
2019/2/20,7.01,7.01,7.02,6.95,43891230
2019/2/21,6.98,7.01,7.09,6.96,70449010
2019/2/22,6.98,7.05,7.05,6.94,59447291
2019/2/25,7.08,7.38,7.38,7.04,183162061
2019/2/26,7.35,7.47,7.88,7.28,223513468
2019/2/27,7.56,7.44,7.66,7.36,143048472
2019/2/28,7.42,7.36,7.48,7.33,77785641
2019/3/1,7.39,7.46,7.47,7.35,79018002
2019/3/4,7.54,7.52,7.68,7.47,167852165
2019/3/5,7.48,7.57,7.66,7.44,133954425
2019/3/6,7.58,7.64,7.75,7.53,187705961
2019/3/7,7.67,7.61,7.77,7.57,180018497
2019/3/8,7.5,7.24,7.5,7.23,143492341
2019/3/11,7.24,7.37,7.37,7.17,120847037
2019/3/12,7.4,7.42,7.5,7.33,138184189
2019/3/13,7.39,7.37,7.43,7.3,102134277
2019/3/14,7.36,7.28,7.42,7.21,79418890
2019/3/15,7.3,7.29,7.38,7.24,167630188
2019/3/18,7.33,7.55,7.57,7.31,187457071
2019/3/19,7.58,7.48,7.61,7.44,119393749
2019/3/20,7.45,7.43,7.49,7.3,98195748
2019/3/21,7.42,7.4,7.46,7.38,88067684
2019/3/22,7.43,7.38,7.44,7.31,77135540
2019/3/25,7.3,7.29,7.34,7.27,104948539
2019/3/26,7.33,7.17,7.35,7.13,79557842
2019/3/27,7.21,7.16,7.21,7.13,61689902
2019/3/28,7.15,7.12,7.25,7.08,70120840
2019/3/29,7.15,7.27,7.28,7.11,98977776
2019/4/1,7.31,7.36,7.41,7.27,190627258
2019/4/2,7.39,7.35,7.41,7.32,146513527
2019/4/3,7.34,7.49,7.56,7.31,199956978
2019/4/4,7.5,7.49,7.57,7.39,187521849
2019/4/8,7.51,7.49,7.64,7.41,167246468
2019/4/9,7.51,7.58,7.67,7.43,193592004
2019/4/10,7.55,7.49,7.58,7.46,129106831
2019/4/11,7.52,7.36,7.53,7.36,100396173
2019/4/12,7.38,7.4,7.49,7.3,89792208
2019/4/15,7.48,7.4,7.55,7.4,117598337
2019/4/16,7.43,7.53,7.53,7.35,132248208
2019/4/17,7.52,7.49,7.57,7.47,98208567
2019/4/18,7.5,7.52,7.56,7.45,88077990
2019/4/19,7.54,7.55,7.6,7.46,100578254
2019/4/22,7.68,7.46,7.69,7.44,146278888
2019/4/23,7.45,7.32,7.45,7.31,97098789
2019/4/24,7.35,7.35,7.35,7.26,55916490
2019/4/25,7.33,7.16,7.33,7.14,93739119
2019/4/26,7.16,7,7.18,7,92954682
2019/4/29,7.07,6.96,7.08,6.93,68475917
2019/4/30,7.02,7.04,7.05,6.99,47906882
2019/5/6,6.9,6.73,6.95,6.61,106846735
2019/5/7,6.75,6.74,6.79,6.66,59153136
2019/5/8,6.64,6.68,6.72,6.61,46616748
2019/5/9,6.64,6.62,6.68,6.61,44383028
2019/5/10,6.67,6.73,6.74,6.51,71254543
2019/5/13,6.68,6.65,6.7,6.62,37946501
2019/5/14,6.6,6.64,6.68,6.57,40376852
2019/5/15,6.66,6.68,6.7,6.64,42084581
2019/5/16,6.68,6.71,6.74,6.65,49011608
2019/5/17,6.71,6.55,6.71,6.53,54541112
2019/5/20,6.53,6.53,6.6,6.5,38683500
2019/5/21,6.55,6.58,6.61,6.53,41507561
2019/5/22,6.58,6.51,6.58,6.47,41551418
2019/5/23,6.49,6.44,6.49,6.42,34541997
2019/5/24,6.43,6.45,6.46,6.42,22510275
2019/5/27,6.46,6.52,6.52,6.42,34925072
2019/5/28,6.51,6.5,6.55,6.48,37199133
2019/5/29,6.48,6.45,6.5,6.44,34230249
2019/5/30,6.45,6.43,6.45,6.38,30892001
2019/5/31,6.44,6.43,6.47,6.42,24048312
2019/6/3,6.43,6.43,6.47,6.4,28476319
2019/6/4,6.43,6.39,6.44,6.35,29806707
2019/6/5,6.41,6.42,6.44,6.39,25675371
2019/6/6,6.4,6.38,6.42,6.35,24090616
2019/6/10,6.4,6.41,6.42,6.36,25555587
2019/6/11,6.62,6.63,6.72,6.56,113930039
2019/6/12,6.62,6.64,6.67,6.59,43781667
2019/6/13,6.62,6.57,6.63,6.53,36613352
2019/6/14,6.57,6.47,6.58,6.45,39421807
2019/6/17,6.47,6.48,6.51,6.43,28592599
2019/6/18,6.5,6.47,6.5,6.45,17420117
2019/6/19,6.56,6.5,6.57,6.49,39086491
2019/6/20,6.51,6.61,6.63,6.47,64270192
2019/6/21,6.6,6.61,6.66,6.58,56603383
2019/6/24,6.61,6.58,6.62,6.55,36000791
2019/6/25,6.57,6.53,6.58,6.49,34195331
2019/6/26,6.51,6.54,6.55,6.49,18609975
2019/6/27,6.53,6.54,6.58,6.52,29496345
2019/6/28,6.53,6.52,6.54,6.45,32268930
2019/7/1,6.58,6.59,6.6,6.55,56674430
2019/7/2,6.58,6.59,6.59,6.55,27770194
2019/7/3,6.57,6.61,6.62,6.54,40380308
2019/7/4,6.59,6.65,6.7,6.59,57984366
2019/7/5,6.65,6.6,6.65,6.58,31513414
2019/7/8,6.59,6.46,6.59,6.44,38358674
2019/7/9,6.45,6.46,6.47,6.43,20310578
2019/7/10,6.46,6.42,6.47,6.4,20564276
2019/7/11,6.44,6.42,6.46,6.4,19203239
2019/7/12,6.42,6.43,6.44,6.38,21426590
2019/7/15,6.43,6.45,6.47,6.36,27310933
2019/7/16,6.44,6.49,6.49,6.43,19965356
2019/7/17,6.49,6.48,6.5,6.46,15182202
2019/7/18,6.46,6.44,6.47,6.41,16606018
2019/7/19,6.43,6.48,6.5,6.43,22390783
2019/7/22,6.49,6.43,6.5,6.38,23209226
2019/7/23,6.32,6.36,6.39,6.3,31255793
2019/7/24,6.37,6.42,6.43,6.36,35809958
2019/7/25,6.42,6.41,6.44,6.39,18538587
2019/7/26,6.4,6.44,6.46,6.39,25336626
2019/7/29,6.44,6.44,6.49,6.43,21855925
2019/7/30,6.45,6.44,6.48,6.42,25812463
2019/7/31,6.43,6.36,6.43,6.34,30287671
2019/8/1,6.35,6.32,6.35,6.29,26534748
2019/8/2,6.25,6.2,6.27,6.17,48089136
2019/8/5,6.15,6.08,6.17,6.05,44181690
2019/8/6,5.99,5.86,5.99,5.8,59685191
2019/8/7,5.89,5.83,5.89,5.83,24864541
2019/8/8,5.9,5.92,5.93,5.88,35438222
2019/8/9,5.96,5.92,5.97,5.9,27732069
2019/8/12,5.91,5.96,5.96,5.9,20482295
2019/8/13,5.92,5.91,5.93,5.86,22192668
2019/8/14,5.95,5.94,5.97,5.92,17837890
2019/8/15,5.83,5.94,5.94,5.81,21131657
2019/8/16,5.95,5.93,5.97,5.92,21577373
2019/8/19,5.95,6.04,6.05,5.94,32554565
2019/8/20,6.02,6.05,6.08,6.01,21601526
2019/8/21,6.04,6.04,6.06,6.02,14083100
2019/8/22,6.05,6.04,6.06,6,18978773
2019/8/23,6.04,6,6.05,5.97,19054326
2019/8/26,5.91,5.9,5.94,5.87,31996400
2019/8/27,5.99,6.17,6.2,5.96,119988670
2019/8/28,6.1,6.08,6.13,6.06,35832792
2019/8/29,6.09,6.05,6.11,6.02,24202272
2019/8/30,6.08,6.01,6.08,6,22741432
2019/9/2,6.04,6.12,6.14,6.02,38598357
2019/9/3,6.11,6.17,6.19,6.08,42511890
2019/9/4,6.15,6.31,6.39,6.14,81339566
2019/9/5,6.36,6.29,6.38,6.28,70395614
2019/9/6,6.32,6.29,6.34,6.25,29021045
2019/9/9,6.35,6.31,6.38,6.27,29033047
2019/9/10,6.31,6.28,6.32,6.25,27222165
2019/9/11,6.29,6.31,6.34,6.27,27126420
2019/9/12,6.32,6.35,6.36,6.28,34843472
2019/9/16,6.36,6.35,6.37,6.3,26597435
2019/9/17,6.32,6.19,6.33,6.19,26617662
2019/9/18,6.21,6.19,6.25,6.19,19984051
2019/9/19,6.23,6.22,6.24,6.18,16178600
2019/9/20,6.27,6.27,6.33,6.26,38202277
2019/9/23,6.24,6.17,6.25,6.15,23765118
2019/9/24,6.17,6.15,6.19,6.15,17011780
2019/9/25,6.15,6.11,6.15,6.09,20815802
2019/9/26,6.12,6.05,6.14,6.04,20450992
2019/9/27,6.04,6.01,6.07,5.99,20991313
2019/9/30,6.01,6,6.05,5.98,16004161
2019/10/8,6,6.04,6.07,5.99,21500486
2019/10/9,6.02,6.06,6.07,6,17375417
2019/10/10,6.06,6.04,6.07,6,25548149
2019/10/11,6.04,6.05,6.06,5.99,25751537
2019/10/14,6.08,6.08,6.13,6.05,38178083
2019/10/15,6.08,6.03,6.08,6.02,22862505
2019/10/16,6.05,6.03,6.09,6.02,25061577
2019/10/17,6.02,6.03,6.08,6.01,23146976
2019/10/18,6.03,5.93,6.04,5.93,30662462
2019/10/21,5.93,5.91,5.95,5.85,25518385
2019/10/22,5.92,5.9,5.93,5.85,25310247
2019/10/23,5.88,5.88,5.92,5.85,40902903
2019/10/24,5.89,5.87,5.9,5.85,25455068
2019/10/25,5.9,5.88,5.9,5.83,30519276
2019/10/28,5.88,5.91,5.91,5.85,45188671
2019/10/29,5.9,5.85,5.91,5.84,36470504
2019/10/30,5.84,5.77,5.85,5.75,39342601
2019/10/31,5.81,5.76,5.82,5.75,35480189
2019/11/1,5.76,5.83,5.83,5.74,43725036
2019/11/4,5.84,5.87,5.91,5.83,57810406
2019/11/5,5.89,5.94,5.98,5.85,68905463
2019/11/6,5.94,5.93,5.95,5.86,50669571
2019/11/7,5.9,5.87,5.91,5.86,34547437
2019/11/8,5.89,5.83,5.9,5.82,30661170
2019/11/11,5.8,5.65,5.8,5.64,58860125
2019/11/12,5.64,5.64,5.66,5.6,37939280
2019/11/13,5.64,5.56,5.65,5.5,47856642
2019/11/14,5.59,5.6,5.66,5.58,43094507
2019/11/15,5.6,5.5,5.61,5.49,37068889
2019/11/18,5.49,5.52,5.53,5.45,29710106
2019/11/19,5.51,5.57,5.57,5.5,25140525
2019/11/20,5.54,5.51,5.57,5.5,23192920
2019/11/21,5.5,5.52,5.53,5.47,24285309
2019/11/22,5.52,5.61,5.66,5.5,51977093
2019/11/25,5.59,5.83,5.85,5.58,108628793
2019/11/26,5.83,5.8,5.83,5.76,71482821
2019/11/27,5.79,5.71,5.8,5.71,38962250
2019/11/28,5.73,5.71,5.8,5.7,34719548
2019/11/29,5.72,5.65,5.74,5.64,37019009
2019/12/2,5.65,5.61,5.69,5.59,37765361
2019/12/3,5.58,5.61,5.63,5.54,31235393
2019/12/4,5.58,5.58,5.59,5.55,24698049
2019/12/5,5.61,5.6,5.63,5.57,30187135
2019/12/6,5.6,5.61,5.62,5.57,23812653
2019/12/9,5.62,5.7,5.71,5.61,44689160
2019/12/10,5.69,5.71,5.72,5.66,26246197
2019/12/11,5.73,5.72,5.75,5.68,29440175
2019/12/12,5.72,5.71,5.74,5.69,23929900
2019/12/13,5.74,5.76,5.79,5.72,34028906
2019/12/16,5.78,5.82,5.83,5.75,39836134
2019/12/17,5.83,5.93,5.96,5.82,60526498
2019/12/18,5.95,5.9,5.96,5.88,41092424
2019/12/19,5.93,5.92,5.96,5.91,42060634
2019/12/20,5.91,5.89,5.94,5.88,28225339
2019/12/23,5.89,5.81,5.92,5.81,27843141
2019/12/24,5.82,5.83,5.85,5.8,16170506
2019/12/25,5.82,5.84,5.87,5.8,17200802
2019/12/26,5.83,5.89,5.91,5.82,19237086
2019/12/27,5.88,5.86,5.93,5.86,27893664
2019/12/30,5.84,5.91,5.92,5.83,28668198
2019/12/31,5.9,5.94,5.95,5.89,33021738
2020/1/2,5.97,6.06,6.15,5.97,92091410
2020/1/3,6.08,6.03,6.11,6,63385792
2020/1/6,6,5.97,6.06,5.95,67737687
2020/1/7,5.98,6.01,6.03,5.97,43582679
2020/1/8,5.98,5.91,5.99,5.9,44719029
2020/1/9,5.94,5.94,5.97,5.92,32204410
2020/1/10,5.95,5.93,5.97,5.91,26621520
2020/1/13,5.93,5.92,5.93,5.85,33628424
2020/1/14,5.93,5.96,5.99,5.92,41972439
2020/1/15,5.94,5.84,5.95,5.84,48041584
2020/1/16,5.85,5.8,5.86,5.79,37320606
2020/1/17,5.8,5.78,5.82,5.77,28166125
2020/1/20,5.78,5.83,5.84,5.75,28248179
2020/1/21,5.8,5.71,5.81,5.7,38489526
2020/1/22,5.7,5.7,5.73,5.65,28621163
2020/1/23,5.68,5.56,5.69,5.52,50555718
2020/2/3,5,5,5.05,5,77966374
2020/2/4,4.9,5,5.06,4.9,76948822
2020/2/5,4.98,5.06,5.13,4.98,62380234
2020/2/6,5.1,5.14,5.17,5.05,55284027
2020/2/7,5.12,5.18,5.22,5.06,46113006
2020/2/10,5.13,5.22,5.26,5.11,43304654
2020/2/11,5.25,5.23,5.31,5.21,49629111
2020/2/12,5.23,5.26,5.27,5.2,32740259
2020/2/13,5.28,5.28,5.39,5.27,56851232
2020/2/14,5.26,5.3,5.32,5.25,32185657
2020/2/17,5.3,5.39,5.4,5.29,49028756
2020/2/18,5.4,5.35,5.43,5.34,52916573
2020/2/19,5.34,5.34,5.39,5.31,54109417
2020/2/20,5.34,5.38,5.39,5.31,63643573
2020/2/21,5.37,5.36,5.41,5.35,61521921
2020/2/24,5.34,5.28,5.35,5.27,61590975
2020/2/25,5.21,5.16,5.24,5.11,88814155
2020/2/26,5.12,5.46,5.57,5.11,241226986
2020/2/27,5.44,5.41,5.52,5.37,118156273
2020/2/28,5.34,5.37,5.58,5.31,166464792
2020/3/2,5.43,5.91,5.91,5.42,321775040
2020/3/3,6.08,5.86,6.08,5.79,268963120
2020/3/4,5.81,5.95,6.05,5.77,174590145
2020/3/5,6,5.93,6.05,5.88,135321173
2020/3/6,5.85,5.76,5.93,5.74,121179672
2020/3/9,5.68,5.58,5.69,5.56,107436859
2020/3/10,5.54,5.79,5.85,5.54,128926160
2020/3/11,5.77,5.7,5.84,5.69,79909918
2020/3/12,5.66,5.68,5.74,5.56,73806250
2020/3/13,5.43,5.6,5.72,5.39,89704250
2020/3/16,5.62,5.52,5.73,5.5,88923825
2020/3/17,5.58,5.52,5.65,5.33,81465131
2020/3/18,5.55,5.41,5.62,5.41,67681748
2020/3/19,5.41,5.31,5.46,5.23,77201213
2020/3/20,5.33,5.36,5.38,5.28,61567562
2020/3/23,5.24,5.22,5.26,5.16,51626144
2020/3/24,5.28,5.27,5.35,5.17,60083096
2020/3/25,5.34,5.3,5.37,5.25,84888305
2020/3/26,5.27,5.18,5.27,5.14,74786773
2020/3/27,5.22,5.35,5.45,5.18,164336387
2020/3/30,5.31,5.4,5.44,5.28,116805210
2020/3/31,5.49,5.38,5.5,5.34,92116477
2020/4/1,5.38,5.4,5.5,5.36,94111885
2020/4/2,5.39,5.53,5.53,5.38,78769632
2020/4/3,5.53,5.52,5.56,5.47,52643317
2020/4/7,5.57,5.73,5.77,5.57,101675481
2020/4/8,5.69,5.75,5.81,5.68,64709518
2020/4/9,5.78,5.74,5.85,5.74,52726310
2020/4/10,5.74,5.65,5.78,5.62,45048002
2020/4/13,5.62,5.72,5.75,5.62,45681653
2020/4/14,5.71,5.73,5.75,5.69,50526836
2020/4/15,5.76,5.74,5.76,5.69,39895604
2020/4/16,5.71,5.65,5.72,5.62,40640859
2020/4/17,5.68,5.84,5.91,5.67,122468362
2020/4/20,5.93,5.93,5.99,5.83,97229712
2020/4/21,5.89,5.89,5.92,5.81,59370774
2020/4/22,5.84,5.87,5.87,5.77,48245258
2020/4/23,5.87,5.8,5.9,5.78,33108092
2020/4/24,5.75,5.76,5.79,5.71,35464240
2020/4/27,5.75,5.83,5.88,5.75,45267040
2020/4/28,5.85,5.71,5.85,5.64,40813541
2020/4/29,5.71,5.68,5.74,5.65,33068716
2020/4/30,5.73,5.86,5.89,5.73,55931195
2020/5/6,5.86,5.86,5.99,5.83,78534721
2020/5/7,5.81,5.8,5.85,5.78,37527917
2020/5/8,5.81,5.78,5.83,5.75,41932549
2020/5/11,5.77,5.77,5.88,5.75,45243617
2020/5/12,5.77,5.67,5.78,5.66,45456481
2020/5/13,5.65,5.68,5.69,5.63,28349442
2020/5/14,5.66,5.58,5.68,5.56,30429878
2020/5/15,5.61,5.56,5.62,5.55,25397759
2020/5/18,5.63,5.58,5.65,5.58,28861208
2020/5/19,5.61,5.61,5.69,5.58,31629922
2020/5/20,5.62,5.53,5.62,5.51,31791953
2020/5/21,5.55,5.45,5.55,5.43,40950352
2020/5/22,5.45,5.32,5.46,5.32,41811630
2020/5/25,5.32,5.27,5.35,5.26,31801225
2020/5/26,5.31,5.31,5.35,5.28,32505173
2020/5/27,5.32,5.27,5.34,5.26,24131071
2020/5/28,5.26,5.28,5.33,5.25,21834359
2020/5/29,5.27,5.25,5.29,5.22,41693182
2020/6/1,5.25,5.32,5.33,5.25,36669100
2020/6/2,5.32,5.4,5.4,5.3,42287043
2020/6/3,5.4,5.34,5.43,5.33,36662358
2020/6/4,5.35,5.3,5.37,5.28,31127198
2020/6/5,5.3,5.3,5.32,5.27,22578552
2020/6/8,5.31,5.3,5.34,5.29,28572631
2020/6/9,5.31,5.3,5.32,5.26,38895352
2020/6/10,5.31,5.23,5.31,5.22,45063045
2020/6/11,5.23,5.13,5.23,5.12,85551081
2020/6/12,5.08,5.13,5.13,5.03,105088139
2020/6/15,5.09,5.04,5.11,5.04,74056558
2020/6/16,5.06,5.11,5.12,5.04,65017878
2020/6/17,5.12,5.1,5.14,5.08,34013974
2020/6/18,5.08,5.14,5.18,5.07,51484063
2020/6/19,5.14,5.14,5.16,5.11,41421793
2020/6/22,5.15,5.11,5.16,5.11,41140995
2020/6/23,5.12,5.06,5.12,5.06,38881725
2020/6/24,5.08,5.07,5.09,5.06,27958429
2020/6/29,5.06,5,5.07,4.99,45319599
2020/6/30,5.03,5.02,5.04,5.02,28163278
2020/7/1,5.02,5.14,5.15,5.02,66965768
2020/7/2,5.14,5.23,5.25,5.11,95680347
2020/7/3,5.25,5.31,5.37,5.24,119041444
2020/7/6,5.4,5.75,5.76,5.39,227622936
2020/7/7,5.91,5.76,6.04,5.73,224632117
2020/7/8,5.77,5.94,5.96,5.77,187458115
2020/7/9,5.96,5.97,6.02,5.85,167254624
2020/7/10,5.93,5.78,5.98,5.77,137819481
2020/7/13,5.77,5.85,5.93,5.72,122608329
2020/7/14,5.85,5.79,5.91,5.71,104763442
2020/7/15,5.8,5.61,5.83,5.6,98379483
2020/7/16,5.62,5.54,5.71,5.52,103865584
2020/7/17,5.55,5.54,5.58,5.5,69514356
2020/7/20,5.61,5.76,5.78,5.57,86876161
2020/7/21,5.8,5.77,5.87,5.73,78427694
2020/7/22,5.78,5.74,5.85,5.73,84880634
2020/7/23,5.69,5.76,5.78,5.57,91379648
2020/7/24,5.75,5.59,5.8,5.56,68483824
2020/7/27,5.61,5.51,5.65,5.49,46215959
2020/7/28,5.51,5.52,5.58,5.49,41200716
2020/7/29,5.52,5.58,5.58,5.48,47379517
2020/7/30,5.57,5.55,5.63,5.55,51409945
2020/7/31,5.56,5.57,5.61,5.51,56845233
2020/8/3,5.6,5.62,5.65,5.57,70880639
2020/8/4,5.62,5.76,5.82,5.59,126616610
2020/8/5,5.73,5.65,5.74,5.62,85828763
2020/8/6,5.67,5.71,5.74,5.61,71183035
2020/8/7,5.57,5.47,5.57,5.44,54854324
2020/8/10,5.49,5.63,5.7,5.47,131457158
2020/8/11,5.65,5.52,5.65,5.5,76077146
2020/8/12,5.51,5.52,5.6,5.42,77683180
2020/8/13,5.57,5.54,5.61,5.53,52275963
2020/8/14,5.59,5.58,5.62,5.51,45657617
2020/8/17,5.59,5.69,5.71,5.56,102026602
2020/8/18,5.67,5.63,5.68,5.6,81913931
2020/8/19,5.63,5.67,5.75,5.58,91294912
2020/8/20,5.62,5.59,5.67,5.55,61581525
2020/8/21,5.59,5.57,5.63,5.55,37031269
2020/8/24,5.59,5.58,5.62,5.56,42615413
2020/8/25,5.58,5.54,5.59,5.52,37004256
2020/8/26,5.53,5.42,5.55,5.4,64198319
2020/8/27,5.43,5.4,5.43,5.36,36942502
2020/8/28,5.41,5.49,5.49,5.39,40054136
2020/8/31,5.6,5.6,5.76,5.59,139583665
2020/9/1,5.61,5.65,5.68,5.58,63580043
2020/9/2,5.66,5.58,5.66,5.56,47437437
2020/9/3,5.6,5.58,5.66,5.56,54950946
2020/9/4,5.52,5.53,5.55,5.49,41156213
2020/9/7,5.55,5.54,5.64,5.53,49029406
2020/9/8,5.56,5.63,5.64,5.54,62984928
2020/9/9,5.6,5.61,5.72,5.58,83648988
2020/9/10,5.63,5.54,5.67,5.51,72230312
2020/9/11,5.51,5.45,5.53,5.43,60989759
2020/9/14,5.46,5.47,5.5,5.45,39102761
2020/9/15,5.48,5.6,5.62,5.42,63587643
2020/9/16,5.58,5.69,5.72,5.56,114753032
2020/9/17,5.71,5.7,5.73,5.65,71338816
2020/9/18,5.7,5.77,5.9,5.68,178790422
2020/9/21,5.81,5.77,5.89,5.76,93960057
2020/9/22,5.74,5.64,5.78,5.61,81178423
2020/9/23,5.66,5.58,5.67,5.58,46488429
2020/9/24,5.57,5.49,5.59,5.47,61457114
2020/9/25,5.49,5.43,5.51,5.4,51875103
2020/9/28,5.44,5.43,5.46,5.41,29620213
2020/9/29,5.45,5.44,5.47,5.43,36658442
2020/9/30,5.44,5.39,5.46,5.34,47064686
2020/10/9,5.45,5.46,5.47,5.42,40304741
2020/10/12,5.45,5.56,5.57,5.44,54137676
2020/10/13,5.54,5.49,5.54,5.47,45614354
2020/10/14,5.5,5.43,5.51,5.4,44776234
2020/10/15,5.42,5.38,5.44,5.38,44506827
2020/10/16,5.37,5.39,5.42,5.35,41789382
2020/10/19,5.39,5.39,5.48,5.39,43895642
2020/10/20,5.38,5.37,5.39,5.34,36818919
2020/10/21,5.37,5.4,5.41,5.34,35701466
2020/10/22,5.4,5.35,5.41,5.34,29113728
2020/10/23,5.35,5.4,5.43,5.34,46299724
2020/10/26,5.45,5.41,5.48,5.37,35864374
2020/10/27,5.37,5.37,5.4,5.35,26190240
2020/10/28,5.38,5.4,5.41,5.35,26911407
2020/10/29,5.37,5.38,5.4,5.35,23723035
2020/10/30,5.4,5.37,5.43,5.32,40797549
2020/11/2,5.38,5.37,5.44,5.35,53565146
2020/11/3,5.38,5.42,5.44,5.37,48230336
2020/11/4,5.43,5.42,5.45,5.39,38552299
2020/11/5,5.46,5.47,5.48,5.42,57149754
2020/11/6,5.46,5.5,5.53,5.4,64780964
2020/11/9,5.52,5.55,5.63,5.52,73341823
2020/11/10,5.58,5.5,5.62,5.48,56412787
2020/11/11,5.5,5.68,5.76,5.47,156536062
2020/11/12,5.65,5.57,5.67,5.57,77127379
2020/11/13,5.55,5.48,5.56,5.45,65151593
2020/11/16,5.5,5.58,5.58,5.48,63016212
2020/11/17,5.58,5.61,5.64,5.54,61614751
2020/11/18,5.61,5.65,5.7,5.56,77549654
2020/11/19,5.63,5.62,5.69,5.61,44318999
2020/11/20,5.6,5.62,5.63,5.55,42931143
2020/11/23,5.63,5.68,5.75,5.61,111855985
2020/11/24,5.68,5.69,5.73,5.67,58853653
2020/11/25,5.71,5.57,5.77,5.56,91853142
2020/11/26,5.57,5.55,5.6,5.53,65596486
2020/11/27,5.55,5.6,5.61,5.52,91279453
2020/11/30,5.62,5.65,5.82,5.62,200475824
2020/12/1,5.63,5.69,5.71,5.6,95435912
2020/12/2,5.7,5.78,5.83,5.67,148095215
2020/12/3,5.78,5.71,5.81,5.7,86790536
2020/12/4,5.7,5.65,5.71,5.61,78804535
2020/12/7,5.64,5.56,5.66,5.55,71377056
2020/12/8,5.55,5.52,5.58,5.51,53230733
2020/12/9,5.53,5.48,5.55,5.46,48505404
2020/12/10,5.47,5.46,5.52,5.45,48378124
2020/12/11,5.46,5.4,5.48,5.39,74005383
2020/12/14,5.42,5.44,5.46,5.4,43881678
2020/12/15,5.45,5.43,5.45,5.39,37615253
2020/12/16,5.42,5.38,5.44,5.37,32304637
2020/12/17,5.37,5.42,5.43,5.31,47845483
2020/12/18,5.43,5.48,5.54,5.41,64787226
2020/12/21,5.46,5.43,5.47,5.42,38496516
2020/12/22,5.41,5.34,5.42,5.34,43440764
2020/12/23,5.34,5.35,5.37,5.32,29972366
2020/12/24,5.33,5.29,5.4,5.28,46818976
2020/12/25,5.29,5.3,5.33,5.26,39325459
2020/12/28,5.28,5.21,5.29,5.2,44152401
2020/12/29,5.21,5.22,5.26,5.2,32411641
2020/12/30,5.21,5.22,5.24,5.2,32686914
2020/12/31,5.23,5.27,5.29,5.21,35065226
2021/1/4,5.25,5.27,5.27,5.2,55071210
2021/1/5,5.27,5.33,5.43,5.2,93060805
2021/1/6,5.28,5.49,5.56,5.28,171566039
2021/1/7,5.45,5.4,5.52,5.36,102092331
2021/1/8,5.4,5.45,5.55,5.39,81464567
2021/1/11,5.45,5.37,5.53,5.33,74922595
2021/1/12,5.36,5.45,5.5,5.34,85638101
2021/1/13,5.46,5.66,5.79,5.39,256305359
2021/1/14,5.65,6.03,6.15,5.6,406827696
2021/1/15,6.04,5.79,6.08,5.76,243821753
2021/1/18,5.72,5.76,5.85,5.68,133344844
2021/1/19,5.72,5.65,5.75,5.62,114984757
2021/1/20,5.64,5.65,5.75,5.59,97768848
2021/1/21,5.65,5.6,5.65,5.51,98840742
2021/1/22,5.59,5.49,5.59,5.48,85424849
2021/1/25,5.5,5.46,5.55,5.43,74739940
2021/1/26,5.47,5.46,5.52,5.42,63038379
2021/1/27,5.44,5.46,5.56,5.43,73896469
2021/1/28,5.42,5.31,5.42,5.3,82762853
2021/1/29,5.32,5.29,5.36,5.25,52220449
2021/2/1,5.3,5.33,5.34,5.27,42187220
2021/2/2,5.32,5.35,5.41,5.31,52412123
2021/2/3,5.35,5.26,5.36,5.25,50217239
2021/2/4,5.25,5.26,5.28,5.18,59222536
2021/2/5,5.26,5.28,5.34,5.24,44182751
2021/2/8,5.29,5.33,5.37,5.26,45690376
2021/2/9,5.31,5.38,5.38,5.31,48627297
2021/2/10,5.37,5.36,5.39,5.34,40933977
2021/2/18,5.46,5.44,5.48,5.39,66551837
2021/2/19,5.44,5.69,5.71,5.42,142233274
2021/2/22,5.75,5.74,5.93,5.69,214822489
2021/2/23,5.81,5.68,5.9,5.65,146621903
2021/2/24,5.66,5.67,5.79,5.55,128373946
2021/2/25,5.78,5.91,6.06,5.74,286893440
2021/2/26,5.8,5.71,5.84,5.66,166907086
2021/3/1,5.75,5.81,5.82,5.65,111820296
2021/3/2,5.8,5.67,5.81,5.65,85638169
2021/3/3,5.65,5.84,5.86,5.63,135076934
2021/3/4,5.84,5.82,5.95,5.78,133891510
2021/3/5,5.76,5.9,6,5.75,163224005
2021/3/8,5.93,5.78,6.01,5.78,138132183
2021/3/9,5.78,5.8,5.93,5.69,124043523
2021/3/10,5.79,5.66,5.81,5.65,106656520
2021/3/11,5.67,5.71,5.74,5.62,91234151
2021/3/12,5.73,5.89,5.94,5.68,175103253
2021/3/15,5.87,5.98,6.08,5.85,213356048
2021/3/16,6,6.02,6.04,5.93,114699454
2021/3/17,6,5.93,6.02,5.89,91960690
2021/3/18,5.94,5.94,5.97,5.86,101684305
2021/3/19,5.89,5.79,5.93,5.72,142371407
2021/3/22,5.78,5.91,5.95,5.74,120647779
2021/3/23,5.9,5.85,5.92,5.81,78759582
2021/3/24,5.85,5.79,5.87,5.72,89612099
2021/3/25,5.75,5.72,5.8,5.68,77125374
2021/3/26,5.74,5.72,5.78,5.7,107520791
2021/3/29,5.74,5.82,5.83,5.7,102546617
2021/3/30,5.84,5.82,5.84,5.75,68043470
2021/3/31,5.78,5.91,5.95,5.77,136665307
2021/4/1,5.93,5.88,6.03,5.85,168094108
2021/4/2,5.89,5.8,5.91,5.77,101079860
2021/4/6,5.78,5.79,5.8,5.75,57737452
2021/4/7,5.79,5.81,5.84,5.74,76509755
2021/4/8,5.81,5.8,5.82,5.74,80990357
2021/4/9,5.8,5.74,5.82,5.72,61919798
2021/4/12,5.72,5.73,5.78,5.69,61833770
2021/4/13,5.71,5.57,5.72,5.56,109449269
2021/4/14,5.55,5.54,5.59,5.5,72637382
2021/4/15,5.53,5.49,5.54,5.45,61895677
2021/4/16,5.5,5.51,5.54,5.49,58268194
2021/4/19,5.52,5.55,5.56,5.49,70411058
2021/4/20,5.52,5.49,5.55,5.49,54670870
2021/4/21,5.49,5.49,5.49,5.45,42693993
2021/4/22,5.49,5.45,5.5,5.44,47172968
2021/4/23,5.44,5.38,5.45,5.36,64245081
2021/4/26,5.38,5.34,5.41,5.33,51226381
2021/4/27,5.34,5.31,5.35,5.3,44451520
2021/4/28,5.29,5.31,5.32,5.26,48687230
2021/4/29,5.32,5.38,5.39,5.29,52345104
2021/4/30,5.45,5.39,5.46,5.36,67622439
2021/5/6,5.43,5.42,5.5,5.41,61012739
2021/5/7,5.45,5.49,5.55,5.41,77148923
2021/5/10,5.52,5.54,5.55,5.47,72139289
2021/5/11,5.51,5.5,5.51,5.41,67317136
2021/5/12,5.47,5.46,5.48,5.42,37241319
2021/5/13,5.43,5.48,5.54,5.43,56464376
2021/5/14,5.5,5.55,5.58,5.45,90461773
2021/5/17,5.53,5.52,5.59,5.51,71661009
2021/5/18,5.54,5.48,5.54,5.47,50084445
2021/5/19,5.48,5.38,5.48,5.38,64848507
2021/5/20,5.38,5.39,5.41,5.33,45013598
2021/5/21,5.39,5.37,5.42,5.36,38467501
2021/5/24,5.35,5.38,5.4,5.35,32906239
2021/5/25,5.38,5.49,5.49,5.35,72210344
2021/5/26,5.48,5.48,5.52,5.46,46865509
2021/5/27,5.48,5.48,5.5,5.45,41234422
2021/5/28,5.48,5.44,5.5,5.43,35500630
2021/5/31,5.44,5.39,5.45,5.38,40730558
2021/6/1,5.4,5.4,5.43,5.36,35780330
2021/6/2,5.4,5.38,5.4,5.36,40604464
2021/6/3,5.38,5.39,5.41,5.36,37940924
2021/6/4,5.37,5.37,5.42,5.36,32713210
2021/6/7,5.37,5.37,5.38,5.32,54468212
2021/6/8,5.37,5.35,5.38,5.33,34188610
2021/6/9,5.34,5.33,5.35,5.32,31248810
2021/6/10,5.33,5.3,5.37,5.29,71283044
2021/6/11,5.32,5.32,5.34,5.3,52247336
2021/6/15,5.33,5.24,5.34,5.24,53327734
2021/6/16,5.25,5.35,5.36,5.24,85101660
2021/6/17,5.34,5.25,5.35,5.23,73231403
2021/6/18,5.25,5.24,5.26,5.21,54452903
2021/6/21,5.22,5.24,5.25,5.21,29225104
2021/6/22,5.24,5.27,5.31,5.23,46614498
2021/6/23,5.26,5.26,5.27,5.23,41020720
2021/6/24,5.25,5.29,5.32,5.24,42115337
2021/6/25,5.29,5.31,5.32,5.28,38605754
2021/6/28,5.31,5.28,5.32,5.27,29293135
2021/6/29,5.28,5.24,5.29,5.22,48085546
2021/6/30,5.23,5.24,5.26,5.22,23986252
2021/7/1,5.25,5.26,5.3,5.24,40689376
2021/7/2,5.26,5.22,5.28,5.22,35215398
2021/7/5,5.22,5.2,5.24,5.19,37654984
2021/7/6,5.2,5.23,5.26,5.19,36825472
2021/7/7,5.23,5.23,5.26,5.21,29434094
2021/7/8,5.23,5.21,5.24,5.19,32968767
2021/7/9,5.2,5.21,5.23,5.19,30625545
2021/7/12,5.24,5.24,5.28,5.22,58242257
2021/7/13,5.25,5.26,5.32,5.23,78398974
2021/7/14,5.25,5.2,5.27,5.2,53330300
2021/7/15,5.2,5.22,5.23,5.18,31662940
2021/7/16,5.21,5.21,5.24,5.21,31551911
2021/7/19,5.2,5.16,5.21,5.15,43956584
2021/7/20,5.15,5.19,5.2,5.1,62723414
2021/7/21,5.17,5.14,5.19,5.13,37338959
2021/7/22,5.14,5.26,5.29,5.13,92764464
2021/7/23,5.27,5.38,5.42,5.25,132785180
2021/7/26,5.44,5.41,5.48,5.3,152132348
2021/7/27,5.36,5.25,5.46,5.25,121694161
2021/7/28,5.22,5.23,5.29,5.15,86054563
2021/7/29,5.1,5,5.1,4.97,96137473
2021/7/30,4.98,5.27,5.35,4.97,194846869
2021/8/2,5.29,5.31,5.38,5.18,137935184
2021/8/3,5.31,5.37,5.44,5.28,145204113
2021/8/4,5.4,5.3,5.41,5.27,84839111
2021/8/5,5.31,5.28,5.39,5.27,67902149
2021/8/6,5.28,5.3,5.34,5.25,53400469
2021/8/9,5.3,5.37,5.4,5.27,81296541
2021/8/10,5.36,5.31,5.36,5.29,60108490
2021/8/11,5.33,5.33,5.42,5.32,75030387
2021/8/12,5.33,5.31,5.33,5.27,52757384
2021/8/13,5.3,5.26,5.31,5.25,45670677
2021/8/16,5.26,5.28,5.33,5.26,49582377
2021/8/17,5.28,5.29,5.41,5.27,136286142
2021/8/18,5.29,5.41,5.42,5.28,143786177
2021/8/19,5.38,5.33,5.39,5.31,86835006
2021/8/20,5.34,5.29,5.35,5.24,77799634
2021/8/23,5.3,5.29,5.35,5.29,52313733
2021/8/24,5.3,5.29,5.32,5.27,55544284
2021/8/25,5.29,5.48,5.56,5.27,204751460
2021/8/26,5.45,5.56,5.65,5.43,223991786
2021/8/27,5.54,5.62,5.69,5.52,165165828
2021/8/30,5.62,5.61,5.68,5.55,131134349
2021/8/31,5.5,5.63,5.63,5.4,224211441
2021/9/1,5.74,6.18,6.19,5.7,809773360
2021/9/2,6.02,6.31,6.37,5.98,574072944
2021/9/3,6.24,6.1,6.33,6.06,357670480
2021/9/6,6.16,6.29,6.49,6.12,378681664
2021/9/7,6.25,6.38,6.43,6.21,264188862
2021/9/8,6.38,6.33,6.43,6.27,217725222
2021/9/9,6.29,6.52,6.65,6.27,318489072
2021/9/10,6.6,6.46,6.82,6.41,385521376
2021/9/13,6.4,6.56,6.66,6.35,220707240
2021/9/14,6.51,6.17,6.54,6.15,346942880
2021/9/15,6.13,6.17,6.26,6.08,168351133
2021/9/16,6.21,6.11,6.29,6.08,148774285
2021/9/17,6.09,6.02,6.16,5.86,173696256
2021/9/22,5.92,6.14,6.19,5.91,148206898
2021/9/23,6.19,6.17,6.27,6.07,147578987
2021/9/24,6.17,5.95,6.25,5.91,164717847
2021/9/27,5.93,5.7,6,5.66,173675768
2021/9/28,5.71,5.73,5.79,5.67,98255816
2021/9/29,5.7,5.63,5.78,5.6,113619102
2021/9/30,5.63,5.66,5.69,5.56,102550255
2021/10/8,5.76,5.67,5.77,5.62,101442103
2021/10/11,5.68,5.63,5.69,5.59,87425282
2021/10/12,5.62,5.48,5.63,5.42,116930515
2021/10/13,5.47,5.51,5.52,5.38,74558749
2021/10/14,5.49,5.47,5.53,5.45,53606323
2021/10/15,5.47,5.43,5.5,5.4,61381801
2021/10/18,5.42,5.46,5.48,5.42,58339177
2021/10/19,5.44,5.5,5.55,5.42,65048073
2021/10/20,5.5,5.45,5.51,5.43,58805776
2021/10/21,5.44,5.42,5.48,5.41,60760367
2021/10/22,5.42,5.38,5.47,5.37,73272502
2021/10/25,5.35,5.42,5.44,5.32,54308040
2021/10/26,5.41,5.38,5.5,5.37,67812727
2021/10/27,5.35,5.27,5.4,5.26,84157004
2021/10/28,5.25,5.22,5.28,5.2,64625744
2021/10/29,5.23,5.25,5.26,5.18,52233854
2021/11/1,5.26,5.31,5.32,5.23,56667375
2021/11/2,5.32,5.16,5.32,5.15,93026411
2021/11/3,5.15,5.17,5.2,5.14,63399510
2021/11/4,5.17,5.18,5.18,5.14,46468676
2021/11/5,5.16,5.11,5.17,5.1,58633104
2021/11/8,5.14,5.17,5.2,5.12,38906303
2021/11/9,5.17,5.17,5.19,5.13,32142141
2021/11/10,5.17,5.22,5.23,5.11,55450093
2021/11/11,5.19,5.28,5.3,5.19,70697861
2021/11/12,5.28,5.25,5.29,5.22,41876780
2021/11/15,5.25,5.28,5.28,5.23,34111239
2021/11/16,5.27,5.23,5.3,5.22,41136633
2021/11/17,5.24,5.26,5.27,5.22,30081534
2021/11/18,5.25,5.22,5.27,5.22,38548102
2021/11/19,5.21,5.24,5.25,5.16,51113995
2021/11/22,5.23,5.21,5.24,5.2,41665591
2021/11/23,5.23,5.39,5.42,5.21,163160179
2021/11/24,5.39,5.41,5.46,5.35,81558637
2021/11/25,5.42,5.42,5.46,5.38,53174225
2021/11/26,5.4,5.36,5.42,5.35,48586501
2021/11/29,5.31,5.32,5.34,5.26,59457432
2021/11/30,5.32,5.3,5.37,5.29,56652736
2021/12/1,5.29,5.38,5.38,5.28,45048828
2021/12/2,5.37,5.55,5.6,5.36,164925196
2021/12/3,5.54,5.59,5.62,5.48,95369861
2021/12/6,5.59,5.52,5.68,5.51,105289926
2021/12/7,5.57,5.67,5.7,5.55,145589553
2021/12/8,5.68,5.66,5.72,5.61,79722501
2021/12/9,5.67,5.7,5.71,5.62,85687294
2021/12/10,5.66,5.62,5.75,5.6,94931673
2021/12/13,5.66,5.67,5.83,5.65,107030422
2021/12/14,5.67,5.54,5.67,5.52,81855301
2021/12/15,5.54,5.59,5.66,5.53,67343807
2021/12/16,5.6,5.7,5.72,5.58,64600370
2021/12/17,5.72,5.72,5.79,5.68,73538946
2021/12/20,5.68,5.81,5.85,5.66,122735795
2021/12/21,5.79,5.88,5.9,5.75,105889486
2021/12/22,5.9,5.81,5.9,5.74,83144487
2021/12/23,5.79,5.78,5.83,5.72,64415325
2021/12/24,5.78,5.76,5.82,5.75,66190889
2021/12/27,5.74,5.82,5.85,5.73,69143479
2021/12/28,5.82,5.75,5.83,5.71,60139834
2021/12/29,5.74,5.75,5.81,5.71,44072580
2021/12/30,5.75,5.72,5.76,5.71,42581050
2021/12/31,5.72,5.79,5.82,5.72,64847978
2022/1/4,5.81,5.82,5.85,5.76,63849843
2022/1/5,5.84,5.77,5.84,5.76,55464625
2022/1/6,5.77,5.98,6.01,5.76,151525718
2022/1/7,5.95,6.25,6.33,5.95,288667216
2022/1/10,6.3,6.35,6.41,6.23,166017367
2022/1/11,6.32,6.24,6.38,6.2,118307947
2022/1/12,6.24,6.17,6.26,6.05,138770656
2022/1/13,6.16,6.13,6.33,6.1,112237610
2022/1/14,6.14,5.94,6.17,5.93,140569987
2022/1/17,5.95,5.98,6.02,5.85,91497825
2022/1/18,6.02,6.34,6.48,5.96,240846628
2022/1/19,6.36,6.43,6.49,6.32,211622797
2022/1/20,6.48,6.52,6.61,6.43,185702114
2022/1/21,6.52,6.38,6.53,6.35,104414844
2022/1/24,6.36,6.46,6.62,6.3,156490523
2022/1/25,6.4,6.27,6.5,6.26,112906792
2022/1/26,6.3,6.47,6.52,6.23,139552021
2022/1/27,6.43,6.39,6.55,6.34,99191619
2022/1/28,6.38,6.22,6.41,6.07,148598365
2022/2/7,6.35,6.61,6.62,6.32,166138632
2022/2/8,6.64,6.63,6.78,6.54,187079292
2022/2/9,6.63,6.57,6.66,6.53,122298875
2022/2/10,6.56,6.72,6.79,6.54,138115582
2022/2/11,6.74,6.67,6.81,6.61,168107009
2022/2/14,6.66,6.47,6.72,6.41,124257385
2022/2/15,6.43,6.46,6.52,6.38,89068143
2022/2/16,6.51,6.56,6.68,6.5,94399934
2022/2/17,6.56,6.58,6.64,6.46,81965777
2022/2/18,6.52,6.68,6.75,6.48,104464832
2022/2/21,6.68,6.57,6.69,6.5,95183981
2022/2/22,6.52,6.52,6.57,6.38,109303411
2022/2/23,6.49,6.36,6.51,6.27,146587372
2022/2/24,6.31,6.21,6.38,6.12,135264050
2022/2/25,6.23,6.17,6.32,6.05,141141908
2022/2/28,6.08,6.21,6.24,6.08,78663157
2022/3/1,6.2,6.25,6.32,6.18,76084149
2022/3/2,6.21,6.26,6.3,6.19,59347110
2022/3/3,6.24,6.41,6.55,6.24,120285075
2022/3/4,6.39,6.29,6.4,6.26,61148360
2022/3/7,6.24,6.26,6.44,6.2,95014998
2022/3/8,6.29,6.09,6.31,6.06,115149958
2022/3/9,6.12,6.13,6.2,5.81,136295483
2022/3/10,6.2,6.04,6.24,6.01,78620480
2022/3/11,5.99,5.96,6.02,5.81,90935251
2022/3/14,5.92,5.9,6.1,5.89,67654255
2022/3/15,5.9,5.55,5.91,5.52,145752609
2022/3/16,5.63,5.66,5.72,5.42,101780425
2022/3/17,5.75,5.64,5.75,5.6,97171082
2022/3/18,5.64,5.84,5.87,5.58,98971168
2022/3/21,5.84,5.79,5.86,5.73,77171368
2022/3/22,5.84,5.92,5.94,5.81,67259061
2022/3/23,5.91,5.92,5.98,5.85,59479855
2022/3/24,5.87,5.89,5.98,5.86,46547882
2022/3/25,5.85,5.79,5.87,5.78,49976328
2022/3/28,5.74,5.9,5.91,5.7,50265971
2022/3/29,5.89,5.89,5.94,5.82,44023131
2022/3/30,5.88,6.05,6.07,5.87,82859120
2022/3/31,6.02,6.03,6.14,5.98,63081728
2022/4/1,6.03,6.1,6.13,5.99,65854708
2022/4/6,6.09,6.46,6.47,6.08,151185998
2022/4/7,6.44,6.48,6.68,6.4,154912275
2022/4/8,6.78,6.76,6.96,6.65,252090694
2022/4/11,6.8,6.89,6.94,6.75,277087744
2022/4/12,6.8,6.94,7.07,6.69,217259584
2022/4/13,6.85,6.76,6.99,6.76,143633074
2022/4/14,6.76,6.81,6.86,6.65,130915842
2022/4/15,6.8,6.74,6.99,6.7,131272222
2022/4/18,6.7,6.58,6.77,6.55,89778620
2022/4/19,6.54,6.75,6.75,6.54,96315997
2022/4/20,6.74,6.46,6.74,6.41,110571521
2022/4/21,6.42,6.36,6.5,6.32,87901659
2022/4/22,6.35,6.52,6.59,6.32,103541088
2022/4/25,6.44,6.37,6.68,6.34,140594943
2022/4/26,6.37,6.65,6.85,6.36,191634175
2022/4/27,6.87,6.74,7.01,6.5,288287632
2022/4/28,6.6,7.08,7.12,6.56,325295968
2022/4/29,7.1,7.08,7.15,6.96,298223488
2022/5/5,7.21,7.12,7.32,7.06,196916979
2022/5/6,6.92,6.83,7.01,6.77,156021491
2022/5/9,6.8,6.9,7.02,6.78,126725931
2022/5/10,6.8,7.14,7.21,6.75,201970664
2022/5/11,7.11,6.89,7.16,6.88,172103196
2022/5/12,6.84,6.93,7.02,6.82,99125951
2022/5/13,6.99,7.01,7.03,6.88,98770406
2022/5/16,7.02,6.91,7.09,6.79,85037328
2022/5/17,6.9,6.81,6.9,6.69,98175871
2022/5/18,6.81,6.67,6.83,6.63,91092400
2022/5/19,6.6,6.88,6.92,6.57,111570486
2022/5/20,6.89,6.98,7.05,6.85,110693478
2022/5/23,6.93,6.71,6.94,6.69,111174490
2022/5/24,6.72,6.5,6.79,6.48,118942230
2022/5/25,6.53,6.63,6.65,6.5,80072628
2022/5/26,6.69,6.8,6.88,6.66,118417187
2022/5/27,6.8,6.92,6.93,6.75,115256108
2022/5/30,6.93,6.77,7.09,6.77,85358369
2022/5/31,6.77,6.57,6.77,6.56,152290469
2022/6/1,6.57,6.53,6.6,6.46,117727434
2022/6/2,6.55,6.49,6.6,6.42,110822124
2022/6/6,6.44,6.26,6.46,6.16,241957459
2022/6/7,6.25,6.3,6.31,6.22,124924663
2022/6/8,6.3,6.25,6.33,6.14,155323819
2022/6/9,6.22,6.32,6.4,6.21,148637378
2022/6/10,6.29,6.32,6.35,6.24,122783203
2022/6/13,6.28,6.1,6.29,6.06,182540790
2022/6/14,6.07,6.21,6.23,6.06,117643519
2022/6/15,6.21,6.43,6.54,6.14,220840757
2022/6/16,6.46,6.32,6.55,6.3,129236275
2022/6/17,6.27,6.31,6.35,6.22,82945250
2022/6/20,6.32,6.22,6.34,6.22,107250824
2022/6/21,6.23,6.22,6.34,6.16,93215246
2022/6/22,6.22,6.13,6.23,6.12,70730126
2022/6/23,6.15,6.16,6.2,6.09,89644852
2022/6/24,6.14,6.08,6.17,6.02,146486516
2022/6/27,6.06,6.04,6.11,6.01,113822065
2022/6/28,6.03,6.05,6.07,5.98,136639008
2022/6/29,6.04,6.12,6.23,6.03,203025268
2022/6/30,6.14,6.14,6.15,6.06,90050417
2022/7/1,6.19,6.28,6.35,6.17,155551669
2022/7/4,6.28,6.2,6.28,6.18,91698987
2022/7/5,6.2,6.34,6.4,6.17,158738392
2022/7/6,6.33,6.18,6.33,6.1,145915225
2022/7/7,6.16,6.12,6.16,6.1,84662165
2022/7/8,6.15,6.28,6.3,6.13,119570214
2022/7/11,6.27,6.47,6.51,6.24,186681932
2022/7/12,6.47,6.6,6.74,6.44,210698212
2022/7/13,6.66,6.65,6.73,6.57,134133592
2022/7/14,6.68,6.6,6.69,6.48,115151687
2022/7/15,6.62,6.47,6.63,6.45,92891384
2022/7/18,6.42,6.48,6.54,6.39,81709956
2022/7/19,6.49,6.46,6.54,6.37,74276162
2022/7/20,6.5,6.41,6.51,6.38,72631028
2022/7/21,6.36,6.21,6.4,6.2,128490237
2022/7/22,6.23,6.22,6.25,6.13,84316023
2022/7/25,6.23,6.22,6.29,6.17,53543845
2022/7/26,6.21,6.24,6.27,6.17,68401358
2022/7/27,6.22,6.18,6.26,6.16,62032800
2022/7/28,6.17,6.13,6.2,6.13,82630633
2022/7/29,5.96,5.78,5.98,5.76,152988813
2022/8/1,5.79,5.71,5.79,5.66,94887636
2022/8/2,5.68,5.6,5.69,5.45,146970868
2022/8/3,5.61,5.47,5.66,5.44,100836503
2022/8/4,5.51,5.55,5.57,5.44,78089132
2022/8/5,5.53,5.58,5.58,5.48,61557222
2022/8/8,5.55,5.57,5.62,5.52,65515329
2022/8/9,5.55,5.52,5.57,5.5,57810512
2022/8/10,5.5,5.49,5.52,5.46,49732097
2022/8/11,5.52,5.58,5.59,5.51,69046129
2022/8/12,5.58,5.62,5.65,5.54,63749180
2022/8/15,5.6,5.57,5.62,5.55,60037337
2022/8/16,5.57,5.59,5.65,5.57,51359886
2022/8/17,5.6,5.61,5.62,5.56,55487530
2022/8/18,5.6,5.52,5.61,5.51,64451834
2022/8/19,5.52,5.59,5.62,5.5,71269826
2022/8/22,5.59,5.69,5.7,5.56,85741598
2022/8/23,5.66,5.64,5.7,5.61,59474114
2022/8/24,5.64,5.59,5.69,5.58,61094473
2022/8/25,5.6,5.68,5.69,5.59,71306020
2022/8/26,5.69,5.63,5.7,5.61,54974258
2022/8/29,5.58,5.67,5.67,5.55,55232074
2022/8/30,5.66,5.74,5.76,5.65,84512776
2022/8/31,5.78,5.75,5.8,5.71,88030293
2022/9/1,5.75,5.82,5.92,5.74,120496779
2022/9/2,5.84,5.78,5.85,5.73,73793535
2022/9/5,5.77,5.85,5.86,5.75,66039164
2022/9/6,5.85,5.87,5.9,5.82,64282224
2022/9/7,5.87,5.84,5.91,5.8,57453321
2022/9/8,5.85,5.83,5.88,5.76,57323712
2022/9/9,5.83,5.87,5.9,5.81,75942999
2022/9/13,5.9,5.83,5.91,5.8,79808802
2022/9/14,5.77,5.73,5.82,5.73,50622883
2022/9/15,5.75,5.8,5.85,5.72,74258571
2022/9/16,5.81,5.52,5.83,5.52,118773724
2022/9/19,5.53,5.58,5.61,5.45,56649402
2022/9/20,5.58,5.51,5.6,5.5,56571853
2022/9/21,5.52,5.59,5.59,5.46,49740711
2022/9/22,5.56,5.49,5.59,5.48,63307702
2022/9/23,5.47,5.53,5.57,5.46,68198822
2022/9/26,5.5,5.31,5.54,5.29,83444297
2022/9/27,5.32,5.37,5.38,5.29,56150648
2022/9/28,5.35,5.26,5.37,5.26,55985662
2022/9/29,5.31,5.22,5.35,5.18,54324876
2022/9/30,5.2,5.23,5.26,5.17,55423568
2022/10/10,5.25,5.36,5.42,5.24,99682650
2022/10/11,5.33,5.31,5.36,5.26,58813165
2022/10/12,5.29,5.34,5.35,5.21,56266091
2022/10/13,5.32,5.27,5.33,5.25,58917831
2022/10/14,5.3,5.32,5.38,5.28,61046631
2022/10/17,5.31,5.32,5.35,5.25,66456878
2022/10/18,5.34,5.3,5.37,5.27,63558381
2022/10/19,5.3,5.26,5.33,5.26,43207512
2022/10/20,5.24,5.2,5.26,5.2,60548614
2022/10/21,5.23,5.34,5.41,5.23,133055711
2022/10/24,5.34,5.21,5.36,5.19,95263670
2022/10/25,5.22,5.27,5.29,5.21,56915832
2022/10/26,5.26,5.29,5.34,5.25,57758825
2022/10/27,5.3,5.35,5.38,5.29,58577810
2022/10/28,5.32,5.27,5.38,5.25,55146586
2022/10/31,5.24,4.99,5.26,4.97,157204872
2022/11/1,4.99,5.06,5.07,4.96,94287618
2022/11/2,5.05,5.05,5.07,4.99,107902738
2022/11/3,5.02,5,5.04,4.99,71856987
2022/11/4,5,5.1,5.1,4.99,95370859
2022/11/7,5.09,5.16,5.18,5.07,74701639
2022/11/8,5.16,5.17,5.18,5.12,53080207
2022/11/9,5.17,5.16,5.24,5.15,50548968
2022/11/10,5.13,5.15,5.18,5.07,41690549
2022/11/11,5.22,5.29,5.35,5.19,105918821
2022/11/14,5.36,5.29,5.4,5.28,104677700
2022/11/15,5.29,5.32,5.33,5.25,73523356
2022/11/16,5.32,5.28,5.35,5.27,59221434
2022/11/17,5.27,5.29,5.3,5.25,39686416
2022/11/18,5.3,5.23,5.32,5.23,43382281
2022/11/21,5.21,5.2,5.22,5.16,37339644
2022/11/22,5.2,5.47,5.72,5.18,328545191
2022/11/23,5.49,5.79,5.99,5.45,453521161
2022/11/24,5.71,5.62,5.74,5.57,199723999
2022/11/25,5.63,5.83,5.92,5.6,245303947
2022/11/28,5.75,5.75,5.89,5.7,153685918
2022/11/29,5.81,5.94,6.02,5.76,239085796
2022/11/30,5.87,5.88,5.96,5.83,128905917
2022/12/1,5.92,5.8,5.93,5.78,142475335
2022/12/2,5.76,5.78,5.81,5.68,104933738
2022/12/5,5.96,6.36,6.36,5.9,360198711
2022/12/6,6.34,6.31,6.53,6.24,324563357
2022/12/7,6.29,6.16,6.36,6.11,205210227
2022/12/8,6.16,6.17,6.21,6.09,154241669
2022/12/9,6.15,6.09,6.16,6,172362619
2022/12/12,6.05,5.97,6.13,5.95,139624325
2022/12/13,5.98,5.99,6.06,5.94,102924886
2022/12/14,6,5.95,6.01,5.9,82808291
2022/12/15,5.95,5.87,5.98,5.85,91272028
2022/12/16,5.84,5.95,6,5.84,102577985
2022/12/19,5.91,5.71,5.95,5.66,138326670
2022/12/20,5.7,5.66,5.75,5.63,63732570
2022/12/21,5.67,5.65,5.68,5.6,41612765
2022/12/22,5.68,5.59,5.74,5.56,75313027
2022/12/23,5.57,5.6,5.63,5.55,38595957
2022/12/26,5.6,5.61,5.62,5.52,48261449
2022/12/27,5.64,5.6,5.68,5.59,66167405
2022/12/28,5.56,5.57,5.63,5.52,65053324
2022/12/29,5.54,5.48,5.55,5.45,65492530
2022/12/30,5.51,5.56,5.58,5.46,74893594
2023/1/3,5.54,5.64,5.68,5.49,95512736
2023/1/4,5.61,5.66,5.71,5.61,76332924
2023/1/5,5.68,5.69,5.73,5.64,67414653
2023/1/6,5.67,5.62,5.67,5.6,55931238
2023/1/9,5.63,5.62,5.65,5.59,53832616
2023/1/10,5.61,5.54,5.63,5.53,63628682
2023/1/11,5.54,5.53,5.59,5.52,51625271
2023/1/12,5.54,5.47,5.55,5.45,67919526
2023/1/13,5.47,5.52,5.52,5.46,44762716
2023/1/16,5.53,5.62,5.67,5.48,99266044
2023/1/17,5.63,5.57,5.63,5.55,61016968
2023/1/18,5.58,5.57,5.62,5.55,60439216
2023/1/19,5.57,5.63,5.63,5.53,57723166
2023/1/20,5.63,5.77,5.78,5.62,115388445
2023/1/30,5.81,5.68,5.85,5.68,130867153
2023/1/31,5.7,5.7,5.72,5.67,62363738
2023/2/1,5.71,5.8,5.82,5.66,135537080
2023/2/2,5.78,5.79,5.83,5.72,105123319
2023/2/3,5.78,5.74,5.79,5.68,98746710
2023/2/6,5.7,5.89,5.95,5.7,184813731
2023/2/7,5.86,6.03,6.1,5.82,198598949
2023/2/8,6.01,5.93,6.05,5.91,98297057
2023/2/9,5.92,5.91,5.95,5.87,92550549
2023/2/10,5.92,5.91,5.94,5.84,85347879
2023/2/13,5.89,5.95,6.02,5.86,100061863
2023/2/14,5.96,5.92,5.97,5.9,56401740
2023/2/15,5.91,5.84,5.92,5.8,103270516
2023/2/16,5.85,5.85,5.98,5.82,142665298
2023/2/17,5.84,5.79,5.89,5.79,65182848
2023/2/20,5.81,6.07,6.09,5.81,196185344
2023/2/21,6.09,6.13,6.17,6.03,141980482
2023/2/22,6.1,6.13,6.18,6.08,92711671
2023/2/23,6.15,6.1,6.17,6.06,61979053
2023/2/24,6.1,6.04,6.11,6,78440990
2023/2/27,6.04,6,6.08,5.98,57730156
2023/2/28,6.01,6.04,6.06,5.95,86819132
2023/3/1,6.03,6.18,6.19,6,157669442
2023/3/2,6.15,6.34,6.47,6.14,282163813
2023/3/3,6.35,6.67,6.73,6.32,342693889
2023/3/6,6.7,6.58,6.81,6.53,316718808
2023/3/7,6.61,6.67,6.87,6.61,391321166
2023/3/8,6.6,6.71,6.76,6.55,206905182
2023/3/9,6.7,6.62,6.7,6.5,157873246
2023/3/10,6.55,6.43,6.64,6.42,176338446
2023/3/13,6.56,6.89,6.95,6.56,367508372
2023/3/14,6.88,7.01,7.21,6.81,356971163
2023/3/15,7.07,7.48,7.55,6.89,398267986
2023/3/16,7.43,7.49,7.58,7.34,298600643
2023/3/17,7.46,7.68,7.91,7.41,333519410
2023/3/20,7.7,7.53,8.09,7.49,432770829
2023/3/21,7.61,7.35,7.64,7.25,392647212
2023/3/22,7.39,7.3,7.49,7.22,234579554
2023/3/23,7.3,7.63,7.66,7.22,375810625
2023/3/24,7.5,7.35,7.55,7.33,246471659
2023/3/27,7.3,7.15,7.38,7.03,288417757
2023/3/28,7.21,7.21,7.32,7.17,167397501
2023/3/29,7.15,6.89,7.19,6.81,324191663
2023/3/30,6.89,6.94,6.99,6.75,189874143
2023/3/31,6.94,6.88,6.97,6.8,166081292
2023/4/3,6.89,6.98,7.06,6.86,201209288
2023/4/4,6.97,7.68,7.68,6.91,424898209
2023/4/6,7.82,7.87,8,7.63,470001027
2023/4/7,7.82,7.7,7.83,7.53,280452880
2023/4/10,7.69,7.98,8.13,7.65,373948549
2023/4/11,7.89,7.85,7.93,7.66,269134539
2023/4/12,7.85,8.02,8.08,7.67,303139954
2023/4/13,7.89,7.92,8.11,7.81,180665791
2023/4/14,7.92,8.38,8.48,7.79,419989052
2023/4/17,8.39,8.7,9.05,8.3,533349377
2023/4/18,8.65,8.78,8.9,8.5,311631345
2023/4/19,8.77,8.52,8.88,8.45,286375505
2023/4/20,8.48,8.98,9.04,8.41,354081557
2023/4/21,8.87,8.79,9.09,8.65,302583684
2023/4/24,8.73,8.82,9.06,8.68,286179887
2023/4/25,8.81,8.67,8.93,8.5,256432206
2023/4/26,8.7,8.34,8.72,8.22,279345031
2023/4/27,8.3,8.67,8.93,8.3,251923001
2023/4/28,8.73,9.29,9.42,8.51,360195089
2023/5/4,9.1,9.3,9.48,8.95,377186810
2023/5/5,9.23,9.05,9.6,8.97,329093806
2023/5/8,9.06,8.97,9.38,8.86,416886000
2023/5/9,8.98,8.54,9.09,8.48,413510562
2023/5/10,8.46,8.41,8.54,8.2,273241654
2023/5/11,8.41,8.38,8.46,8.24,175672720
2023/5/12,8.28,8,8.39,7.95,340885648
2023/5/15,8,7.98,8.04,7.74,259210553
2023/5/16,7.98,7.83,8.05,7.78,178816099
2023/5/17,7.8,7.88,7.91,7.67,158493481
2023/5/18,7.87,7.96,8.11,7.85,240302215
2023/5/19,7.93,7.81,7.93,7.66,202028973
2023/5/22,7.72,7.71,7.82,7.66,134165277
2023/5/23,7.74,7.52,7.83,7.5,216573054
2023/5/24,7.52,7.34,7.52,7.24,222484176
2023/5/25,7.31,7.41,7.42,7.26,149455426
2023/5/26,7.37,7.31,7.42,7.23,129501209
2023/5/29,7.42,7.63,7.65,7.41,228208493
2023/5/30,7.57,7.87,8.08,7.53,314223349
2023/5/31,7.78,7.89,7.98,7.77,173961041
2023/6/1,7.85,8.07,8.12,7.81,201391909
2023/6/2,8.12,7.87,8.14,7.81,162332835
2023/6/5,7.88,7.79,7.97,7.73,145236108
2023/6/6,7.77,7.86,8.04,7.74,183701651
2023/6/7,7.85,7.82,7.95,7.73,127539562
2023/6/8,7.76,8.02,8.06,7.74,201307235
2023/6/9,7.99,8.15,8.15,7.91,248414952
2023/6/12,8,7.85,8.02,7.8,224369772
2023/6/13,7.81,7.57,7.84,7.46,262661044
2023/6/14,7.56,7.52,7.68,7.51,142890346
2023/6/15,7.53,7.55,7.59,7.43,146295523
2023/6/16,7.6,7.88,7.92,7.6,239957612
2023/6/19,7.85,7.48,7.87,7.41,277702172
2023/6/20,7.46,7.32,7.49,7.3,151738480
2023/6/21,7.29,7.39,7.52,7.22,174988411
2023/6/26,7.3,7.08,7.31,7.03,190259408
2023/6/27,7.08,7.52,7.57,7.06,251273619
2023/6/28,7.51,7.53,7.55,7.4,118964746
2023/6/29,7.5,7.53,7.59,7.41,101312028
2023/6/30,7.5,7.58,7.64,7.46,100343758
2023/7/3,7.6,7.79,7.9,7.54,161993096
2023/7/4,7.74,7.73,7.91,7.67,116531137
2023/7/5,7.69,7.71,7.91,7.68,109703563
2023/7/6,7.67,7.69,7.73,7.59,80101720
2023/7/7,7.68,7.73,7.83,7.61,84855957
2023/7/10,7.78,7.82,7.82,7.71,92941961
2023/7/11,7.81,7.79,7.84,7.67,83556281
2023/7/12,7.79,7.51,7.84,7.49,131749702
2023/7/13,7.54,7.69,7.69,7.52,92952383
2023/7/14,7.67,7.75,7.8,7.62,74871018
2023/7/17,7.7,7.72,7.74,7.64,43799431
2023/7/18,7.72,7.65,7.75,7.64,49511061
2023/7/19,7.65,7.69,7.72,7.6,52305772
2023/7/20,7.7,7.59,7.77,7.57,63197865
2023/7/21,7.57,7.53,7.62,7.47,65546233
2023/7/24,7.53,7.66,7.74,7.5,73691162
2023/7/25,7.77,7.9,7.91,7.76,136804881
2023/7/26,7.89,7.8,7.96,7.77,76392714
2023/7/27,7.8,7.65,7.82,7.63,89519109
2023/7/28,7.46,7.64,7.66,7.33,133607641
2023/7/31,7.68,8.03,8.19,7.68,234438354
2023/8/1,7.98,8.13,8.28,7.94,195526618
2023/8/2,8.11,8.11,8.26,8.06,101378739
2023/8/3,8.09,8.13,8.15,7.92,124837860
2023/8/4,8.17,8.07,8.26,8.05,112692369
2023/8/7,8.04,7.95,8.05,7.89,83099726
2023/8/8,7.94,7.93,8.07,7.91,78508215
2023/8/9,7.91,7.95,8.07,7.89,73654594
2023/8/10,7.94,7.93,7.97,7.84,65561260
2023/8/11,7.91,7.71,7.99,7.7,85146053
2023/8/14,7.61,7.88,8.02,7.53,131118307
2023/8/15,7.87,7.87,7.9,7.75,73007031
2023/8/16,7.83,7.75,7.88,7.71,52444204
2023/8/17,7.72,7.77,7.79,7.64,73514729
2023/8/18,7.75,7.59,7.88,7.59,90639163
2023/8/21,7.57,7.63,7.79,7.56,94505145
2023/8/22,7.61,7.8,7.83,7.6,95487189
2023/8/23,7.76,7.51,7.8,7.5,103162342
2023/8/24,7.52,6.82,7.6,6.78,364555406
2023/8/25,6.78,6.8,6.9,6.73,114708078
2023/8/28,7.2,6.85,7.28,6.82,180524735
2023/8/29,6.86,6.9,6.98,6.83,143215410
2023/8/30,6.88,6.68,6.9,6.61,207875657
2023/8/31,6.71,6.7,6.85,6.68,140663959
2023/9/1,6.73,6.84,6.94,6.73,149193177
2023/9/4,6.86,7.04,7.12,6.86,167630714
2023/9/5,7.01,6.89,7.02,6.86,94305014
2023/9/6,6.86,6.87,6.89,6.77,75952017
2023/9/7,6.85,6.82,6.95,6.8,77380067
2023/9/8,6.78,6.8,6.82,6.75,48869067
2023/9/11,6.81,6.86,6.9,6.75,70859798
2023/9/12,6.85,6.86,6.94,6.82,64210723
2023/9/13,6.85,6.83,6.92,6.79,63521361
2023/9/14,6.83,6.84,6.9,6.77,71839447
2023/9/15,6.86,6.68,6.91,6.64,135681297
2023/9/18,6.65,6.7,6.74,6.63,66015713
2023/9/19,6.69,6.71,6.74,6.64,56510622
2023/9/20,6.71,6.7,6.74,6.67,43958241
2023/9/21,6.69,6.6,6.72,6.6,72606867
2023/9/22,6.58,6.86,6.87,6.58,138162055
2023/9/25,6.85,6.76,6.86,6.74,74285549
2023/9/26,6.74,6.71,6.8,6.7,56231742
2023/9/27,6.71,6.79,6.86,6.71,98216891
2023/9/28,6.8,6.82,6.83,6.73,57312804
2023/10/9,6.77,6.76,6.85,6.71,64944069
2023/10/10,6.78,6.23,6.81,6.15,300951282
2023/10/11,6.23,6.31,6.36,6.22,147452176
2023/10/12,6.36,6.48,6.58,6.35,140184324
2023/10/13,6.42,6.35,6.47,6.32,82160231
2023/10/16,6.35,6.35,6.38,6.31,59780781
2023/10/17,6.39,6.38,6.45,6.33,56029848
2023/10/18,6.36,6.26,6.37,6.25,65039471
2023/10/19,6.23,6.13,6.25,6.12,89476615
2023/10/20,6.12,6.12,6.23,6.1,71352624
2023/10/23,6.08,6.02,6.15,5.94,81558785
2023/10/24,6.05,6.08,6.1,5.97,68249055
2023/10/25,6.21,6.16,6.25,6.14,90459939
2023/10/26,6.11,6.2,6.22,6.09,65080544
2023/10/27,6.21,6.23,6.27,6.15,67697260
2023/10/30,6.21,6.16,6.23,6.14,87693507
2023/10/31,6.18,6.05,6.2,6,111294766
2023/11/1,6.07,5.94,6.07,5.88,119199277
2023/11/2,5.92,5.9,6.04,5.9,97243402
2023/11/3,5.9,5.88,5.92,5.86,102845835
2023/11/6,5.9,5.98,5.98,5.83,130642142
2023/11/7,5.96,5.91,5.97,5.89,90032473
2023/11/8,5.89,5.88,5.91,5.83,87130930
2023/11/9,5.87,5.89,5.97,5.85,98811824
2023/11/10,5.87,5.81,5.88,5.73,126544483
2023/11/13,5.82,5.9,5.9,5.77,93325999
2023/11/14,5.9,5.9,5.99,5.87,92404096
2023/11/15,5.95,5.91,5.96,5.89,73041172
2023/11/16,5.9,5.85,5.91,5.85,56231106
2023/11/17,5.83,5.81,5.85,5.78,80059166
2023/11/20,5.81,5.81,5.82,5.75,79644633
2023/11/21,5.82,5.86,5.91,5.81,114349562
2023/11/22,5.84,5.77,5.85,5.77,66695612
2023/11/23,5.78,5.82,5.83,5.74,56901275
2023/11/24,5.82,5.77,5.88,5.76,60262085
2023/11/27,5.77,5.69,5.77,5.64,91322175
2023/11/28,5.68,5.7,5.72,5.65,56156087
2023/11/29,5.69,5.61,5.7,5.59,78570165
2023/11/30,5.61,5.64,5.7,5.6,72955062
2023/12/1,5.64,5.73,5.74,5.61,85750508
2023/12/4,5.74,5.71,5.77,5.68,60619778
2023/12/5,5.68,5.59,5.7,5.59,59118415
2023/12/6,5.58,5.58,5.61,5.48,71163088
2023/12/7,5.56,5.57,5.62,5.55,55939242
2023/12/8,5.57,5.53,5.62,5.53,75141535
2023/12/11,5.5,5.57,5.6,5.42,92974665
2023/12/12,5.55,5.63,5.63,5.52,65378943
2023/12/13,5.62,5.54,5.63,5.53,64439155
2023/12/14,5.56,5.55,5.63,5.54,61411287
2023/12/15,5.57,5.5,5.59,5.49,64447955
2023/12/18,5.48,5.46,5.54,5.45,48623983
2023/12/19,5.44,5.42,5.48,5.37,62643394
2023/12/20,5.42,5.39,5.5,5.39,61277388
2023/12/21,5.37,5.47,5.5,5.35,77110204
2023/12/22,5.49,5.52,5.59,5.44,94256015
2023/12/25,5.5,5.51,5.54,5.47,53820201
2023/12/26,5.52,5.51,5.55,5.5,49536554
2023/12/27,5.51,5.58,5.62,5.5,86779849
2023/12/28,5.57,5.71,5.72,5.56,122254051
2023/12/29,5.7,5.68,5.73,5.67,74974849
