,600028.SH,600028.SH,600028.SH,600028.SH,600028.SH
,中国石化,中国石化,中国石化,中国石化,中国石化
date,open,close,high,low,volume
2014/1/2,4.46,4.46,4.49,4.44,34716699
2014/1/3,4.43,4.38,4.44,4.35,38122924
2014/1/6,4.36,4.48,4.49,4.3,65410498
2014/1/7,4.43,4.4,4.45,4.39,44528748
2014/1/8,4.41,4.39,4.46,4.36,34388978
2014/1/9,4.4,4.4,4.44,4.36,23632146
2014/1/10,4.39,4.42,4.45,4.39,27551966
2014/1/13,4.43,4.48,4.49,4.39,44062053
2014/1/14,4.46,4.59,4.6,4.45,70843769
2014/1/15,4.58,4.65,4.66,4.54,46615533
2014/1/16,4.64,4.62,4.65,4.6,21152927
2014/1/17,4.61,4.66,4.68,4.59,49037516
2014/1/20,4.66,4.62,4.66,4.5,29532573
2014/1/21,4.58,4.61,4.65,4.56,20238643
2014/1/22,4.6,4.65,4.66,4.59,37143152
2014/1/23,4.61,4.58,4.62,4.54,37685572
2014/1/24,4.57,4.6,4.61,4.55,28579969
2014/1/27,4.57,4.52,4.57,4.49,33444632
2014/1/28,4.54,4.49,4.56,4.48,23967045
2014/1/29,4.49,4.49,4.52,4.47,29583164
2014/1/30,4.49,4.46,4.5,4.45,14031345
2014/2/7,4.44,4.47,4.48,4.4,16970613
2014/2/10,4.47,4.52,4.52,4.46,47180281
2014/2/11,4.51,4.54,4.57,4.48,53933480
2014/2/12,4.54,4.52,4.58,4.5,34119023
2014/2/13,4.53,4.5,4.54,4.5,28434569
2014/2/14,4.5,4.53,4.54,4.49,19865903
2014/2/17,4.54,4.57,4.58,4.51,53158948
2014/2/18,4.56,4.53,4.59,4.51,55271300
2014/2/19,4.52,4.7,4.85,4.5,147369873
2014/2/20,5.05,5.17,5.17,5.05,185242557
2014/2/21,5.1,5.01,5.15,4.8,256515738
2014/2/24,4.91,4.82,4.97,4.69,128373998
2014/2/25,4.8,4.89,5.02,4.74,125441712
2014/2/26,4.97,5.07,5.08,4.92,122661001
2014/2/27,5.11,5.41,5.58,4.99,352995984
2014/2/28,5.3,5.37,5.47,5.26,175352141
2014/3/3,5.34,5.38,5.54,5.31,216635065
2014/3/4,5.38,5.33,5.47,5.24,112207270
2014/3/5,5.32,5.1,5.33,5.09,124387014
2014/3/6,5.12,5.22,5.3,5.02,114113251
2014/3/7,5.26,5.35,5.57,5.24,201532164
2014/3/10,5.3,5.2,5.35,5.15,115462900
2014/3/11,5.18,5.22,5.28,5.14,65268134
2014/3/12,5.16,4.97,5.19,4.82,138048950
2014/3/13,4.97,4.98,5.06,4.93,74086871
2014/3/14,4.94,4.97,5.06,4.91,50573484
2014/3/17,5.1,5.07,5.14,4.99,57622968
2014/3/18,5.07,5.02,5.1,5,45506370
2014/3/19,5.02,5.05,5.09,5,46367977
2014/3/20,5.04,5.07,5.19,5,88102430
2014/3/21,5.02,5.24,5.28,5.01,114838577
2014/3/24,5.19,5.22,5.24,5.1,85468205
2014/3/25,5.26,5.17,5.3,5.13,65329930
2014/3/26,5.2,5.15,5.2,5.09,44445669
2014/3/27,5.11,5.04,5.14,5.03,54118908
2014/3/28,5.07,5.02,5.08,4.99,60217069
2014/3/31,5.03,5.03,5.09,5,50777153
2014/4/1,5.03,5.04,5.05,5,36243324
2014/4/2,5.07,5.09,5.12,5.04,50375360
2014/4/3,5.09,5.07,5.12,4.98,96443745
2014/4/4,5.01,5.04,5.04,4.99,45096297
2014/4/8,5.02,5.14,5.25,5.02,179521499
2014/4/9,5.16,5.31,5.34,5.14,139505322
2014/4/10,5.33,5.36,5.42,5.27,120429500
2014/4/11,5.36,5.32,5.47,5.29,91303149
2014/4/14,5.32,5.44,5.44,5.28,79394542
2014/4/15,5.41,5.29,5.44,5.28,76548512
2014/4/16,5.28,5.26,5.34,5.2,52937852
2014/4/17,5.24,5.24,5.28,5.2,51814932
2014/4/18,5.23,5.23,5.25,5.16,38687595
2014/4/21,5.19,5.13,5.28,5.13,43474088
2014/4/22,5.11,5.23,5.26,5.1,77728754
2014/4/23,5.21,5.22,5.31,5.19,49151777
2014/4/24,5.2,5.19,5.25,5.17,23845552
2014/4/25,5.22,5.07,5.23,5.04,57564448
2014/4/28,5.09,5.07,5.14,5,49208381
2014/4/29,5.04,5.02,5.04,4.93,70704004
2014/4/30,5,5.02,5.08,4.98,35694256
2014/5/5,5.01,5.04,5.07,4.95,42037776
2014/5/6,5.03,5.03,5.05,5,21550092
2014/5/7,5.01,4.94,5.02,4.93,43761702
2014/5/8,4.93,4.96,5.02,4.91,38591572
2014/5/9,4.97,4.96,4.99,4.94,29535957
2014/5/12,4.99,5.07,5.09,4.96,59391502
2014/5/13,5.08,5.1,5.19,5.06,65110773
2014/5/14,5.06,5.13,5.16,5.06,33517636
2014/5/15,5.12,5.03,5.12,5.03,25230513
2014/5/16,5.03,5.03,5.06,5.01,22241598
2014/5/19,5.03,4.99,5.04,4.91,45671762
2014/5/20,4.99,5,5.04,4.98,23281112
2014/5/21,5,5.11,5.11,4.99,46017727
2014/5/22,5.1,5.09,5.14,5.06,31761011
2014/5/23,5.08,5.11,5.11,5.06,15899686
2014/5/26,5.13,5.07,5.13,5.05,23388107
2014/5/27,5.07,5.04,5.09,5.03,27706040
2014/5/28,5.04,5.07,5.09,5.02,29076545
2014/5/29,5.08,5.11,5.13,5.07,45841325
2014/5/30,5.12,5.1,5.14,5.07,33916872
2014/6/3,4.99,5.04,5.1,4.96,42362756
2014/6/4,5.04,5.04,5.04,4.99,26282617
2014/6/5,5.01,5.03,5.04,4.98,23310552
2014/6/6,5.04,5.03,5.04,5,20864361
2014/6/9,5,5.02,5.07,4.99,15700066
2014/6/10,5.03,5.11,5.14,4.99,62743852
2014/6/11,5.08,5.12,5.14,5.07,29797728
2014/6/12,5.12,5.08,5.12,5.05,25586460
2014/6/13,5.08,5.13,5.14,5.08,35904914
2014/6/16,5.13,5.21,5.21,5.13,74630073
2014/6/17,5.2,5.18,5.2,5.16,31067271
2014/6/18,5.17,5.12,5.18,5.11,30873279
2014/6/19,5.12,5.08,5.15,5.04,37444835
2014/6/20,5.07,5.09,5.11,5.02,27793120
2014/6/23,5.1,5.06,5.13,5.05,26869535
2014/6/24,5.06,5.07,5.1,5.05,20203547
2014/6/25,5.06,5.18,5.21,5.06,74509487
2014/6/26,5.17,5.21,5.26,5.15,62695119
2014/6/27,5.21,5.24,5.26,5.16,61018242
2014/6/30,5.26,5.27,5.3,5.18,59494559
2014/7/1,5.22,5.1,5.22,5.07,115126357
2014/7/2,5.11,5.11,5.12,5.08,45746226
2014/7/3,5.1,5.09,5.1,5.05,51796548
2014/7/4,5.08,5.06,5.1,5.02,69092907
2014/7/7,5.05,5.04,5.08,5.01,61135934
2014/7/8,5.03,5.05,5.06,5.01,57907422
2014/7/9,5.04,4.98,5.04,4.98,54149641
2014/7/10,4.98,4.96,5,4.96,35677737
2014/7/11,4.97,5,5.01,4.95,31347443
2014/7/14,5,5.03,5.04,4.95,41881971
2014/7/15,5.03,5.01,5.04,5,34870046
2014/7/16,5.01,5,5.02,4.99,45466396
2014/7/17,5,4.98,5,4.95,44575715
2014/7/18,4.97,4.97,4.98,4.95,45283589
2014/7/21,4.96,4.89,4.97,4.89,65098477
2014/7/22,4.89,4.99,5,4.89,87148558
2014/7/23,4.98,5.02,5.04,4.97,76649613
2014/7/24,5.03,5.08,5.1,5.03,85219134
2014/7/25,5.08,5.11,5.12,5.06,65093598
2014/7/28,5.13,5.21,5.23,5.11,134957313
2014/7/29,5.19,5.17,5.24,5.17,88920818
2014/7/30,5.2,5.23,5.35,5.2,179571872
2014/7/31,5.2,5.22,5.23,5.15,73144266
2014/8/1,5.18,5.17,5.24,5.16,68414605
2014/8/4,5.17,5.29,5.3,5.16,104250549
2014/8/5,5.28,5.24,5.3,5.21,59010420
2014/8/6,5.22,5.22,5.23,5.18,54531080
2014/8/7,5.22,5.15,5.23,5.11,75401982
2014/8/8,5.16,5.24,5.24,5.14,81782071
2014/8/11,5.24,5.29,5.32,5.22,93833686
2014/8/12,5.31,5.29,5.34,5.26,58124618
2014/8/13,5.31,5.28,5.33,5.24,63650738
2014/8/14,5.28,5.22,5.28,5.22,48026126
2014/8/15,5.23,5.27,5.29,5.21,43267832
2014/8/18,5.26,5.27,5.33,5.26,67588200
2014/8/19,5.29,5.41,5.44,5.22,190964234
2014/8/20,5.35,5.36,5.42,5.32,125909551
2014/8/21,5.36,5.32,5.36,5.27,66773642
2014/8/22,5.32,5.3,5.32,5.27,68466461
2014/8/25,5.31,5.43,5.47,5.31,214962359
2014/8/26,5.43,5.43,5.52,5.39,106869861
2014/8/27,5.5,5.44,5.5,5.38,68342302
2014/8/28,5.44,5.52,5.64,5.43,106860219
2014/8/29,5.53,5.53,5.58,5.49,52502681
2014/9/1,5.52,5.55,5.59,5.5,54703148
2014/9/2,5.55,5.57,5.58,5.49,70765959
2014/9/3,5.58,5.69,5.72,5.55,109135628
2014/9/4,5.69,5.69,5.72,5.63,90869704
2014/9/5,5.7,5.74,5.76,5.67,96280550
2014/9/9,5.74,5.7,5.75,5.67,61880538
2014/9/10,5.67,5.63,5.69,5.56,90980995
2014/9/11,5.61,5.6,5.68,5.58,73255778
2014/9/12,5.6,5.64,5.66,5.51,73876964
2014/9/15,5.73,5.6,5.74,5.55,276445376
2014/9/16,5.57,5.45,5.57,5.43,185164506
2014/9/17,5.45,5.43,5.45,5.38,89622802
2014/9/18,5.41,5.42,5.46,5.38,81151218
2014/9/19,5.43,5.44,5.44,5.38,65307589
2014/9/22,5.42,5.33,5.42,5.29,118775835
2014/9/23,5.31,5.34,5.35,5.27,73794247
2014/9/24,5.26,5.32,5.33,5.22,92110212
2014/9/25,5.33,5.33,5.37,5.32,97383314
2014/9/26,5.32,5.31,5.33,5.28,52045495
2014/9/29,5.31,5.31,5.35,5.28,80411398
2014/9/30,5.32,5.3,5.32,5.27,79993236
2014/10/8,5.31,5.29,5.32,5.22,105867574
2014/10/9,5.29,5.31,5.34,5.27,108529950
2014/10/10,5.29,5.27,5.32,5.26,75511698
2014/10/13,5.25,5.19,5.26,5.16,106490319
2014/10/14,5.2,5.2,5.24,5.18,58589511
2014/10/15,5.19,5.2,5.21,5.16,67814289
2014/10/16,5.17,5.19,5.24,5.16,78869243
2014/10/17,5.19,5.15,5.19,5.12,79155989
2014/10/20,5.15,5.16,5.17,5.14,48710195
2014/10/21,5.16,5.12,5.17,5.11,52184022
2014/10/22,5.13,5.12,5.15,5.11,50481570
2014/10/23,5.11,5.07,5.12,5.05,68728449
2014/10/24,5.07,5.05,5.09,5.04,39992533
2014/10/27,5.04,5.02,5.04,4.99,56085979
2014/10/28,5.02,5.09,5.09,5.01,67067786
2014/10/29,5.09,5.15,5.16,5.06,93521058
2014/10/30,5.13,5.18,5.22,5.11,136533908
2014/10/31,5.17,5.27,5.29,5.16,206047776
2014/11/3,5.27,5.25,5.27,5.23,117736597
2014/11/4,5.22,5.22,5.25,5.18,110753063
2014/11/5,5.22,5.17,5.23,5.16,88370431
2014/11/6,5.18,5.16,5.2,5.15,74526263
2014/11/7,5.16,5.16,5.21,5.12,110540715
2014/11/10,5.17,5.26,5.26,5.14,162756338
2014/11/11,5.26,5.33,5.43,5.24,354791520
2014/11/12,5.28,5.29,5.3,5.23,152183774
2014/11/13,5.29,5.31,5.36,5.27,172482957
2014/11/14,5.3,5.24,5.3,5.21,111363074
2014/11/17,5.25,5.2,5.27,5.19,97132348
2014/11/18,5.18,5.11,5.19,5.09,113039258
2014/11/19,5.09,5.08,5.11,5.06,72800494
2014/11/20,5.07,5.09,5.1,5.06,55189668
2014/11/21,5.1,5.12,5.12,5.06,86486414
2014/11/24,5.15,5.17,5.2,5.12,152959669
2014/11/25,5.16,5.19,5.2,5.13,141993943
2014/11/26,5.17,5.27,5.28,5.16,271122000
2014/11/27,5.29,5.28,5.33,5.22,215190752
2014/11/28,5.23,5.39,5.42,5.21,444420416
2014/12/1,5.41,5.41,5.57,5.37,454834992
2014/12/2,5.41,5.63,5.65,5.34,502765120
2014/12/3,5.69,5.68,5.91,5.54,586157056
2014/12/4,5.7,6.25,6.25,5.58,848207872
2014/12/5,6.22,6.56,6.78,6,1471220464
2014/12/8,6.3,6.43,6.58,6.15,1155371888
2014/12/9,6.28,5.9,6.48,5.79,1231388928
2014/12/10,5.85,5.88,5.95,5.66,564993776
2014/12/11,5.79,5.76,5.82,5.68,461944384
2014/12/12,5.75,5.76,5.84,5.72,358546560
2014/12/15,5.75,5.75,5.76,5.65,308960208
2014/12/16,5.73,5.9,5.9,5.7,522874080
2014/12/17,5.91,6.01,6.07,5.82,629754080
2014/12/18,6.05,5.98,6.13,5.94,485257328
2014/12/19,5.94,6.22,6.33,5.85,720191744
2014/12/22,6.28,6.35,6.66,6.25,1033422736
2014/12/23,6.27,6.03,6.31,6.01,493233232
2014/12/24,6.06,5.86,6.1,5.8,447006896
2014/12/25,5.88,6,6.01,5.84,390664912
2014/12/26,6,6.17,6.19,5.95,515090112
2014/12/29,6.38,6.25,6.5,6.19,734613248
2014/12/30,6.24,6.26,6.35,6.15,427391984
2014/12/31,6.29,6.49,6.51,6.22,696007600
2015/1/5,6.59,7.14,7.14,6.45,1186499648
2015/1/6,7.18,7,7.22,6.81,1089998432
2015/1/7,6.91,7.18,7.26,6.76,787315296
2015/1/8,7.09,6.85,7.41,6.83,819090240
2015/1/9,6.78,6.73,7.03,6.64,603203744
2015/1/12,6.64,6.57,6.73,6.52,342106896
2015/1/13,6.56,6.58,6.73,6.5,291014896
2015/1/14,6.58,6.58,6.66,6.51,244587549
2015/1/15,6.63,6.9,6.95,6.56,433880944
2015/1/16,6.85,6.93,7.04,6.83,493614192
2015/1/19,6.53,6.24,6.74,6.24,588669376
2015/1/20,6.27,6.32,6.44,6.19,405835776
2015/1/21,6.31,6.6,6.7,6.24,506850480
2015/1/22,6.58,6.58,6.64,6.52,327285904
2015/1/23,6.6,6.6,6.82,6.55,428526896
2015/1/26,6.58,6.67,6.7,6.52,281930768
2015/1/27,6.67,6.48,6.72,6.38,394545024
2015/1/28,6.43,6.34,6.46,6.31,307168320
2015/1/29,6.2,6.16,6.21,6.05,604762592
2015/1/30,6.14,6.03,6.17,6.02,502445632
2015/2/2,5.98,5.87,6,5.85,441451120
2015/2/3,5.93,6.01,6.02,5.88,519816192
2015/2/4,6.03,5.92,6.11,5.91,481230240
2015/2/5,6.03,5.83,6.03,5.82,421405984
2015/2/6,5.81,5.69,5.82,5.65,464727376
2015/2/9,5.62,5.68,5.72,5.55,457007360
2015/2/10,5.63,5.74,5.75,5.61,499062176
2015/2/11,5.74,5.7,5.74,5.67,333182320
2015/2/12,5.7,5.83,5.86,5.64,454096304
2015/2/13,5.85,5.84,5.92,5.82,415021008
2015/2/16,5.85,5.87,5.89,5.81,239464165
2015/2/17,5.88,5.89,5.92,5.87,248451878
2015/2/25,6.06,6.09,6.19,6.02,919770400
2015/2/26,6.06,6.13,6.14,5.98,494122096
2015/2/27,6.1,6.32,6.4,6.08,771479712
2015/3/2,6.28,6.26,6.28,6.18,530492336
2015/3/3,6.21,6.03,6.22,6.01,483644496
2015/3/4,6.03,6.08,6.14,5.97,389003296
2015/3/5,6.01,5.95,6.05,5.9,404835584
2015/3/6,5.94,5.96,6.02,5.92,232007973
2015/3/9,6,6.11,6.12,5.95,456849440
2015/3/10,6.1,6.04,6.1,6.02,278327520
2015/3/11,6.03,6.06,6.15,6.01,317362112
2015/3/12,6.08,6.16,6.2,6.03,492428432
2015/3/13,6.17,6.17,6.27,6.14,462138240
2015/3/16,6.18,6.24,6.24,6.13,512670480
2015/3/17,6.26,6.34,6.35,6.22,801711504
2015/3/18,6.34,6.42,6.43,6.28,742749760
2015/3/19,6.41,6.42,6.54,6.36,689576656
2015/3/20,6.4,6.41,6.48,6.34,694904544
2015/3/23,6.36,6.43,6.44,6.31,1015170512
2015/3/24,6.45,6.37,6.47,6.27,815499344
2015/3/25,6.36,6.26,6.37,6.23,546337568
2015/3/26,6.25,6.44,6.46,6.2,972991520
2015/3/27,6.46,6.37,6.48,6.34,508854480
2015/3/30,6.35,6.49,6.51,6.34,858380304
2015/3/31,6.52,6.41,6.58,6.4,828587600
2015/4/1,6.38,6.47,6.5,6.37,590570288
2015/4/2,6.52,6.48,6.56,6.42,671376080
2015/4/3,6.43,6.45,6.46,6.39,536571296
2015/4/7,6.49,6.66,6.68,6.47,1063139120
2015/4/8,6.69,6.74,6.79,6.55,1155811552
2015/4/9,6.68,6.67,6.78,6.55,852473968
2015/4/10,6.66,6.71,6.73,6.63,667060864
2015/4/13,6.74,6.82,6.85,6.71,834708368
2015/4/14,6.8,6.74,6.8,6.69,649371680
2015/4/15,6.76,6.78,6.94,6.65,876734384
2015/4/16,6.8,7.02,7.1,6.76,1112888960
2015/4/17,7.21,7.34,7.48,7.11,1616798336
2015/4/20,7.26,7.14,7.48,7.1,1380777296
2015/4/21,7.17,7.27,7.34,7.11,688947968
2015/4/22,7.3,7.45,7.48,7.24,889244256
2015/4/23,7.48,7.58,7.76,7.4,1050462048
2015/4/24,7.46,7.78,8.11,7.41,1300114528
2015/4/27,8.05,8.56,8.56,7.95,1215365296
2015/4/28,8.7,8.67,9.27,8.47,2638625120
2015/4/29,8.5,8.31,8.5,8.12,1154151728
2015/4/30,8.29,8.12,8.36,8.07,923690208
2015/5/4,8.08,8.16,8.21,7.91,733861232
2015/5/5,8.2,7.92,8.56,7.9,1029475872
2015/5/6,7.86,7.75,8.1,7.63,741945968
2015/5/7,7.7,7.49,7.74,7.45,579656576
2015/5/8,7.56,7.58,7.59,7.35,596009024
2015/5/11,7.57,7.73,7.74,7.47,721889696
2015/5/12,7.75,7.76,7.8,7.67,581853776
2015/5/13,7.75,7.54,7.75,7.49,635523408
2015/5/14,7.48,7.61,7.7,7.36,643940464
2015/5/15,7.52,7.31,7.56,7.27,530655120
2015/5/18,7.22,7.12,7.24,7.08,445259696
2015/5/19,7.09,7.35,7.36,7.08,518635312
2015/5/20,7.35,7.31,7.45,7.29,529583952
2015/5/21,7.32,7.32,7.34,7.17,433775120
2015/5/22,7.39,7.64,7.66,7.36,793639872
2015/5/25,7.64,7.9,7.93,7.59,840871168
2015/5/26,7.95,7.94,7.98,7.74,764228784
2015/5/27,7.94,8.1,8.16,7.91,859664560
2015/5/28,8.06,7.34,8.06,7.29,1091979248
2015/5/29,7.31,7.21,7.4,7.08,664306576
2015/6/1,7.21,7.5,7.51,7.16,569080304
2015/6/2,7.48,7.5,7.52,7.34,585028544
2015/6/3,7.5,7.47,7.63,7.39,523182176
2015/6/4,7.47,7.62,7.64,7.2,731816480
2015/6/5,7.7,7.77,7.8,7.58,945230784
2015/6/8,7.8,8.17,8.22,7.72,1303436784
2015/6/9,8.1,8.03,8.12,7.9,981786384
2015/6/10,7.96,7.94,8,7.88,625093616
2015/6/11,7.95,7.86,7.95,7.77,542889024
2015/6/12,7.88,7.9,7.94,7.81,594155696
2015/6/15,7.92,7.71,7.99,7.7,651054736
2015/6/16,7.61,7.44,7.67,7.36,553309968
2015/6/17,7.49,7.6,7.63,7.37,431081424
2015/6/18,7.55,7.32,7.63,7.3,443924160
2015/6/19,7.14,6.83,7.25,6.8,530453664
2015/6/23,6.84,7.02,7.06,6.55,472914560
2015/6/24,7.05,7.29,7.34,7,651386176
2015/6/25,7.24,7.02,7.3,6.99,542526128
2015/6/26,6.9,6.67,7.13,6.36,674367264
2015/6/29,6.79,6.75,6.98,6.21,739878032
2015/6/30,6.7,7.06,7.07,6.56,666687616
2015/7/1,7,6.77,7.07,6.75,472485360
2015/7/2,6.82,7.14,7.29,6.36,1120337536
2015/7/3,6.94,6.75,7.23,6.64,802830496
2015/7/6,7.15,7.34,7.4,6.9,1645561568
2015/7/7,7.2,7.47,7.88,7.1,1419746528
2015/7/8,6.72,6.72,7.35,6.72,1277159200
2015/7/9,6.4,7.14,7.27,6.05,1353330448
2015/7/10,6.95,7.35,7.7,6.81,1385507776
2015/7/13,7.21,7.18,7.37,7.03,878001200
2015/7/14,7.09,6.99,7.16,6.85,616077456
2015/7/15,6.92,7.31,7.37,6.88,1193227440
2015/7/16,7.31,7.11,7.35,6.9,823056080
2015/7/17,7.01,7.08,7.17,6.98,568722528
2015/7/20,7.03,7.14,7.26,6.99,710111360
2015/7/21,7.06,7.03,7.11,6.99,483908272
2015/7/22,7,6.99,7.08,6.97,416557264
2015/7/23,6.98,7.02,7.04,6.96,373850176
2015/7/24,7.01,6.99,7.13,6.98,486689200
2015/7/27,6.9,6.29,6.97,6.29,604792560
2015/7/28,6.08,6.15,6.46,6.01,528122224
2015/7/29,6.13,6.24,6.26,6.06,320092496
2015/7/30,6.21,6.16,6.31,6.15,293804416
2015/7/31,6.12,6,6.16,5.91,272597056
2015/8/3,5.95,5.78,5.95,5.66,406631040
2015/8/4,5.8,5.93,5.94,5.75,296685056
2015/8/5,5.9,5.81,5.93,5.78,219000123
2015/8/6,5.75,5.75,5.82,5.72,153672604
2015/8/7,5.79,5.85,5.88,5.78,188666692
2015/8/10,5.87,6.12,6.14,5.86,429261232
2015/8/11,6.1,6.12,6.21,6.03,373680832
2015/8/12,6.03,6.04,6.12,6.02,218499962
2015/8/13,6.04,6.07,6.09,5.95,213963143
2015/8/14,6.06,6.07,6.14,6.05,249344206
2015/8/17,6.06,6.02,6.06,5.98,219727667
2015/8/18,6.03,5.83,6.13,5.82,464393440
2015/8/19,5.73,5.79,5.81,5.56,357378688
2015/8/20,5.71,5.6,5.74,5.59,252745223
2015/8/21,5.55,5.48,5.68,5.45,266368773
2015/8/24,5.39,4.99,5.55,4.93,559796816
2015/8/25,4.81,4.49,4.96,4.49,482486880
2015/8/26,4.58,4.57,4.7,4.37,414957792
2015/8/27,4.63,4.75,4.77,4.56,300108848
2015/8/28,4.91,5.03,5.05,4.88,396083632
2015/8/31,5,4.95,5,4.85,264983731
2015/9/1,5.05,5.09,5.15,4.99,426941184
2015/9/2,4.9,4.89,5.03,4.8,354645936
2015/9/7,4.95,4.91,5.08,4.9,299819152
2015/9/8,4.9,5.04,5.05,4.85,228886543
2015/9/9,5.06,5.15,5.22,5.02,383896432
2015/9/10,5.07,5.05,5.1,5.02,211315351
2015/9/11,5.06,5.02,5.09,5,114055053
2015/9/14,5.05,4.85,5.06,4.81,225702999
2015/9/15,4.82,4.84,4.98,4.79,237365121
2015/9/16,4.86,5,5.05,4.78,267906772
2015/9/17,4.99,4.95,5.09,4.94,271938096
2015/9/18,4.97,4.95,4.99,4.92,119962411
2015/9/21,4.92,5,5,4.9,126131609
2015/9/22,5.01,5.04,5.07,4.99,160499202
2015/9/23,4.91,4.85,4.94,4.85,125361563
2015/9/24,4.87,4.86,4.89,4.83,88847116
2015/9/25,4.85,4.87,4.91,4.81,156776090
2015/9/28,4.83,4.83,4.85,4.75,92683573
2015/9/29,4.76,4.72,4.78,4.7,117882026
2015/9/30,4.74,4.74,4.77,4.71,78965549
2015/10/8,4.99,4.89,4.99,4.89,208117478
2015/10/9,4.93,5.03,5.04,4.9,247912612
2015/10/12,5.03,5.15,5.2,5,278288912
2015/10/13,5.1,5.09,5.13,5.07,145789934
2015/10/14,5.07,5.07,5.11,5.03,157388701
2015/10/15,5.05,5.13,5.15,5.04,187189750
2015/10/16,5.17,5.21,5.23,5.12,277659328
2015/10/19,5.21,5.15,5.24,5.13,186526850
2015/10/20,5.13,5.17,5.18,5.1,156377543
2015/10/21,5.16,5.14,5.23,5,389252656
2015/10/22,5.09,5.1,5.11,5.05,144950879
2015/10/23,5.11,5.13,5.14,5.09,157450110
2015/10/26,5.16,5.13,5.18,5.12,180490789
2015/10/27,5.11,5.09,5.13,5.03,140374679
2015/10/28,5.08,5.06,5.14,5.05,173638858
2015/10/29,5.09,5.07,5.09,5.05,113611129
2015/10/30,5.03,5.03,5.08,4.99,188536977
2015/11/2,5,4.94,5.01,4.93,143343576
2015/11/3,4.96,4.91,4.97,4.9,96517250
2015/11/4,4.94,5.09,5.1,4.92,309389536
2015/11/5,5.05,5.22,5.39,5.05,598193200
2015/11/6,5.2,5.26,5.28,5.16,317211248
2015/11/9,5.23,5.35,5.42,5.22,385411792
2015/11/10,5.31,5.39,5.46,5.29,354430432
2015/11/11,5.38,5.35,5.42,5.3,200215074
2015/11/12,5.35,5.28,5.35,5.23,168824871
2015/11/13,5.22,5.17,5.25,5.16,187791069
2015/11/16,5.09,5.19,5.2,5.08,135714673
2015/11/17,5.19,5.21,5.35,5.18,268892784
2015/11/18,5.17,5.16,5.26,5.15,168441319
2015/11/19,5.18,5.19,5.21,5.14,156820844
2015/11/20,5.19,5.17,5.2,5.15,157374231
2015/11/23,5.16,5.12,5.17,5.11,143491209
2015/11/24,5.11,5.12,5.13,5.08,96782001
2015/11/25,5.15,5.14,5.15,5.1,130984825
2015/11/26,5.15,5.16,5.21,5.13,191261942
2015/11/27,5.14,4.9,5.15,4.88,258366572
2015/11/30,4.91,4.91,4.96,4.82,160312483
2015/12/1,4.91,4.93,4.94,4.85,110852337
2015/12/2,4.93,5.09,5.1,4.89,219086041
2015/12/3,5.05,5.14,5.23,5.01,231736317
2015/12/4,5.09,5.03,5.12,5.01,178155552
2015/12/7,5.02,5.02,5.05,4.98,92499274
2015/12/8,4.93,4.91,4.96,4.9,125212795
2015/12/9,4.9,4.89,4.94,4.86,79511791
2015/12/10,4.9,4.89,4.93,4.87,83539742
2015/12/11,4.87,4.83,4.88,4.78,135089205
2015/12/14,4.8,4.91,4.91,4.77,113085353
2015/12/15,4.9,4.89,4.94,4.86,109989975
2015/12/16,4.96,4.99,5.05,4.95,232786124
2015/12/17,4.99,5.02,5.05,4.97,163428385
2015/12/18,5.01,5,5.08,4.99,121638264
2015/12/21,4.98,5.05,5.07,4.94,183148618
2015/12/22,5.06,5.05,5.07,5.01,126466117
2015/12/23,5.05,5.06,5.1,5.02,213526831
2015/12/24,5.09,5.04,5.1,5.02,149006321
2015/12/25,5.05,5.03,5.06,5,104945383
2015/12/28,5.03,4.92,5.05,4.92,156701216
2015/12/29,4.92,4.96,4.96,4.9,85290763
2015/12/30,4.97,4.97,5,4.93,111243300
2015/12/31,4.97,4.96,5,4.95,96770448
2016/1/4,4.97,4.78,5,4.75,147078224
2016/1/5,4.74,4.74,4.83,4.7,225244621
2016/1/6,4.75,4.9,4.93,4.72,232901473
2016/1/7,4.83,4.65,4.84,4.59,55148800
2016/1/8,4.75,4.77,4.83,4.65,222210697
2016/1/11,4.72,4.65,4.79,4.64,188143097
2016/1/12,4.65,4.68,4.74,4.61,131753953
2016/1/13,4.7,4.64,4.74,4.63,126922672
2016/1/14,4.6,4.64,4.66,4.53,146028116
2016/1/15,4.61,4.46,4.63,4.45,164622945
2016/1/18,4.39,4.44,4.48,4.36,82836569
2016/1/19,4.45,4.54,4.57,4.42,92553059
2016/1/20,4.52,4.49,4.56,4.43,119658260
2016/1/21,4.44,4.41,4.53,4.4,112210806
2016/1/22,4.46,4.47,4.51,4.4,104399300
2016/1/25,4.52,4.5,4.54,4.48,99555357
2016/1/26,4.46,4.28,4.47,4.25,128354107
2016/1/27,4.31,4.36,4.42,4.15,169745179
2016/1/28,4.31,4.32,4.48,4.29,171830903
2016/1/29,4.33,4.38,4.44,4.29,141986434
2016/2/1,4.38,4.3,4.38,4.28,90838929
2016/2/2,4.27,4.33,4.35,4.26,75786781
2016/2/3,4.28,4.27,4.29,4.23,66865633
2016/2/4,4.3,4.33,4.34,4.29,77367247
2016/2/5,4.33,4.34,4.4,4.3,71349736
2016/2/15,4.24,4.3,4.33,4.22,65465196
2016/2/16,4.32,4.41,4.44,4.32,128723690
2016/2/17,4.38,4.45,4.47,4.37,127064847
2016/2/18,4.48,4.44,4.5,4.42,118010921
2016/2/19,4.42,4.4,4.45,4.38,72901535
2016/2/22,4.42,4.49,4.5,4.41,132927655
2016/2/23,4.5,4.48,4.53,4.44,114403180
2016/2/24,4.45,4.5,4.51,4.42,76354560
2016/2/25,4.48,4.28,4.49,4.27,133300059
2016/2/26,4.33,4.36,4.38,4.3,95334268
2016/2/29,4.34,4.35,4.37,4.25,157127026
2016/3/1,4.35,4.41,4.43,4.32,93591345
2016/3/2,4.44,4.55,4.56,4.42,225526884
2016/3/3,4.55,4.55,4.56,4.48,155890762
2016/3/4,4.53,4.69,4.72,4.52,354485936
2016/3/7,4.69,4.7,4.78,4.64,142690205
2016/3/8,4.75,4.72,4.76,4.62,121041465
2016/3/9,4.61,4.64,4.66,4.49,201321548
2016/3/10,4.59,4.55,4.63,4.53,92989236
2016/3/11,4.51,4.58,4.59,4.5,83885901
2016/3/14,4.59,4.61,4.68,4.58,105468084
2016/3/15,4.6,4.6,4.61,4.55,60168704
2016/3/16,4.58,4.68,4.68,4.58,220543592
2016/3/17,4.69,4.68,4.72,4.62,87619164
2016/3/18,4.71,4.69,4.73,4.66,182960671
2016/3/21,4.69,4.69,4.72,4.66,292921472
2016/3/22,4.68,4.66,4.7,4.65,117041221
2016/3/23,4.68,4.66,4.68,4.64,71418277
2016/3/24,4.63,4.54,4.64,4.53,149101169
2016/3/25,4.54,4.54,4.56,4.5,86108856
2016/3/28,4.55,4.54,4.59,4.53,96941141
2016/3/29,4.55,4.54,4.57,4.51,83637765
2016/3/30,4.58,4.73,4.85,4.58,425936048
2016/3/31,4.74,4.76,4.82,4.7,231981828
2016/4/1,4.75,4.9,4.94,4.74,319892736
2016/4/5,4.85,4.88,4.95,4.82,230360151
2016/4/6,4.86,4.98,5.09,4.85,339841168
2016/4/7,4.99,4.95,5.06,4.91,204974111
2016/4/8,4.92,4.87,4.98,4.82,146184866
2016/4/11,4.92,4.94,5.07,4.91,186330881
2016/4/12,4.93,4.94,5.03,4.91,128570094
2016/4/13,5.02,5.08,5.14,4.96,255351269
2016/4/14,5.08,5.04,5.13,5.02,104157304
2016/4/15,5.04,5.01,5.07,4.98,81792965
2016/4/18,4.94,4.86,4.94,4.83,160859192
2016/4/19,4.89,4.87,4.91,4.85,59315606
2016/4/20,4.9,4.8,4.92,4.71,210873202
2016/4/21,4.81,4.9,4.96,4.79,175335812
2016/4/22,4.86,4.9,4.9,4.82,87413545
2016/4/25,4.88,4.88,4.88,4.82,50781529
2016/4/26,4.87,4.9,4.9,4.85,37618650
2016/4/27,4.93,4.92,4.96,4.91,89218473
2016/4/28,4.96,4.93,4.98,4.9,68812118
2016/4/29,4.93,4.87,4.95,4.85,102571293
2016/5/3,4.85,4.85,4.94,4.79,251732045
2016/5/4,4.81,4.82,4.84,4.8,104330236
2016/5/5,4.82,4.8,4.82,4.77,105956896
2016/5/6,4.8,4.72,4.81,4.71,104040271
2016/5/9,4.71,4.64,4.72,4.57,141672782
2016/5/10,4.61,4.65,4.67,4.61,79341347
2016/5/11,4.66,4.64,4.69,4.62,55990687
2016/5/12,4.63,4.62,4.64,4.58,65711758
2016/5/13,4.62,4.64,4.69,4.6,84952862
2016/5/16,4.61,4.67,4.68,4.61,57459174
2016/5/17,4.69,4.76,4.77,4.68,101548724
2016/5/18,4.74,4.7,4.77,4.65,93595021
2016/5/19,4.69,4.68,4.71,4.65,46200225
2016/5/20,4.66,4.7,4.7,4.65,26549380
2016/5/23,4.69,4.7,4.72,4.67,37043194
2016/5/24,4.68,4.68,4.69,4.61,48986406
2016/5/25,4.68,4.71,4.72,4.68,61234533
2016/5/26,4.71,4.75,4.77,4.71,58177990
2016/5/27,4.74,4.74,4.75,4.71,35837639
2016/5/30,4.73,4.75,4.77,4.72,56734323
2016/5/31,4.74,4.83,4.84,4.73,130443949
2016/6/1,4.83,4.83,4.84,4.8,64482614
2016/6/2,4.82,4.83,4.83,4.78,50543644
2016/6/3,4.82,4.81,4.83,4.79,78448327
2016/6/6,4.81,4.8,4.82,4.78,42026298
2016/6/7,4.8,4.81,4.82,4.78,46149123
2016/6/8,4.81,4.85,4.87,4.8,109351872
2016/6/13,4.81,4.72,4.81,4.7,72021401
2016/6/14,4.71,4.72,4.74,4.7,47583966
2016/6/15,4.67,4.74,4.75,4.66,82485505
2016/6/16,4.71,4.69,4.73,4.67,61653224
2016/6/17,4.69,4.7,4.72,4.68,43786955
2016/6/20,4.71,4.7,4.72,4.67,41704931
2016/6/21,4.71,4.7,4.75,4.69,55290660
2016/6/22,4.69,4.74,4.74,4.69,46143165
2016/6/23,4.72,4.71,4.73,4.69,44948839
2016/6/24,4.65,4.6,4.68,4.53,81601515
2016/6/27,4.6,4.63,4.63,4.58,52252556
2016/6/28,4.6,4.63,4.63,4.58,33702034
2016/6/29,4.63,4.68,4.7,4.62,84091906
2016/6/30,4.71,4.72,4.73,4.68,61958955
2016/7/1,4.71,4.7,4.73,4.69,35270065
2016/7/4,4.7,4.77,4.77,4.7,90970152
2016/7/5,4.77,4.81,4.82,4.74,92492192
2016/7/6,4.79,4.79,4.79,4.74,71965772
2016/7/7,4.78,4.8,4.81,4.77,67930162
2016/7/8,4.78,4.75,4.78,4.73,55873587
2016/7/11,4.75,4.79,4.82,4.75,87759334
2016/7/12,4.79,4.86,4.87,4.79,122414868
2016/7/13,4.87,4.89,4.91,4.86,99071348
2016/7/14,4.87,4.88,4.89,4.84,62164138
2016/7/15,4.88,4.88,4.9,4.86,57051473
2016/7/18,4.87,4.85,4.9,4.83,85931226
2016/7/19,4.84,4.85,4.85,4.8,57364094
2016/7/20,4.84,4.84,4.85,4.82,28712000
2016/7/21,4.83,4.84,4.87,4.82,54239691
2016/7/22,4.84,4.81,4.84,4.79,52545285
2016/7/25,4.81,4.82,4.82,4.79,36916182
2016/7/26,4.8,4.85,4.85,4.8,44153575
2016/7/27,4.84,4.85,4.87,4.77,115206823
2016/7/28,4.82,4.82,4.83,4.8,61602591
2016/7/29,4.8,4.79,4.82,4.78,46186556
2016/8/1,4.79,4.8,4.8,4.76,49508114
2016/8/2,4.77,4.79,4.79,4.76,30244829
2016/8/3,4.77,4.78,4.79,4.74,38676545
2016/8/4,4.79,4.8,4.8,4.76,30816161
2016/8/5,4.79,4.81,4.82,4.77,38310953
2016/8/8,4.82,4.83,4.83,4.78,31124566
2016/8/9,4.82,4.88,4.9,4.8,78675677
2016/8/10,4.87,4.88,4.89,4.86,38661297
2016/8/11,4.87,4.86,4.9,4.84,51008459
2016/8/12,4.86,4.92,4.92,4.85,91364436
2016/8/15,4.92,5.01,5.03,4.91,161617238
2016/8/16,5.01,5.02,5.05,4.99,114140180
2016/8/17,5.02,5.01,5.05,4.98,71845969
2016/8/18,5,4.99,5.02,4.96,46541487
2016/8/19,4.99,4.98,5.01,4.96,64732805
2016/8/22,4.98,4.94,4.98,4.92,52509572
2016/8/23,4.94,4.95,4.96,4.93,50987326
2016/8/24,4.95,4.96,4.97,4.93,47738667
2016/8/25,4.95,4.95,4.96,4.91,55412197
2016/8/26,4.95,4.95,4.96,4.93,38560484
2016/8/29,4.94,4.95,4.95,4.92,40104387
2016/8/30,4.95,5,5.02,4.93,79314202
2016/8/31,4.99,5,5.01,4.98,75038656
2016/9/1,4.99,4.97,5,4.96,42143917
2016/9/2,4.96,4.98,4.98,4.94,50994825
2016/9/5,4.97,4.99,5,4.95,71771391
2016/9/6,4.97,5,5.01,4.97,62677777
2016/9/7,4.99,5,5.01,4.98,50455718
2016/9/8,5,4.99,5,4.97,31858907
2016/9/9,5,4.98,5.01,4.97,51569179
2016/9/12,4.93,4.94,4.96,4.85,125837389
2016/9/13,4.92,4.92,4.93,4.88,41249343
2016/9/14,4.89,4.86,4.9,4.84,60370843
2016/9/19,4.82,4.86,4.87,4.82,50459472
2016/9/20,4.86,4.85,4.87,4.83,38813046
2016/9/21,4.78,4.78,4.79,4.74,36173415
2016/9/22,4.79,4.84,4.86,4.78,61753465
2016/9/23,4.85,4.85,4.87,4.84,33806226
2016/9/26,4.84,4.8,4.85,4.78,39780739
2016/9/27,4.79,4.81,4.82,4.77,36562533
2016/9/28,4.8,4.77,4.8,4.76,35214045
2016/9/29,4.81,4.85,4.86,4.8,61158827
2016/9/30,4.83,4.86,4.86,4.82,28081983
2016/10/10,4.93,4.95,4.97,4.92,100229863
2016/10/11,4.96,4.97,4.99,4.94,78428028
2016/10/12,4.95,4.94,4.95,4.92,42499336
2016/10/13,4.93,4.9,4.94,4.88,48574385
2016/10/14,4.88,4.94,4.94,4.88,49961049
2016/10/17,4.93,4.93,4.95,4.91,60470408
2016/10/18,4.92,4.96,4.96,4.9,67271262
2016/10/19,4.96,4.98,4.99,4.94,87486639
2016/10/20,4.98,4.99,5.01,4.98,70911341
2016/10/21,4.98,5.01,5.02,4.97,61574152
2016/10/24,5,5.07,5.14,4.99,185011327
2016/10/25,5.08,5.02,5.1,4.98,138514464
2016/10/26,5.01,4.99,5.02,4.97,47238892
2016/10/27,4.98,4.98,4.99,4.95,45389400
2016/10/28,4.98,5.01,5.02,4.96,72443783
2016/10/31,4.99,5.01,5.01,4.96,45624825
2016/11/1,4.98,5,5.02,4.97,56307518
2016/11/2,4.98,4.95,4.99,4.95,48928911
2016/11/3,4.94,4.95,4.97,4.9,50989987
2016/11/4,4.95,4.94,4.98,4.92,51013640
2016/11/7,4.93,4.95,4.97,4.92,50480300
2016/11/8,4.96,4.97,4.99,4.95,54026017
2016/11/9,4.97,4.93,4.98,4.86,110092504
2016/11/10,4.95,4.99,5,4.95,86828746
2016/11/11,4.98,5.01,5.04,4.95,103268831
2016/11/14,5.01,5.02,5.02,4.97,112650314
2016/11/15,5.01,4.99,5.02,4.97,58811647
2016/11/16,5,4.99,5.01,4.97,53234415
2016/11/17,4.97,4.99,4.99,4.95,48362940
2016/11/18,4.98,4.96,4.99,4.95,48820437
2016/11/21,4.96,5.02,5.03,4.94,115680658
2016/11/22,5.07,5.09,5.11,5.03,181357333
2016/11/23,5.08,5.09,5.16,5.06,134835682
2016/11/24,5.08,5.07,5.09,5.05,73741232
2016/11/25,5.08,5.1,5.11,5.03,95074454
2016/11/28,5.1,5.14,5.16,5.08,152271664
2016/11/29,5.14,5.23,5.26,5.11,241979646
2016/11/30,5.2,5.12,5.21,5.11,118051448
2016/12/1,5.26,5.27,5.36,5.22,298734976
2016/12/2,5.29,5.5,5.69,5.25,474033840
2016/12/5,5.41,5.37,5.48,5.28,271748784
2016/12/6,5.31,5.3,5.46,5.29,164268137
2016/12/7,5.28,5.31,5.33,5.24,124459996
2016/12/8,5.31,5.3,5.33,5.25,96115886
2016/12/9,5.29,5.41,5.44,5.28,181462566
2016/12/12,5.56,5.46,5.62,5.43,254164551
2016/12/13,5.48,5.51,5.58,5.47,174323424
2016/12/14,5.53,5.63,5.73,5.51,273578512
2016/12/15,5.53,5.45,5.54,5.39,210230697
2016/12/16,5.4,5.51,5.53,5.29,145161786
2016/12/19,5.5,5.52,5.61,5.46,109710821
2016/12/20,5.5,5.46,5.53,5.35,134472315
2016/12/21,5.46,5.56,5.69,5.41,230104641
2016/12/22,5.52,5.64,5.73,5.52,225868304
2016/12/23,5.6,5.64,5.72,5.58,175254776
2016/12/26,5.6,5.67,5.68,5.48,122380289
2016/12/27,5.62,5.56,5.67,5.55,97218618
2016/12/28,5.57,5.55,5.65,5.52,93169320
2016/12/29,5.51,5.41,5.54,5.4,128260314
2016/12/30,5.41,5.41,5.45,5.38,87951882
2017/1/3,5.42,5.51,5.52,5.4,102820610
2017/1/4,5.48,5.57,5.59,5.46,100782981
2017/1/5,5.55,5.75,5.81,5.54,238697795
2017/1/6,5.78,5.87,6.01,5.74,328612080
2017/1/9,5.87,5.86,6.03,5.83,208412805
2017/1/10,5.8,5.9,5.91,5.74,128579670
2017/1/11,5.86,5.76,5.91,5.76,113645456
2017/1/12,5.78,5.83,5.91,5.74,147131914
2017/1/13,5.82,5.89,5.97,5.78,131748720
2017/1/16,5.89,5.96,5.98,5.83,255364546
2017/1/17,5.94,5.99,6.07,5.94,196082021
2017/1/18,6,5.97,6.02,5.93,105178283
2017/1/19,5.94,5.86,5.96,5.77,227103441
2017/1/20,5.82,5.86,5.88,5.8,77271346
2017/1/23,5.87,5.87,5.9,5.81,120774518
2017/1/24,5.87,6.06,6.07,5.85,220296860
2017/1/25,6.04,6.05,6.08,5.98,99044084
2017/1/26,6.05,6.03,6.09,5.97,88310889
2017/2/3,6.03,5.95,6.04,5.9,59164260
2017/2/6,5.95,5.95,5.99,5.89,91671807
2017/2/7,5.92,5.87,5.94,5.83,120022911
2017/2/8,5.83,5.85,5.88,5.79,145172865
2017/2/9,5.85,5.81,5.85,5.74,297648624
2017/2/10,5.79,5.87,5.88,5.77,195626283
2017/2/13,5.88,5.87,5.93,5.84,171441564
2017/2/14,5.85,5.84,5.87,5.81,89134605
2017/2/15,5.85,5.85,5.89,5.83,126880473
2017/2/16,5.84,5.81,5.85,5.78,119110363
2017/2/17,5.81,5.79,5.86,5.78,104121788
2017/2/20,5.8,5.88,5.88,5.78,150800810
2017/2/21,5.89,5.89,5.91,5.84,104524203
2017/2/22,5.91,5.97,5.98,5.89,163358751
2017/2/23,5.94,5.88,5.97,5.86,102297200
2017/2/24,5.89,5.81,5.92,5.78,143292259
2017/2/27,5.8,5.73,5.81,5.71,143887845
2017/2/28,5.73,5.75,5.77,5.72,61590442
2017/3/1,5.75,5.76,5.78,5.71,98793266
2017/3/2,5.77,5.74,5.78,5.73,55572528
2017/3/3,5.72,5.66,5.72,5.61,147628612
2017/3/6,5.65,5.64,5.66,5.6,98095464
2017/3/7,5.63,5.63,5.64,5.6,86532227
2017/3/8,5.63,5.65,5.65,5.61,101402813
2017/3/9,5.6,5.6,5.62,5.48,243217743
2017/3/10,5.54,5.51,5.55,5.51,96607031
2017/3/13,5.49,5.53,5.57,5.44,126940447
2017/3/14,5.53,5.55,5.56,5.5,73246471
2017/3/15,5.53,5.59,5.6,5.51,96767962
2017/3/16,5.6,5.64,5.67,5.6,105976565
2017/3/17,5.64,5.56,5.64,5.53,91782705
2017/3/20,5.56,5.68,5.68,5.56,174193396
2017/3/21,5.66,5.67,5.72,5.65,123005730
2017/3/22,5.65,5.74,5.77,5.64,169043359
2017/3/23,5.74,5.71,5.77,5.66,119369955
2017/3/24,5.7,5.8,5.83,5.68,136578520
2017/3/27,5.85,5.71,5.86,5.65,205816978
2017/3/28,5.71,5.67,5.72,5.65,87886201
2017/3/29,5.68,5.69,5.72,5.65,101238261
2017/3/30,5.7,5.67,5.73,5.61,128092198
2017/3/31,5.69,5.74,5.75,5.65,110164132
2017/4/5,5.74,5.85,5.86,5.73,151070481
2017/4/6,5.86,5.89,5.91,5.81,138001591
2017/4/7,5.91,5.99,6.03,5.86,190777639
2017/4/10,6,5.95,6.02,5.93,82140021
2017/4/11,5.96,5.94,6.01,5.85,110522187
2017/4/12,5.93,5.93,5.95,5.85,96920228
2017/4/13,5.9,5.89,5.92,5.87,53970257
2017/4/14,5.9,5.88,5.9,5.85,58997522
2017/4/17,5.89,5.85,5.91,5.81,102502347
2017/4/18,5.85,5.8,5.87,5.8,62089360
2017/4/19,5.79,5.76,5.79,5.69,90991885
2017/4/20,5.72,5.75,5.76,5.66,97088774
2017/4/21,5.74,5.8,5.81,5.67,95240734
2017/4/24,5.77,5.84,5.84,5.72,112190681
2017/4/25,5.8,5.79,5.86,5.76,83939996
2017/4/26,5.8,5.78,5.81,5.77,44331576
2017/4/27,5.78,5.78,5.82,5.72,60152538
2017/4/28,5.8,5.78,5.81,5.73,62922963
2017/5/2,5.77,5.73,5.77,5.72,45254533
2017/5/3,5.71,5.73,5.73,5.69,49767498
2017/5/4,5.72,5.71,5.72,5.66,80045178
2017/5/5,5.66,5.64,5.66,5.53,204412100
2017/5/8,5.61,5.72,5.73,5.57,140065744
2017/5/9,5.7,5.71,5.75,5.68,44816126
2017/5/10,5.7,5.71,5.73,5.67,56194672
2017/5/11,5.7,5.8,5.82,5.68,130189680
2017/5/12,5.78,5.87,5.88,5.77,102486462
2017/5/15,5.85,5.9,5.94,5.82,108443661
2017/5/16,5.91,5.87,5.93,5.85,63290245
2017/5/17,5.85,5.79,5.88,5.77,86428933
2017/5/18,5.77,5.81,5.82,5.76,35441050
2017/5/19,5.81,5.84,5.9,5.8,76358825
2017/5/22,5.88,5.95,5.95,5.84,134547573
2017/5/23,5.94,6,6.02,5.89,188146550
2017/5/24,5.98,5.98,5.99,5.91,95798674
2017/5/25,5.95,6.16,6.17,5.93,222019348
2017/5/26,6.14,6.14,6.22,6.07,168157162
2017/5/31,6.11,6.27,6.32,6.11,196186743
2017/6/1,6.22,6.33,6.35,6.19,218728322
2017/6/2,6.3,6.26,6.35,6.23,99772305
2017/6/5,6.2,6.12,6.23,6.08,118726802
2017/6/6,6.1,6.09,6.11,6.03,99021718
2017/6/7,6.1,6.09,6.14,6.05,133518047
2017/6/8,6.05,6.14,6.16,6.02,134469939
2017/6/9,6.12,6.11,6.23,6.09,129297519
2017/6/12,6.11,6.11,6.16,6.06,94737702
2017/6/13,6.1,6.05,6.1,6.04,91819696
2017/6/14,6.05,5.98,6.06,5.96,104891140
2017/6/15,5.96,5.92,5.97,5.9,115514095
2017/6/16,5.91,5.93,5.95,5.89,61214304
2017/6/19,5.93,5.95,5.96,5.91,57351598
2017/6/20,5.93,5.94,5.96,5.88,82881509
2017/6/21,5.93,5.94,5.95,5.89,78994096
2017/6/22,5.91,5.97,6.04,5.9,133152565
2017/6/23,5.96,6.01,6.02,5.95,89912280
2017/6/26,6.01,6,6.04,5.96,114662508
2017/6/27,6,5.9,6,5.88,139360128
2017/6/28,5.89,5.91,5.96,5.87,99416204
2017/6/29,5.91,5.92,5.93,5.88,78462566
2017/6/30,5.89,5.93,5.95,5.87,77846828
2017/7/3,5.94,5.94,5.95,5.91,56759901
2017/7/4,5.94,6.05,6.06,5.93,153210021
2017/7/5,6.04,6.05,6.07,6.01,81238883
2017/7/6,6.03,6.06,6.06,6.01,90373560
2017/7/7,6.04,6.04,6.07,6.01,65184751
2017/7/10,6.04,6.14,6.15,6.02,106307313
2017/7/11,6.15,6.15,6.17,6.11,64930492
2017/7/12,6.15,6.08,6.19,6.07,75394625
2017/7/13,6.08,6.18,6.19,6.05,110403079
2017/7/14,6.19,6.22,6.26,6.15,126354063
2017/7/17,6.22,6.32,6.33,6.11,203576814
2017/7/18,6.27,6.28,6.35,6.23,151104955
2017/7/19,6.14,6.1,6.17,6.07,192097033
2017/7/20,6.12,6.19,6.2,6.1,152527889
2017/7/21,6.19,6.19,6.24,6.16,100273564
2017/7/24,6.16,6.07,6.18,6.04,135557318
2017/7/25,6.06,6.08,6.12,6.04,88121088
2017/7/26,6.11,6.14,6.17,6.07,132620320
2017/7/27,6.16,6.14,6.18,6.09,106870571
2017/7/28,6.13,6.11,6.13,6.07,68347240
2017/7/31,6.12,6.11,6.17,6.08,120943395
2017/8/1,6.13,6.22,6.24,6.11,175985762
2017/8/2,6.19,6.14,6.2,6.11,152374303
2017/8/3,6.12,6.09,6.15,6.07,106079320
2017/8/4,6.08,6.1,6.12,6.05,123208910
2017/8/7,6.09,6.04,6.11,5.98,142013139
2017/8/8,6.05,6.03,6.05,6,85097229
2017/8/9,6.02,6.02,6.04,6,53095192
2017/8/10,6.02,6.07,6.08,5.99,89108800
2017/8/11,6.02,6,6.04,5.95,149069191
2017/8/14,6,5.98,6.01,5.96,72299378
2017/8/15,5.96,5.97,6,5.95,70345979
2017/8/16,5.96,5.92,5.96,5.9,86429224
2017/8/17,5.93,5.94,5.96,5.9,102247678
2017/8/18,5.91,5.92,5.95,5.89,69875724
2017/8/21,5.96,6.02,6.03,5.96,124424346
2017/8/22,6.01,5.99,6.02,5.97,59391043
2017/8/23,6,5.95,6.01,5.95,76941601
2017/8/24,5.98,5.96,6,5.94,81338693
2017/8/25,5.96,6.03,6.04,5.96,144220051
2017/8/28,6.08,6.07,6.12,6.05,199163377
2017/8/29,6.06,6.06,6.09,6.04,88435966
2017/8/30,6.06,6.06,6.08,6.03,126359621
2017/8/31,6.07,6.01,6.08,5.99,112965618
2017/9/1,6.02,5.99,6.03,5.98,95367196
2017/9/4,6,5.95,6,5.93,135695105
2017/9/5,5.94,5.95,5.97,5.92,99346337
2017/9/6,5.95,6,6.02,5.94,125042740
2017/9/7,6.01,5.96,6.02,5.96,102320973
2017/9/8,5.96,5.96,5.99,5.95,57925218
2017/9/11,5.94,5.98,5.99,5.93,76864767
2017/9/12,5.98,5.96,5.99,5.94,78992502
2017/9/13,5.96,5.96,5.97,5.93,49237967
2017/9/14,5.96,5.95,5.98,5.93,65624722
2017/9/15,5.95,5.92,5.96,5.91,72150276
2017/9/18,5.92,5.93,5.96,5.92,62127130
2017/9/19,5.94,5.95,5.96,5.92,51727387
2017/9/20,5.88,5.83,5.88,5.82,42087255
2017/9/21,5.84,5.84,5.85,5.81,40679690
2017/9/22,5.83,5.88,5.88,5.78,100661968
2017/9/25,5.88,5.93,5.94,5.84,120476482
2017/9/26,5.95,5.96,6.01,5.94,104318745
2017/9/27,5.95,5.92,5.96,5.91,41492760
2017/9/28,5.92,5.9,5.94,5.87,51777318
2017/9/29,5.9,5.9,5.92,5.87,41537386
2017/10/9,5.93,5.87,5.93,5.85,72498948
2017/10/10,5.87,5.85,5.88,5.83,67337243
2017/10/11,5.86,5.86,5.87,5.83,58547004
2017/10/12,5.86,5.82,5.86,5.8,80400397
2017/10/13,5.81,5.81,5.81,5.77,78277616
2017/10/16,5.81,5.81,5.82,5.78,93022806
2017/10/17,5.82,5.82,5.84,5.8,55870522
2017/10/18,5.81,5.9,5.92,5.81,165617857
2017/10/19,5.87,5.92,5.92,5.85,130502495
2017/10/20,5.89,5.86,5.9,5.85,49022724
2017/10/23,5.86,5.85,5.87,5.82,49389486
2017/10/24,5.83,5.92,5.94,5.83,129730994
2017/10/25,5.93,5.91,5.94,5.88,69359393
2017/10/26,5.9,5.89,5.91,5.85,92919412
2017/10/27,5.9,5.87,5.92,5.85,69525997
2017/10/30,5.89,5.99,6.01,5.87,246774114
2017/10/31,6,5.97,6.01,5.94,115505397
2017/11/1,5.98,6.11,6.13,5.97,297153568
2017/11/2,6.09,6.12,6.16,6.07,170868032
2017/11/3,6.13,6.15,6.18,6.06,230055243
2017/11/6,6.18,6.2,6.29,6.16,245800880
2017/11/7,6.25,6.29,6.4,6.23,345336304
2017/11/8,6.27,6.22,6.28,6.17,218239661
2017/11/9,6.21,6.23,6.24,6.16,113277511
2017/11/10,6.21,6.09,6.25,6.07,214653827
2017/11/13,6.11,6.12,6.14,6.05,185268136
2017/11/14,6.11,6.07,6.14,6.05,111606417
2017/11/15,6.02,5.95,6.04,5.93,250979821
2017/11/16,5.94,5.92,5.98,5.89,115879296
2017/11/17,5.92,6,6.02,5.89,249226418
2017/11/20,5.97,6,6.04,5.94,136789483
2017/11/21,6,6,6.03,5.91,183522187
2017/11/22,6,6.22,6.23,5.98,319451312
2017/11/23,6.24,6.17,6.27,6.1,245141542
2017/11/24,6.14,6.18,6.23,6.12,178531371
2017/11/27,6.2,6.18,6.25,6.08,201364571
2017/11/28,6.14,6.02,6.15,6,161036176
2017/11/29,6.02,6.04,6.07,6,125344105
2017/11/30,6.02,6.03,6.04,5.98,81861210
2017/12/1,6.03,6.02,6.05,5.96,85087281
2017/12/4,6.01,6.03,6.07,6.01,93556248
2017/12/5,6.01,6.13,6.19,5.97,287494368
2017/12/6,6.1,6.09,6.14,6.06,126310076
2017/12/7,6.04,6.07,6.09,6.01,94606414
2017/12/8,6.05,6.03,6.08,6.02,74124652
2017/12/11,6.04,6.03,6.05,6,92216888
2017/12/12,6.04,6.04,6.08,6.03,123394037
2017/12/13,6.03,6.03,6.05,6,60366398
2017/12/14,6.02,5.96,6.06,5.95,78978056
2017/12/15,5.96,5.93,5.97,5.9,78919262
2017/12/18,5.91,5.94,5.95,5.91,51214204
2017/12/19,5.93,5.96,5.96,5.92,54229915
2017/12/20,5.96,5.97,5.98,5.9,95267979
2017/12/21,5.95,5.97,5.99,5.93,56788842
2017/12/22,5.96,6.03,6.08,5.95,94967544
2017/12/25,6.01,6.03,6.05,5.99,90790128
2017/12/26,6.03,6.06,6.1,6.01,90844308
2017/12/27,6.09,6.1,6.18,6.08,148575805
2017/12/28,6.1,6.18,6.2,6.06,135822802
2017/12/29,6.18,6.13,6.2,6.1,70403608
2018/1/2,6.16,6.37,6.47,6.16,367565296
2018/1/3,6.36,6.47,6.52,6.34,243152488
2018/1/4,6.56,6.9,7.08,6.56,510094816
2018/1/5,6.9,7.06,7.18,6.85,426639408
2018/1/8,7.02,7.05,7.14,6.98,334920720
2018/1/9,7.07,7,7.11,6.93,271378720
2018/1/10,7.17,7.15,7.35,7.1,469437632
2018/1/11,7.15,7.08,7.18,7.01,163552716
2018/1/12,7.1,7.15,7.23,6.99,193761782
2018/1/15,7.2,7.29,7.44,7.1,331951184
2018/1/16,7.28,7.11,7.38,7.09,444459200
2018/1/17,7.05,7.03,7.25,6.96,425632320
2018/1/18,7.05,7,7.05,6.89,405583984
2018/1/19,6.99,7.04,7.11,6.94,415730656
2018/1/22,7.06,6.91,7.12,6.87,396091808
2018/1/23,6.98,7.04,7.05,6.88,613996944
2018/1/24,7.12,7.32,7.33,7.02,693930864
2018/1/25,7.42,7.25,7.51,7.22,491620528
2018/1/26,7.18,7.38,7.39,7.14,318579072
2018/1/29,7.39,7.44,7.62,7.36,449185760
2018/1/30,7.33,7.21,7.42,7.18,242381855
2018/1/31,7.13,7.08,7.15,7.02,259123652
2018/2/1,7.1,7.16,7.17,6.97,311483040
2018/2/2,7.19,7.54,7.56,7.07,440910048
2018/2/5,7.36,7.63,7.67,7.34,335156768
2018/2/6,7.41,7.41,7.53,7.22,479664064
2018/2/7,7.46,7.15,7.72,7.04,513901104
2018/2/8,6.92,6.72,6.93,6.58,432525056
2018/2/9,6.44,6.38,6.49,6.11,489042368
2018/2/12,6.28,6.3,6.39,6.21,248630531
2018/2/13,6.35,6.34,6.46,6.31,243241364
2018/2/14,6.35,6.31,6.37,6.24,133293807
2018/2/22,6.43,6.48,6.51,6.37,259659223
2018/2/23,6.56,6.58,6.65,6.5,193423625
2018/2/26,6.65,6.63,6.75,6.58,188817190
2018/2/27,6.65,6.56,6.66,6.5,172069019
2018/2/28,6.45,6.41,6.46,6.32,167239572
2018/3/1,6.32,6.39,6.4,6.27,138409547
2018/3/2,6.31,6.33,6.39,6.29,82447278
2018/3/5,6.33,6.39,6.42,6.3,116716418
2018/3/6,6.45,6.47,6.49,6.38,158587965
2018/3/7,6.44,6.44,6.5,6.4,98567654
2018/3/8,6.41,6.45,6.47,6.35,78698336
2018/3/9,6.43,6.39,6.45,6.37,124606231
2018/3/12,6.46,6.45,6.51,6.42,167765154
2018/3/13,6.41,6.37,6.44,6.35,111008958
2018/3/14,6.35,6.42,6.45,6.28,151561414
2018/3/15,6.39,6.42,6.45,6.37,78418687
2018/3/16,6.39,6.42,6.49,6.36,120960650
2018/3/19,6.42,6.59,6.62,6.42,160433743
2018/3/20,6.56,6.83,6.86,6.55,272151072
2018/3/21,6.89,6.85,6.99,6.76,249435757
2018/3/22,6.92,6.84,6.97,6.78,138413911
2018/3/23,6.61,6.83,6.87,6.55,311374992
2018/3/26,6.8,6.64,6.8,6.48,260536071
2018/3/27,6.75,6.64,6.79,6.59,190206285
2018/3/28,6.54,6.43,6.59,6.34,196946233
2018/3/29,6.43,6.62,6.67,6.38,190152396
2018/3/30,6.6,6.48,6.61,6.44,137833664
2018/4/2,6.48,6.43,6.55,6.41,136567242
2018/4/3,6.36,6.38,6.42,6.26,124044526
2018/4/4,6.43,6.43,6.52,6.4,109646003
2018/4/9,6.5,6.59,6.65,6.47,197314859
2018/4/10,6.67,6.77,6.78,6.57,197983647
2018/4/11,6.91,6.89,7.04,6.86,261699422
2018/4/12,6.94,6.94,6.99,6.84,178656014
2018/4/13,6.9,6.83,6.93,6.82,103702087
2018/4/16,6.85,6.71,6.87,6.62,173829569
2018/4/17,6.67,6.62,6.71,6.58,120369582
2018/4/18,6.69,6.85,6.86,6.66,170517492
2018/4/19,6.96,6.9,7,6.84,168501554
2018/4/20,6.85,6.83,6.89,6.76,119402805
2018/4/23,6.78,6.83,6.85,6.69,113532066
2018/4/24,6.81,6.94,7.03,6.81,168885538
2018/4/25,6.88,6.75,6.89,6.73,149301510
2018/4/26,6.76,6.75,6.78,6.68,106568653
2018/4/27,6.79,6.91,6.95,6.73,155236578
2018/5/2,6.89,6.87,6.92,6.81,90546800
2018/5/3,6.86,7,7.04,6.82,147517048
2018/5/4,7.02,7.01,7.03,6.91,99495399
2018/5/7,7.04,7.18,7.19,6.98,168093086
2018/5/8,7.17,7.07,7.23,7.04,180740634
2018/5/9,7.13,7.19,7.27,7.12,155981138
2018/5/10,7.27,7.27,7.32,7.2,132175324
2018/5/11,7.29,7.25,7.29,7.19,82322318
2018/5/14,7.23,7.14,7.23,7.09,163880107
2018/5/15,7.17,7.16,7.17,7.08,100850742
2018/5/16,7.11,7.1,7.11,7.04,122648957
2018/5/17,7.12,7.11,7.17,7.08,100339020
2018/5/18,7.11,7.43,7.45,7.08,248456733
2018/5/21,7.36,7.27,7.45,7.21,267895592
2018/5/22,7.27,7.27,7.32,7.22,110526397
2018/5/23,7.24,7.01,7.25,6.99,192219803
2018/5/24,6.99,7,7.1,6.95,105475323
2018/5/25,6.96,6.96,6.99,6.84,124173576
2018/5/28,6.83,6.92,6.93,6.74,138917050
2018/5/29,6.94,6.95,6.99,6.91,78471764
2018/5/30,6.84,6.83,6.94,6.81,97018034
2018/5/31,6.89,7.05,7.07,6.88,160155082
2018/6/1,7,7,7.06,6.94,90876194
2018/6/4,6.98,7.05,7.1,6.96,121706366
2018/6/5,6.65,6.58,6.66,6.51,122712894
2018/6/6,6.55,6.52,6.56,6.46,95424600
2018/6/7,6.51,6.52,6.54,6.46,78642695
2018/6/8,6.53,6.5,6.58,6.47,84057233
2018/6/11,6.45,6.34,6.46,6.31,99002040
2018/6/12,6.33,6.43,6.44,6.33,95906300
2018/6/13,6.39,6.49,6.55,6.38,91454346
2018/6/14,6.47,6.46,6.55,6.41,91703230
2018/6/15,6.45,6.49,6.52,6.43,72948360
2018/6/19,6.43,6.45,6.55,6.31,324900272
2018/6/20,6.43,6.4,6.44,6.35,70343414
2018/6/21,6.41,6.41,6.48,6.38,75496833
2018/6/22,6.4,6.27,6.4,6.21,98913711
2018/6/25,6.33,6.22,6.37,6.21,73941756
2018/6/26,6.19,6.1,6.21,6.05,83610838
2018/6/27,6.15,6.29,6.35,6.15,172584831
2018/6/28,6.33,6.45,6.52,6.33,126964992
2018/6/29,6.48,6.49,6.52,6.36,80432335
2018/7/2,6.45,6.31,6.5,6.25,91321246
2018/7/3,6.32,6.27,6.33,6.16,101683083
2018/7/4,6.21,6.23,6.27,6.2,67550563
2018/7/5,6.21,6.31,6.32,6.04,133497696
2018/7/6,6.2,6.27,6.3,6.16,64517899
2018/7/9,6.28,6.41,6.42,6.27,60422475
2018/7/10,6.44,6.51,6.54,6.37,76455224
2018/7/11,6.4,6.38,6.42,6.32,50374758
2018/7/12,6.29,6.35,6.38,6.25,118773086
2018/7/13,6.33,6.34,6.37,6.3,45528643
2018/7/16,6.34,6.33,6.37,6.25,43539924
2018/7/17,6.27,6.2,6.27,6.16,86807757
2018/7/18,6.22,6.21,6.26,6.17,50214975
2018/7/19,6.23,6.25,6.3,6.22,47232610
2018/7/20,6.26,6.39,6.41,6.26,79037204
2018/7/23,6.38,6.43,6.45,6.34,73035489
2018/7/24,6.42,6.52,6.6,6.4,105004642
2018/7/25,6.64,6.54,6.67,6.52,110597671
2018/7/26,6.57,6.56,6.63,6.5,64314812
2018/7/27,6.56,6.62,6.62,6.52,65863984
2018/7/30,6.59,6.6,6.65,6.55,61902284
2018/7/31,6.62,6.76,6.83,6.6,110240254
2018/8/1,6.7,6.65,6.77,6.65,78698511
2018/8/2,6.64,6.52,6.64,6.44,96026073
2018/8/3,6.54,6.58,6.67,6.52,79160417
2018/8/6,6.55,6.51,6.7,6.47,89523386
2018/8/7,6.56,6.79,6.8,6.56,155491572
2018/8/8,6.74,6.73,6.84,6.7,115866768
2018/8/9,6.62,6.71,6.74,6.56,129780544
2018/8/10,6.66,6.63,6.71,6.58,84778878
2018/8/13,6.61,6.6,6.64,6.52,83621935
2018/8/14,6.59,6.63,6.65,6.56,68200335
2018/8/15,6.59,6.49,6.59,6.47,89506547
2018/8/16,6.38,6.39,6.5,6.33,71842947
2018/8/17,6.45,6.33,6.46,6.31,58034759
2018/8/20,6.33,6.46,6.47,6.32,68333282
2018/8/21,6.48,6.48,6.53,6.45,64877540
2018/8/22,6.51,6.53,6.61,6.49,66776091
2018/8/23,6.56,6.57,6.63,6.51,75984776
2018/8/24,6.56,6.63,6.65,6.54,65244934
2018/8/27,6.69,6.82,6.83,6.68,192263309
2018/8/28,6.8,6.85,6.98,6.79,155139189
2018/8/29,6.85,6.86,6.97,6.83,125617795
2018/8/30,6.92,6.8,6.96,6.8,73870563
2018/8/31,6.82,6.84,6.92,6.71,124527482
2018/9/3,6.8,6.81,6.89,6.75,71431816
2018/9/4,6.83,6.89,6.94,6.72,108095801
2018/9/5,6.86,6.7,6.89,6.68,93778859
2018/9/6,6.69,6.7,6.73,6.66,73584679
2018/9/7,6.68,6.68,6.77,6.65,74469429
2018/9/10,6.68,6.72,6.76,6.67,85008436
2018/9/11,6.72,6.78,6.81,6.66,105376815
2018/9/12,6.66,6.65,6.76,6.57,104849612
2018/9/13,6.71,6.83,6.86,6.68,157256376
2018/9/14,6.8,6.77,6.81,6.73,71452075
2018/9/17,6.76,6.71,6.76,6.65,65403350
2018/9/18,6.69,6.81,6.81,6.66,100914844
2018/9/19,6.8,6.93,6.96,6.78,131861504
2018/9/20,6.93,6.89,6.97,6.85,82525910
2018/9/21,6.89,6.95,6.95,6.78,125925035
2018/9/25,6.94,6.88,7.03,6.84,108918786
2018/9/26,6.89,7.07,7.12,6.88,226493136
2018/9/27,7.05,7.04,7.09,7,121376817
2018/9/28,7.06,7.12,7.14,7.01,101070781
2018/10/8,6.9,6.62,6.92,6.58,324857888
2018/10/9,6.62,6.66,6.77,6.54,199678996
2018/10/10,6.67,6.67,6.77,6.61,105126802
2018/10/11,6.47,6.4,6.51,6.32,189637502
2018/10/12,6.35,6.52,6.55,6.35,134631448
2018/10/15,6.52,6.48,6.57,6.45,87893218
2018/10/16,6.49,6.55,6.7,6.49,113735833
2018/10/17,6.63,6.47,6.63,6.39,173475841
2018/10/18,6.37,6.21,6.42,6.19,141264046
2018/10/19,6.13,6.31,6.35,6.02,136834719
2018/10/22,6.33,6.46,6.57,6.29,221140534
2018/10/23,6.43,6.25,6.47,6.22,119932325
2018/10/24,6.12,6.19,6.29,6.03,162772744
2018/10/25,6.08,6.2,6.22,6.04,115152969
2018/10/26,6.23,6.26,6.32,6.2,132757666
2018/10/29,6.32,6.23,6.39,6.2,136255209
2018/10/30,6.27,6.31,6.37,6.21,98581918
2018/10/31,6.35,6.31,6.36,6.23,114708591
2018/11/1,6.3,6.26,6.32,6.22,128178552
2018/11/2,6.28,6.32,6.32,6.22,177990031
2018/11/5,6.28,6.32,6.33,6.23,101934866
2018/11/6,6.3,6.35,6.37,6.27,102057748
2018/11/7,6.31,6.24,6.32,6.22,90076848
2018/11/8,6.29,6.25,6.31,6.24,69948469
2018/11/9,6.23,6.14,6.24,6.12,82414009
2018/11/12,6.13,6.18,6.19,6.1,87324416
2018/11/13,6.1,6.18,6.2,6.1,95736073
2018/11/14,6.08,5.97,6.08,5.93,217829978
2018/11/15,5.98,6,6.01,5.96,108320941
2018/11/16,6.01,6.05,6.08,6,134721371
2018/11/19,6.07,6.13,6.14,6.05,85817413
2018/11/20,6.1,6.06,6.12,6.01,86025160
2018/11/21,5.95,5.95,5.96,5.86,147281457
2018/11/22,5.96,5.91,5.96,5.89,85930864
2018/11/23,5.88,5.84,5.89,5.83,80215989
2018/11/26,5.75,5.79,5.83,5.71,76786578
2018/11/27,5.82,5.81,5.85,5.79,53091980
2018/11/28,5.82,5.87,5.89,5.8,55373543
2018/11/29,5.87,5.83,5.9,5.82,50462818
2018/11/30,5.86,5.9,5.92,5.85,69807362
2018/12/3,6,6.06,6.08,5.98,160643995
2018/12/4,6.06,6.02,6.08,5.97,91126983
2018/12/5,5.96,5.97,6.01,5.94,56868279
2018/12/6,5.93,5.87,5.94,5.84,92374003
2018/12/7,5.86,5.86,5.89,5.84,39092019
2018/12/10,5.88,5.92,5.94,5.87,86001877
2018/12/11,5.88,5.85,5.89,5.83,62032622
2018/12/12,5.89,5.86,5.89,5.84,48571236
2018/12/13,5.85,5.93,5.95,5.85,75955024
2018/12/14,5.94,5.89,5.99,5.89,112498577
2018/12/17,5.88,5.97,5.98,5.88,62433638
2018/12/18,5.92,5.81,5.94,5.81,82690337
2018/12/19,5.75,5.65,5.75,5.65,119930369
2018/12/20,5.66,5.61,5.67,5.57,73590015
2018/12/21,5.55,5.63,5.63,5.51,67820746
2018/12/24,5.57,5.74,5.77,5.56,108651989
2018/12/25,5.64,5.62,5.67,5.55,77823043
2018/12/26,5.63,5.63,5.67,5.6,56063281
2018/12/27,5.79,5.25,5.85,5.23,429661872
2018/12/28,5.05,5.05,5.12,4.99,322144832
2019/1/2,5.1,5.01,5.11,4.96,218558370
2019/1/3,5.03,5.04,5.05,4.96,154788484
2019/1/4,5.01,5.1,5.12,5,161669605
2019/1/7,5.16,5.18,5.19,5.12,200162814
2019/1/8,5.18,5.24,5.26,5.17,152644029
2019/1/9,5.29,5.35,5.41,5.29,190079505
2019/1/10,5.41,5.3,5.44,5.29,145187273
2019/1/11,5.31,5.35,5.36,5.28,80125306
2019/1/14,5.32,5.29,5.35,5.28,72632754
2019/1/15,5.3,5.33,5.37,5.3,86193744
2019/1/16,5.35,5.39,5.4,5.33,83503758
2019/1/17,5.41,5.36,5.42,5.34,75255169
2019/1/18,5.4,5.4,5.42,5.36,100182695
2019/1/21,5.44,5.48,5.5,5.43,101246760
2019/1/22,5.48,5.38,5.49,5.34,91068084
2019/1/23,5.35,5.38,5.42,5.34,64358403
2019/1/24,5.38,5.43,5.45,5.35,75678593
2019/1/25,5.47,5.47,5.5,5.46,67572939
2019/1/28,5.57,5.55,5.64,5.53,146127896
2019/1/29,5.54,5.61,5.62,5.49,129507259
2019/1/30,5.6,5.63,5.68,5.58,86186187
2019/1/31,5.67,5.73,5.77,5.63,108225812
2019/2/1,5.73,5.74,5.78,5.7,77140641
2019/2/11,5.7,5.7,5.72,5.6,101036641
2019/2/12,5.7,5.69,5.71,5.65,111360179
2019/2/13,5.71,5.86,5.88,5.7,136012347
2019/2/14,5.85,5.84,5.88,5.82,85645309
2019/2/15,5.84,5.75,5.87,5.73,79484228
2019/2/18,5.82,5.9,5.92,5.81,126249478
2019/2/19,5.9,5.88,5.93,5.85,85276155
2019/2/20,5.87,5.9,5.91,5.86,64924294
2019/2/21,5.91,5.87,5.92,5.84,79289289
2019/2/22,5.84,5.88,5.88,5.77,96069336
2019/2/25,5.89,6.07,6.08,5.87,269769104
2019/2/26,6.01,6,6.06,5.96,240814265
2019/2/27,6,6.04,6.1,5.99,190569311
2019/2/28,6.03,6.01,6.06,6,117622218
2019/3/1,6.04,6.08,6.08,6,129183467
2019/3/4,6.08,6.11,6.22,6.04,280478800
2019/3/5,6.11,6.09,6.11,6.04,173507508
2019/3/6,6.08,6.13,6.16,6.05,278993696
2019/3/7,6.07,6.08,6.1,6.03,240330401
2019/3/8,6.01,5.85,6.03,5.82,195831445
2019/3/11,5.84,5.87,5.89,5.82,136333323
2019/3/12,5.9,5.98,6.05,5.9,181424860
2019/3/13,5.98,5.89,5.98,5.86,116054801
2019/3/14,5.93,5.93,6,5.89,109559567
2019/3/15,5.94,5.94,5.98,5.89,105388138
2019/3/18,5.95,6.06,6.07,5.92,170829451
2019/3/19,6.08,6.05,6.1,6.02,124802851
2019/3/20,6.04,6,6.08,5.96,127874029
2019/3/21,6.03,6.01,6.05,5.98,100927249
2019/3/22,6.01,5.98,6.02,5.94,92824380
2019/3/25,5.93,5.82,5.93,5.79,260345685
2019/3/26,5.8,5.7,5.82,5.67,210214631
2019/3/27,5.71,5.72,5.75,5.69,111254464
2019/3/28,5.69,5.64,5.7,5.62,116248483
2019/3/29,5.65,5.74,5.75,5.61,198148232
2019/4/1,5.75,5.84,5.84,5.74,259446304
2019/4/2,5.86,5.81,5.88,5.79,183227275
2019/4/3,5.82,5.86,5.88,5.8,195680771
2019/4/4,5.85,5.93,5.94,5.83,284445136
2019/4/8,6.03,6.03,6.1,5.96,356305088
2019/4/9,6.01,5.96,6.04,5.92,223271264
2019/4/10,5.94,5.9,5.94,5.85,223721834
2019/4/11,5.9,5.83,5.92,5.81,182456687
2019/4/12,5.81,5.82,5.83,5.78,130434563
2019/4/15,5.85,5.81,5.9,5.81,166914867
2019/4/16,5.79,5.9,5.9,5.71,227526580
2019/4/17,5.88,5.88,5.91,5.85,164409866
2019/4/18,5.87,5.85,5.89,5.83,128765138
2019/4/19,5.85,5.87,5.88,5.81,111557810
2019/4/22,5.91,5.93,6.01,5.86,286965520
2019/4/23,5.95,5.88,5.97,5.86,195261484
2019/4/24,5.9,5.82,5.9,5.78,165145335
2019/4/25,5.79,5.73,5.8,5.72,141111755
2019/4/26,5.7,5.66,5.73,5.65,113545702
2019/4/29,5.66,5.66,5.7,5.62,117911408
2019/4/30,5.62,5.68,5.69,5.61,91009737
2019/5/6,5.59,5.44,5.59,5.42,225156442
2019/5/7,5.48,5.45,5.51,5.42,110319862
2019/5/8,5.39,5.38,5.44,5.36,108369560
2019/5/9,5.37,5.35,5.4,5.32,72966475
2019/5/10,5.39,5.43,5.44,5.34,96371554
2019/5/13,5.39,5.37,5.4,5.36,75913979
2019/5/14,5.34,5.36,5.38,5.32,70323765
2019/5/15,5.37,5.4,5.42,5.37,89243510
2019/5/16,5.39,5.44,5.45,5.38,94228415
2019/5/17,5.45,5.41,5.45,5.4,118252715
2019/5/20,5.41,5.46,5.47,5.36,100177216
2019/5/21,5.44,5.48,5.53,5.42,95284470
2019/5/22,5.47,5.45,5.49,5.44,49308719
2019/5/23,5.43,5.46,5.49,5.41,86615299
2019/5/24,5.42,5.39,5.45,5.38,63724580
2019/5/27,5.39,5.43,5.44,5.38,58728293
2019/5/28,5.43,5.44,5.47,5.39,95213367
2019/5/29,5.41,5.41,5.44,5.4,63141206
2019/5/30,5.42,5.47,5.48,5.41,108792893
2019/5/31,5.44,5.43,5.49,5.42,73725462
2019/6/3,5.44,5.44,5.45,5.41,82451009
2019/6/4,5.43,5.43,5.44,5.4,61178636
2019/6/5,5.45,5.48,5.52,5.44,89091027
2019/6/6,5.48,5.48,5.5,5.45,70639712
2019/6/10,5.49,5.54,5.55,5.48,98645086
2019/6/11,5.29,5.3,5.31,5.25,141037968
2019/6/12,5.27,5.26,5.28,5.24,75032503
2019/6/13,5.24,5.25,5.25,5.19,77934934
2019/6/14,5.24,5.21,5.25,5.2,69314632
2019/6/17,5.21,5.23,5.25,5.2,52763523
2019/6/18,5.24,5.26,5.28,5.22,55197595
2019/6/19,5.32,5.29,5.33,5.27,109152602
2019/6/20,5.29,5.36,5.38,5.27,162172506
2019/6/21,5.39,5.41,5.44,5.37,113954291
2019/6/24,5.41,5.4,5.42,5.38,56151589
2019/6/25,5.41,5.39,5.41,5.35,73954557
2019/6/26,5.39,5.46,5.47,5.37,96869456
2019/6/27,5.49,5.43,5.51,5.43,99970402
2019/6/28,5.43,5.47,5.47,5.41,58980132
2019/7/1,5.5,5.48,5.51,5.47,81692884
2019/7/2,5.47,5.44,5.48,5.42,85428309
2019/7/3,5.41,5.38,5.42,5.35,86208413
2019/7/4,5.39,5.45,5.45,5.38,77167482
2019/7/5,5.44,5.42,5.44,5.39,62777569
2019/7/8,5.4,5.33,5.4,5.31,74493197
2019/7/9,5.32,5.26,5.33,5.25,80060038
2019/7/10,5.28,5.2,5.28,5.19,87589477
2019/7/11,5.24,5.22,5.25,5.2,97498199
2019/7/12,5.21,5.24,5.26,5.2,62526460
2019/7/15,5.24,5.26,5.27,5.18,65840220
2019/7/16,5.26,5.3,5.32,5.25,62505424
2019/7/17,5.28,5.28,5.3,5.26,43193967
2019/7/18,5.28,5.24,5.29,5.23,40864837
2019/7/19,5.25,5.29,5.31,5.24,55979979
2019/7/22,5.29,5.26,5.3,5.25,54412628
2019/7/23,5.25,5.26,5.29,5.23,54582882
2019/7/24,5.27,5.28,5.32,5.26,54872160
2019/7/25,5.29,5.29,5.31,5.26,49925551
2019/7/26,5.27,5.28,5.31,5.24,60267429
2019/7/29,5.28,5.25,5.28,5.25,59208095
2019/7/30,5.26,5.26,5.29,5.25,35260838
2019/7/31,5.26,5.27,5.27,5.24,39847626
2019/8/1,5.25,5.23,5.27,5.21,61687258
2019/8/2,5.18,5.13,5.18,5.12,105113212
2019/8/5,5.11,5.04,5.12,5.03,80943363
2019/8/6,4.97,4.99,5.01,4.95,106502516
2019/8/7,5,4.97,5.02,4.95,66990423
2019/8/8,4.98,4.98,4.99,4.96,59347961
2019/8/9,4.99,4.98,4.99,4.96,53960043
2019/8/12,4.98,4.99,4.99,4.95,59871026
2019/8/13,4.97,4.94,4.97,4.93,52843894
2019/8/14,4.98,4.97,4.99,4.97,43598150
2019/8/15,4.91,4.97,4.97,4.89,43068082
2019/8/16,4.96,4.97,4.98,4.95,46717189
2019/8/19,4.99,5.04,5.04,4.97,66809776
2019/8/20,5.04,5.05,5.07,5.03,61648755
2019/8/21,5.05,5.03,5.05,5.02,29367685
2019/8/22,5.03,5.01,5.04,4.98,49437335
2019/8/23,5.02,5.01,5.03,5,33887223
2019/8/26,4.95,4.97,4.98,4.94,58440556
2019/8/27,4.98,4.99,5.03,4.97,75948882
2019/8/28,4.99,4.98,5.01,4.97,42759560
2019/8/29,4.99,4.99,5,4.96,45545548
2019/8/30,5,4.98,5.03,4.96,51807407
2019/9/2,4.99,5.02,5.03,4.98,66871034
2019/9/3,5.02,5.02,5.03,4.99,59988561
2019/9/4,5.02,5.09,5.09,5.01,97457546
2019/9/5,5.1,5.11,5.17,5.09,96272196
2019/9/6,5.12,5.15,5.16,5.12,71782161
2019/9/9,5.18,5.19,5.21,5.15,91202230
2019/9/10,5.21,5.22,5.22,5.19,67956639
2019/9/11,5.23,5.26,5.27,5.22,90923543
2019/9/12,5.25,5.21,5.26,5.2,80767985
2019/9/16,5.39,5.35,5.41,5.31,270501360
2019/9/17,5.25,5.16,5.25,5.14,109435052
2019/9/18,5.12,5.07,5.12,5.07,80480353
2019/9/19,5.08,5.09,5.1,5.05,45062106
2019/9/20,5.1,5.07,5.11,5.06,69847706
2019/9/23,5.07,5.05,5.07,5.02,56054953
2019/9/24,5.06,5.04,5.07,5.03,48830150
2019/9/25,5.02,5.01,5.03,5.01,47390897
2019/9/26,5.03,5,5.03,4.98,60079711
2019/9/27,5,4.99,5,4.97,45369538
2019/9/30,5,5.02,5.04,4.99,49198706
2019/10/8,4.99,5,5.02,4.99,43671233
2019/10/9,4.98,5.01,5.02,4.96,41436473
2019/10/10,5.01,5,5.01,4.98,37811018
2019/10/11,5.02,5.08,5.09,5,74755404
2019/10/14,5.07,5.08,5.11,5.05,66509926
2019/10/15,5.08,5.04,5.08,5.04,36033293
2019/10/16,5.05,5.05,5.07,5.03,42721794
2019/10/17,5.05,5.04,5.06,5.03,25466618
2019/10/18,5.05,4.99,5.05,4.99,42657040
2019/10/21,4.99,4.98,5,4.97,50875598
2019/10/22,4.99,4.98,4.99,4.95,50452935
2019/10/23,4.98,4.97,4.99,4.96,36096613
2019/10/24,4.99,4.99,5,4.97,41060092
2019/10/25,5,5,5,4.97,48654519
2019/10/28,4.99,5.01,5.02,4.98,57032525
2019/10/29,5,4.99,5.02,4.99,40298109
2019/10/30,4.99,4.96,5,4.96,37717034
2019/10/31,4.95,4.9,4.95,4.89,75681848
2019/11/1,4.88,4.89,4.9,4.86,83310319
2019/11/4,4.91,4.9,4.92,4.89,63305955
2019/11/5,4.92,4.93,4.95,4.89,53281679
2019/11/6,4.94,4.93,4.94,4.92,42746400
2019/11/7,4.92,4.94,4.94,4.91,40415418
2019/11/8,4.95,4.93,4.96,4.9,58359294
2019/11/11,4.92,4.86,4.92,4.86,65526404
2019/11/12,4.87,4.87,4.89,4.85,46891810
2019/11/13,4.88,4.87,4.88,4.85,50733934
2019/11/14,4.87,4.85,4.87,4.85,46395112
2019/11/15,4.86,4.85,4.88,4.84,57004044
2019/11/18,4.86,4.91,4.91,4.85,59947684
2019/11/19,4.89,4.9,4.92,4.88,48248486
2019/11/20,4.89,4.92,4.94,4.88,51662351
2019/11/21,4.92,4.94,4.96,4.9,55789494
2019/11/22,4.95,4.94,4.97,4.93,67022030
2019/11/25,4.93,5.02,5.03,4.92,92560881
2019/11/26,5.03,5.03,5.04,4.99,70645173
2019/11/27,5.02,5.02,5.04,4.99,46092880
2019/11/28,5.02,5.01,5.03,4.99,29690653
2019/11/29,5,4.99,5.01,4.96,45805196
2019/12/2,4.96,4.95,4.97,4.93,49339106
2019/12/3,4.95,4.93,4.96,4.91,40949871
2019/12/4,4.93,4.91,4.93,4.9,30934732
2019/12/5,4.94,4.93,4.94,4.91,38321215
2019/12/6,4.93,4.92,4.94,4.9,51304224
2019/12/9,4.92,4.95,4.95,4.91,52813386
2019/12/10,4.95,4.94,4.96,4.93,30540815
2019/12/11,4.96,4.96,4.97,4.95,48908272
2019/12/12,4.97,4.95,4.97,4.95,36400343
2019/12/13,4.97,4.99,4.99,4.96,64920657
2019/12/16,5,5.01,5.03,4.98,59201767
2019/12/17,5.02,5.08,5.1,4.99,121077924
2019/12/18,5.08,5.07,5.11,5.05,64768435
2019/12/19,5.07,5.06,5.08,5.04,32548167
2019/12/20,5.05,5.05,5.08,5.05,43926373
2019/12/23,5.06,4.99,5.06,4.99,53818171
2019/12/24,4.99,5.02,5.03,4.99,23536800
2019/12/25,5.02,5.01,5.03,5,24112182
2019/12/26,5,5.02,5.03,5,25791930
2019/12/27,5.02,5.05,5.09,5.02,69098843
2019/12/30,5.05,5.08,5.09,5.04,76168475
2019/12/31,5.07,5.11,5.12,5.06,89177726
2020/1/2,5.13,5.17,5.19,5.11,125043592
2020/1/3,5.19,5.27,5.29,5.18,164887316
2020/1/6,5.31,5.36,5.41,5.29,211251253
2020/1/7,5.3,5.25,5.3,5.2,126348161
2020/1/8,5.32,5.28,5.35,5.27,127040971
2020/1/9,5.19,5.19,5.22,5.17,103355538
2020/1/10,5.18,5.16,5.19,5.14,46913955
2020/1/13,5.16,5.14,5.17,5.1,83754435
2020/1/14,5.13,5.14,5.17,5.11,84445453
2020/1/15,5.14,5.09,5.14,5.09,50513896
2020/1/16,5.1,5.07,5.11,5.06,52747510
2020/1/17,5.08,5.07,5.1,5.05,60190660
2020/1/20,5.07,5.05,5.08,5.04,61508558
2020/1/21,5.04,5.01,5.05,5,74500553
2020/1/22,5,4.98,5.01,4.95,81200220
2020/1/23,4.96,4.94,4.97,4.9,110492183
2020/2/3,4.5,4.62,4.74,4.49,216185335
2020/2/4,4.58,4.64,4.65,4.54,120059382
2020/2/5,4.63,4.64,4.7,4.59,120889413
2020/2/6,4.69,4.7,4.73,4.63,102451696
2020/2/7,4.7,4.73,4.74,4.66,95184826
2020/2/10,4.74,4.71,4.74,4.68,114663643
2020/2/11,4.71,4.72,4.75,4.69,116920868
2020/2/12,4.72,4.73,4.73,4.68,84461678
2020/2/13,4.73,4.7,4.74,4.7,91856677
2020/2/14,4.69,4.71,4.72,4.68,66680105
2020/2/17,4.71,4.78,4.79,4.7,105985899
2020/2/18,4.78,4.75,4.79,4.74,118694864
2020/2/19,4.76,4.74,4.77,4.73,93438092
2020/2/20,4.76,4.79,4.79,4.75,120382688
2020/2/21,4.77,4.79,4.79,4.77,98260316
2020/2/24,4.76,4.72,4.77,4.71,129218143
2020/2/25,4.67,4.66,4.69,4.64,145495444
2020/2/26,4.63,4.68,4.7,4.61,143614067
2020/2/27,4.68,4.66,4.69,4.65,103337553
2020/2/28,4.61,4.6,4.65,4.56,166939152
2020/3/2,4.62,4.7,4.73,4.62,155087910
2020/3/3,4.74,4.71,4.76,4.68,132749282
2020/3/4,4.71,4.71,4.73,4.69,79927735
2020/3/5,4.74,4.79,4.8,4.72,160771353
2020/3/6,4.76,4.79,4.82,4.73,161577424
2020/3/9,4.73,4.91,5,4.6,518234304
2020/3/10,4.85,4.82,4.91,4.72,263397874
2020/3/11,4.81,4.75,4.81,4.75,150508927
2020/3/12,4.7,4.64,4.74,4.62,175036426
2020/3/13,4.52,4.55,4.59,4.51,206569738
2020/3/16,4.58,4.63,4.77,4.58,266571412
2020/3/17,4.62,4.59,4.67,4.51,154084983
2020/3/18,4.59,4.53,4.62,4.52,141096749
2020/3/19,4.51,4.45,4.54,4.41,145717278
2020/3/20,4.5,4.51,4.53,4.45,98918673
2020/3/23,4.45,4.43,4.47,4.41,86949901
2020/3/24,4.46,4.48,4.49,4.45,81316393
2020/3/25,4.55,4.52,4.55,4.5,86446885
2020/3/26,4.52,4.49,4.53,4.48,69709901
2020/3/27,4.52,4.49,4.53,4.47,75602602
2020/3/30,4.49,4.47,4.49,4.44,102476953
2020/3/31,4.49,4.43,4.49,4.4,161012374
2020/4/1,4.42,4.39,4.43,4.38,116153343
2020/4/2,4.36,4.55,4.56,4.36,264055918
2020/4/3,4.54,4.46,4.54,4.45,167679712
2020/4/7,4.51,4.51,4.54,4.48,159965022
2020/4/8,4.49,4.5,4.5,4.45,116631215
2020/4/9,4.52,4.51,4.53,4.5,79263855
2020/4/10,4.5,4.49,4.54,4.47,99702301
2020/4/13,4.5,4.5,4.52,4.49,84317692
2020/4/14,4.5,4.5,4.51,4.47,99621388
2020/4/15,4.49,4.49,4.5,4.47,75520692
2020/4/16,4.47,4.47,4.49,4.47,80859007
2020/4/17,4.5,4.56,4.58,4.48,211818903
2020/4/20,4.52,4.61,4.65,4.52,137589299
2020/4/21,4.57,4.54,4.59,4.53,119490683
2020/4/22,4.52,4.51,4.53,4.48,77973682
2020/4/23,4.52,4.55,4.61,4.52,121501782
2020/4/24,4.55,4.49,4.56,4.49,81335790
2020/4/27,4.5,4.51,4.52,4.48,65727847
2020/4/28,4.49,4.43,4.5,4.43,110505789
2020/4/29,4.46,4.44,4.46,4.42,67861751
2020/4/30,4.41,4.46,4.46,4.38,119640204
2020/5/6,4.41,4.43,4.44,4.41,84819242
2020/5/7,4.43,4.41,4.43,4.41,57714809
2020/5/8,4.42,4.42,4.43,4.41,65920898
2020/5/11,4.43,4.41,4.44,4.41,55947548
2020/5/12,4.42,4.4,4.42,4.4,54066435
2020/5/13,4.4,4.41,4.42,4.38,62129330
2020/5/14,4.39,4.38,4.4,4.37,55408978
2020/5/15,4.39,4.36,4.4,4.36,50811392
2020/5/18,4.37,4.37,4.39,4.36,51495650
2020/5/19,4.41,4.39,4.42,4.38,76973124
2020/5/20,4.39,4.37,4.39,4.36,42610778
2020/5/21,4.38,4.36,4.39,4.35,68249369
2020/5/22,4.35,4.25,4.36,4.25,121236388
2020/5/25,4.25,4.22,4.26,4.21,58933644
2020/5/26,4.23,4.21,4.24,4.19,81135480
2020/5/27,4.21,4.19,4.22,4.18,71932997
2020/5/28,4.18,4.19,4.21,4.16,68668482
2020/5/29,4.18,4.14,4.19,4.14,81222947
2020/6/1,4.15,4.2,4.21,4.15,100851465
2020/6/2,4.2,4.22,4.24,4.19,84259723
2020/6/3,4.24,4.24,4.27,4.23,90997752
2020/6/4,4.26,4.19,4.26,4.18,93562405
2020/6/5,4.2,4.23,4.23,4.17,78157974
2020/6/8,4.25,4.3,4.3,4.24,129640293
2020/6/9,4.3,4.29,4.3,4.27,111041120
2020/6/10,4.12,4.09,4.12,4.08,108417595
2020/6/11,4.08,4.03,4.09,4.03,97043809
2020/6/12,3.99,4.04,4.07,3.97,92414597
2020/6/15,4.02,3.99,4.02,3.99,60136071
2020/6/16,4.02,4.02,4.02,4,55590647
2020/6/17,4.01,4.01,4.02,3.99,64228025
2020/6/18,3.99,4.01,4.02,3.98,107436567
2020/6/19,4.01,4.01,4.03,4,96098272
2020/6/22,4.01,3.99,4.02,3.99,86156481
2020/6/23,3.99,3.97,4,3.96,91196222
2020/6/24,3.96,3.97,3.98,3.96,74132374
2020/6/29,3.96,3.92,3.96,3.9,147280011
2020/6/30,3.93,3.91,3.94,3.91,67638235
2020/7/1,3.92,3.93,3.94,3.9,98015525
2020/7/2,3.92,4.01,4.02,3.91,211938640
2020/7/3,4,4.08,4.09,3.99,227156318
2020/7/6,4.11,4.27,4.29,4.11,423753376
2020/7/7,4.31,4.23,4.36,4.23,420182160
2020/7/8,4.21,4.21,4.22,4.13,289021040
2020/7/9,4.2,4.23,4.25,4.17,271902160
2020/7/10,4.2,4.13,4.2,4.12,217219229
2020/7/13,4.13,4.17,4.18,4.12,241002124
2020/7/14,4.15,4.09,4.17,4.07,279702496
2020/7/15,4.11,4.05,4.13,4.04,190492259
2020/7/16,4.07,3.98,4.07,3.98,217229888
2020/7/17,3.99,3.97,4,3.96,130986083
2020/7/20,3.98,4.04,4.05,3.97,157380543
2020/7/21,4.05,4.02,4.07,4.01,117647289
2020/7/22,4.05,4.08,4.13,4.03,254716763
2020/7/23,4.06,4.03,4.08,3.99,174838982
2020/7/24,4.06,4,4.09,3.99,192382446
2020/7/27,4.01,4.01,4.03,3.99,123328259
2020/7/28,4.03,4.01,4.04,3.99,117682341
2020/7/29,4.01,4.02,4.02,3.98,198564764
2020/7/30,4.01,3.99,4.02,3.99,97227740
2020/7/31,3.98,4,4.01,3.97,140601917
2020/8/3,4,4.01,4.02,3.99,131665126
2020/8/4,4.01,4.04,4.05,4,167470192
2020/8/5,4.03,4.02,4.04,4,111561964
2020/8/6,4.04,4.03,4.06,4.01,171519832
2020/8/7,4.02,3.99,4.03,3.98,170693183
2020/8/10,3.99,4,4.01,3.97,146323592
2020/8/11,4.01,3.99,4.02,3.99,157801790
2020/8/12,3.99,3.99,4,3.97,177450604
2020/8/13,4,4.01,4.02,3.99,147114217
2020/8/14,4,4.02,4.02,3.99,117517413
2020/8/17,4.01,4.07,4.09,4.01,292142080
2020/8/18,4.07,4.06,4.08,4.04,172356026
2020/8/19,4.06,4.06,4.1,4.05,236413264
2020/8/20,4.06,4.03,4.06,4.02,179979741
2020/8/21,4.04,4.03,4.05,4.01,100434904
2020/8/24,4.03,4.04,4.05,4.02,104327010
2020/8/25,4.05,4.03,4.05,4.02,102714779
2020/8/26,4.04,4.05,4.07,4.02,177817543
2020/8/27,4.05,4.03,4.06,4.01,102644729
2020/8/28,4.02,4.03,4.04,4,122791191
2020/8/31,4.03,4.03,4.06,4.02,160047916
2020/9/1,4.02,4.03,4.04,4.02,87702448
2020/9/2,4.03,4,4.03,3.99,99417007
2020/9/3,4,3.99,4.02,3.98,108358605
2020/9/4,3.98,3.98,3.99,3.96,118317300
2020/9/7,3.97,3.96,3.98,3.95,110020047
2020/9/8,3.96,3.97,3.98,3.95,97108373
2020/9/9,3.95,3.94,3.97,3.94,121619965
2020/9/10,3.95,3.92,3.96,3.91,118299706
2020/9/11,3.91,3.91,3.92,3.9,70922788
2020/9/14,3.92,3.92,3.93,3.91,57184320
2020/9/15,3.92,3.92,3.93,3.91,49234843
2020/9/16,3.93,3.94,3.95,3.91,68228567
2020/9/17,3.94,3.93,3.95,3.93,52459445
2020/9/18,3.95,3.96,3.96,3.93,126999862
2020/9/21,3.96,3.97,3.98,3.95,76441444
2020/9/22,3.95,3.93,3.97,3.93,75632958
2020/9/23,3.93,3.92,3.94,3.92,42740906
2020/9/24,3.92,3.89,3.92,3.88,84426707
2020/9/25,3.9,3.89,3.9,3.88,42139544
2020/9/28,3.89,3.89,3.91,3.88,69440687
2020/9/29,3.9,3.89,3.91,3.89,41162356
2020/9/30,3.9,3.91,3.93,3.88,71000182
2020/10/9,3.93,3.93,3.95,3.92,52393970
2020/10/12,3.94,3.96,3.97,3.92,77817224
2020/10/13,3.96,3.94,3.96,3.93,41411879
2020/10/14,3.93,3.92,3.94,3.9,77735520
2020/10/15,3.91,3.92,3.93,3.91,39910005
2020/10/16,3.92,3.93,3.94,3.91,51148022
2020/10/19,3.93,3.92,3.95,3.91,80295509
2020/10/20,3.92,3.93,3.94,3.91,45152352
2020/10/21,3.93,3.93,3.94,3.91,61347563
2020/10/22,3.92,3.92,3.93,3.91,40614157
2020/10/23,3.86,3.9,3.92,3.85,128970351
2020/10/26,3.91,3.9,3.92,3.89,60531008
2020/10/27,3.9,3.88,3.9,3.88,40298828
2020/10/28,3.88,3.88,3.89,3.86,42840918
2020/10/29,3.86,3.89,3.9,3.86,82797087
2020/10/30,3.89,3.9,3.93,3.88,127074492
2020/11/2,3.89,3.91,3.92,3.88,86468260
2020/11/3,3.92,3.95,3.95,3.91,100031742
2020/11/4,3.95,3.93,3.95,3.91,56015453
2020/11/5,3.96,3.96,3.97,3.93,99754661
2020/11/6,3.96,3.98,3.99,3.95,102154416
2020/11/9,3.99,4.01,4.04,3.98,118274467
2020/11/10,4.1,4.04,4.14,4.03,275912944
2020/11/11,4.05,4.12,4.13,4.05,210512178
2020/11/12,4.12,4.06,4.12,4.04,117668522
2020/11/13,4.05,4.02,4.06,4,100156431
2020/11/16,4.03,4.1,4.11,4.03,151312768
2020/11/17,4.12,4.12,4.14,4.09,160928612
2020/11/18,4.1,4.11,4.14,4.09,141105354
2020/11/19,4.11,4.12,4.15,4.1,100221662
2020/11/20,4.12,4.09,4.13,4.07,94936212
2020/11/23,4.1,4.2,4.2,4.1,255394821
2020/11/24,4.2,4.19,4.23,4.18,125263644
2020/11/25,4.25,4.23,4.32,4.23,317337840
2020/11/26,4.23,4.26,4.3,4.23,162329977
2020/11/27,4.26,4.28,4.28,4.22,127317332
2020/11/30,4.27,4.19,4.33,4.19,201881064
2020/12/1,4.18,4.23,4.25,4.18,116281342
2020/12/2,4.22,4.22,4.26,4.2,106814958
2020/12/3,4.25,4.2,4.27,4.19,106665184
2020/12/4,4.2,4.18,4.22,4.14,124327964
2020/12/7,4.17,4.11,4.19,4.1,117473304
2020/12/8,4.11,4.1,4.13,4.08,73660095
2020/12/9,4.09,4.07,4.12,4.07,78396215
2020/12/10,4.07,4.06,4.08,4.05,73559154
2020/12/11,4.1,4.12,4.12,4.05,125088937
2020/12/14,4.09,4.06,4.1,4.04,107828479
2020/12/15,4.04,4.03,4.05,4,71245124
2020/12/16,4.04,4.04,4.06,4.03,47071022
2020/12/17,4.06,4.09,4.1,4.03,73530053
2020/12/18,4.1,4.1,4.13,4.08,89943242
2020/12/21,4.09,4.07,4.11,4.05,90528671
2020/12/22,4.04,3.98,4.05,3.98,121034740
2020/12/23,3.99,3.99,4,3.97,66187138
2020/12/24,4.01,3.99,4.02,3.97,65498216
2020/12/25,3.99,4,4.01,3.97,44862392
2020/12/28,3.99,3.99,4.01,3.98,56639284
2020/12/29,3.99,4.02,4.04,3.98,81676058
2020/12/30,4.01,4.01,4.03,3.99,59293172
2020/12/31,4,4.03,4.05,3.99,85261946
2021/1/4,4.03,4.03,4.05,3.99,110052440
2021/1/5,4.01,4.02,4.03,3.98,107596901
2021/1/6,4.05,4.11,4.11,4.04,183894490
2021/1/7,4.11,4.12,4.13,4.08,184736754
2021/1/8,4.16,4.19,4.22,4.14,189007898
2021/1/11,4.19,4.06,4.19,4.05,247239526
2021/1/12,4.06,4.15,4.15,4.05,146946494
2021/1/13,4.16,4.22,4.25,4.14,228990675
2021/1/14,4.21,4.23,4.28,4.18,191255566
2021/1/15,4.23,4.24,4.26,4.21,160722724
2021/1/18,4.2,4.16,4.21,4.14,201744129
2021/1/19,4.16,4.17,4.22,4.14,169801127
2021/1/20,4.2,4.16,4.23,4.13,109734687
2021/1/21,4.15,4.16,4.19,4.13,105716400
2021/1/22,4.15,4.07,4.16,4.06,131965495
2021/1/25,4.06,4.02,4.07,4,149375964
2021/1/26,4.01,4.03,4.04,4.01,94162125
2021/1/27,4.03,4.03,4.07,4.02,99379006
2021/1/28,4.01,3.98,4.03,3.96,135121376
2021/1/29,3.98,3.95,3.99,3.92,114203723
2021/2/1,3.94,3.95,3.96,3.91,104645211
2021/2/2,3.98,3.94,3.99,3.93,108528883
2021/2/3,3.96,3.97,3.97,3.94,69622498
2021/2/4,3.96,3.99,3.99,3.95,106503901
2021/2/5,3.99,3.96,4,3.96,82078848
2021/2/8,3.97,3.99,4.01,3.97,103930222
2021/2/9,4,4.11,4.13,4,183498298
2021/2/10,4.1,4.17,4.22,4.1,259329795
2021/2/18,4.45,4.48,4.58,4.4,838250528
2021/2/19,4.41,4.37,4.43,4.36,334171856
2021/2/22,4.41,4.65,4.74,4.41,599923136
2021/2/23,4.76,4.7,4.84,4.66,446068544
2021/2/24,4.72,4.56,4.74,4.52,274553216
2021/2/25,4.68,4.66,4.74,4.62,223317053
2021/2/26,4.51,4.51,4.58,4.47,298757776
2021/3/1,4.54,4.57,4.59,4.46,213295718
2021/3/2,4.51,4.38,4.51,4.33,326255792
2021/3/3,4.35,4.46,4.48,4.35,236043630
2021/3/4,4.46,4.45,4.51,4.41,163243559
2021/3/5,4.52,4.5,4.58,4.41,248960959
2021/3/8,4.59,4.56,4.69,4.55,314678416
2021/3/9,4.51,4.52,4.61,4.45,224648728
2021/3/10,4.49,4.42,4.51,4.4,149027437
2021/3/11,4.45,4.48,4.49,4.44,119855260
2021/3/12,4.5,4.48,4.52,4.43,137980472
2021/3/15,4.47,4.61,4.62,4.47,236540480
2021/3/16,4.58,4.55,4.59,4.52,116163072
2021/3/17,4.52,4.46,4.52,4.44,150215513
2021/3/18,4.45,4.44,4.46,4.41,138233862
2021/3/19,4.34,4.26,4.34,4.25,307982064
2021/3/22,4.27,4.29,4.31,4.27,151597465
2021/3/23,4.29,4.26,4.3,4.22,134253618
2021/3/24,4.21,4.22,4.24,4.19,129693126
2021/3/25,4.25,4.23,4.27,4.22,115032790
2021/3/26,4.21,4.24,4.26,4.21,98346102
2021/3/29,4.29,4.29,4.35,4.27,194862435
2021/3/30,4.32,4.32,4.35,4.3,150424541
2021/3/31,4.31,4.33,4.33,4.28,92678868
2021/4/1,4.32,4.3,4.33,4.28,104178533
2021/4/2,4.33,4.32,4.35,4.3,142666770
2021/4/6,4.3,4.29,4.3,4.26,86146196
2021/4/7,4.29,4.36,4.37,4.28,143872330
2021/4/8,4.34,4.36,4.38,4.33,105033134
2021/4/9,4.36,4.39,4.4,4.34,102794543
2021/4/12,4.39,4.39,4.43,4.36,108821002
2021/4/13,4.38,4.33,4.39,4.3,111895489
2021/4/14,4.34,4.35,4.36,4.31,82237861
2021/4/15,4.39,4.37,4.41,4.35,98335568
2021/4/16,4.38,4.45,4.47,4.37,162102075
2021/4/19,4.46,4.42,4.47,4.4,140678189
2021/4/20,4.42,4.4,4.42,4.38,82299842
2021/4/21,4.37,4.28,4.37,4.27,196758056
2021/4/22,4.27,4.26,4.29,4.23,150186757
2021/4/23,4.26,4.23,4.26,4.21,96375165
2021/4/26,4.22,4.21,4.25,4.2,98483522
2021/4/27,4.21,4.2,4.22,4.17,77235304
2021/4/28,4.21,4.24,4.24,4.19,74458676
2021/4/29,4.27,4.28,4.29,4.25,130117952
2021/4/30,4.26,4.28,4.29,4.25,112476976
2021/5/6,4.33,4.37,4.39,4.32,184326852
2021/5/7,4.37,4.4,4.42,4.35,155208762
2021/5/10,4.42,4.5,4.5,4.42,195942068
2021/5/11,4.46,4.45,4.47,4.39,151953943
2021/5/12,4.44,4.5,4.54,4.44,130070782
2021/5/13,4.48,4.43,4.49,4.41,113006235
2021/5/14,4.41,4.39,4.43,4.35,120643091
2021/5/17,4.42,4.42,4.45,4.4,121190553
2021/5/18,4.45,4.53,4.54,4.43,193491054
2021/5/19,4.49,4.43,4.49,4.41,161015862
2021/5/20,4.38,4.34,4.38,4.34,120585915
2021/5/21,4.34,4.36,4.38,4.32,95573873
2021/5/24,4.38,4.39,4.4,4.36,86883673
2021/5/25,4.42,4.43,4.45,4.37,155268999
2021/5/26,4.41,4.47,4.47,4.41,163527884
2021/5/27,4.45,4.47,4.54,4.45,165190924
2021/5/28,4.51,4.47,4.53,4.45,100540810
2021/5/31,4.45,4.42,4.45,4.38,120151734
2021/6/1,4.42,4.47,4.48,4.39,141526091
2021/6/2,4.49,4.49,4.51,4.46,136072894
2021/6/3,4.5,4.52,4.55,4.5,197273342
2021/6/4,4.5,4.49,4.52,4.46,116858780
2021/6/7,4.51,4.53,4.54,4.49,116240996
2021/6/8,4.5,4.5,4.51,4.45,158327965
2021/6/9,4.52,4.6,4.62,4.51,247701931
2021/6/10,4.57,4.58,4.62,4.56,159983061
2021/6/11,4.61,4.66,4.76,4.6,296905200
2021/6/15,4.7,4.68,4.8,4.66,268109480
2021/6/16,4.74,4.7,4.78,4.69,178682856
2021/6/17,4.58,4.49,4.59,4.48,144674156
2021/6/18,4.46,4.37,4.47,4.35,209242076
2021/6/21,4.37,4.29,4.39,4.28,230399675
2021/6/22,4.34,4.43,4.47,4.33,261793370
2021/6/23,4.43,4.44,4.45,4.38,99809744
2021/6/24,4.44,4.42,4.44,4.39,102543220
2021/6/25,4.43,4.42,4.49,4.41,151006731
2021/6/28,4.45,4.38,4.47,4.36,127611752
2021/6/29,4.36,4.35,4.37,4.32,128878874
2021/6/30,4.36,4.36,4.38,4.33,77308781
2021/7/1,4.37,4.33,4.38,4.33,76574693
2021/7/2,4.4,4.31,4.42,4.3,177946142
2021/7/5,4.31,4.3,4.32,4.26,129845976
2021/7/6,4.32,4.32,4.35,4.29,118036719
2021/7/7,4.28,4.27,4.29,4.25,145678625
2021/7/8,4.26,4.2,4.26,4.2,137307017
2021/7/9,4.2,4.2,4.22,4.18,112045706
2021/7/12,4.23,4.17,4.24,4.17,144576157
2021/7/13,4.19,4.21,4.23,4.17,121954444
2021/7/14,4.22,4.18,4.22,4.17,105048025
2021/7/15,4.16,4.17,4.18,4.13,110263251
2021/7/16,4.16,4.15,4.18,4.14,103916174
2021/7/19,4.15,4.07,4.15,4.05,200799873
2021/7/20,4.02,4.08,4.09,4.02,116285859
2021/7/21,4.08,4.03,4.08,4.03,99339423
2021/7/22,4.07,4.08,4.1,4.05,135730171
2021/7/23,4.09,4.06,4.1,4.06,95349340
2021/7/26,4.07,4.04,4.07,4.01,127603169
2021/7/27,4.04,4.02,4.09,4.01,137442212
2021/7/28,4.02,3.98,4.04,3.97,160749957
2021/7/29,4,3.98,4,3.95,112429589
2021/7/30,3.97,3.99,4.01,3.95,89770835
2021/8/2,3.98,4,4.01,3.92,143752830
2021/8/3,3.97,3.98,4,3.96,104833047
2021/8/4,3.97,4,4,3.95,76843697
2021/8/5,3.98,3.99,4.02,3.96,86014608
2021/8/6,4,3.97,4,3.96,100167170
2021/8/9,3.96,4,4,3.95,89452901
2021/8/10,3.99,4,4,3.97,79408820
2021/8/11,4.01,4.04,4.05,4,124784597
2021/8/12,4.05,4.05,4.06,4.02,108665367
2021/8/13,4.04,4,4.05,3.99,111460688
2021/8/16,4,4.08,4.08,3.99,187260413
2021/8/17,4.07,4.04,4.12,4.03,165390038
2021/8/18,4.02,4.08,4.08,4.01,124526973
2021/8/19,4.04,3.95,4.05,3.94,302924560
2021/8/20,3.96,3.96,3.97,3.94,118117169
2021/8/23,3.96,3.98,4,3.96,103893721
2021/8/24,4.02,4,4.03,3.99,106426316
2021/8/25,4.01,4.04,4.05,4,127870562
2021/8/26,4.05,4.07,4.08,4.04,159721149
2021/8/27,4.06,4.1,4.11,4.05,160022064
2021/8/30,4.14,4.18,4.19,4.12,264477359
2021/8/31,4.18,4.26,4.28,4.14,299890880
2021/9/1,4.27,4.27,4.32,4.22,286679184
2021/9/2,4.26,4.31,4.32,4.25,218101765
2021/9/3,4.34,4.36,4.4,4.33,239287456
2021/9/6,4.36,4.36,4.39,4.34,172622090
2021/9/7,4.36,4.48,4.48,4.34,311848976
2021/9/8,4.46,4.53,4.55,4.45,287994320
2021/9/9,4.55,4.65,4.69,4.53,412391184
2021/9/10,4.63,4.55,4.67,4.52,353125808
2021/9/13,4.59,4.7,4.73,4.59,379516512
2021/9/14,4.7,4.65,4.95,4.62,595752192
2021/9/15,4.62,4.73,4.8,4.58,438462944
2021/9/16,4.83,4.65,4.86,4.63,457714688
2021/9/17,4.47,4.49,4.64,4.34,443174096
2021/9/22,4.41,4.7,4.7,4.4,390160288
2021/9/23,4.73,4.64,4.78,4.61,330503584
2021/9/24,4.66,4.54,4.74,4.51,310640592
2021/9/27,4.58,4.46,4.64,4.44,335166864
2021/9/28,4.52,4.74,4.81,4.49,553126944
2021/9/29,4.63,4.46,4.64,4.4,536503136
2021/9/30,4.46,4.46,4.48,4.36,246316656
2021/10/8,4.62,4.59,4.65,4.51,330265040
2021/10/11,4.61,4.62,4.67,4.56,242940748
2021/10/12,4.59,4.51,4.65,4.46,241862456
2021/10/13,4.47,4.33,4.48,4.29,319833168
2021/10/14,4.33,4.34,4.38,4.29,129487530
2021/10/15,4.37,4.42,4.42,4.32,211525136
2021/10/18,4.43,4.51,4.52,4.4,258992361
2021/10/19,4.47,4.53,4.54,4.42,209153420
2021/10/20,4.46,4.45,4.5,4.42,182937255
2021/10/21,4.48,4.48,4.52,4.45,185046464
2021/10/22,4.45,4.36,4.48,4.34,217324325
2021/10/25,4.39,4.45,4.51,4.34,205336382
2021/10/26,4.45,4.42,4.49,4.41,123191537
2021/10/27,4.42,4.35,4.43,4.33,166850962
2021/10/28,4.3,4.2,4.31,4.17,270223504
2021/10/29,4.23,4.25,4.27,4.19,161791956
2021/11/1,4.24,4.22,4.27,4.2,144344285
2021/11/2,4.25,4.15,4.25,4.1,252870672
2021/11/3,4.11,4.15,4.18,4.1,135010845
2021/11/4,4.12,4.14,4.15,4.08,140053780
2021/11/5,4.13,4.09,4.13,4.08,133598187
2021/11/8,4.13,4.09,4.14,4.09,119136465
2021/11/9,4.1,4.05,4.11,4.04,154510903
2021/11/10,4.07,4.08,4.08,4.04,134486559
2021/11/11,4.05,4.1,4.11,4.04,123956340
2021/11/12,4.1,4.11,4.13,4.07,107596881
2021/11/15,4.1,4.1,4.11,4.08,86677595
2021/11/16,4.11,4.11,4.15,4.09,108037654
2021/11/17,4.11,4.11,4.12,4.09,74651664
2021/11/18,4.1,4.08,4.11,4.08,81634642
2021/11/19,4.1,4.18,4.19,4.08,174345527
2021/11/22,4.14,4.13,4.16,4.11,134750995
2021/11/23,4.12,4.12,4.15,4.1,109857554
2021/11/24,4.15,4.16,4.18,4.12,112461459
2021/11/25,4.14,4.12,4.15,4.11,82037781
2021/11/26,4.09,4.09,4.11,4.08,79599947
2021/11/29,4.02,4.06,4.07,4.02,109627152
2021/11/30,4.06,4.04,4.09,4.03,105217971
2021/12/1,4.04,4.13,4.14,4.04,129070559
2021/12/2,4.14,4.19,4.23,4.12,184036456
2021/12/3,4.21,4.2,4.22,4.14,133620453
2021/12/6,4.2,4.18,4.22,4.18,115153726
2021/12/7,4.22,4.23,4.24,4.18,131608198
2021/12/8,4.24,4.22,4.25,4.21,117228826
2021/12/9,4.23,4.27,4.28,4.21,162228694
2021/12/10,4.25,4.22,4.26,4.19,170108160
2021/12/13,4.22,4.22,4.26,4.21,98005780
2021/12/14,4.21,4.16,4.21,4.16,98174385
2021/12/15,4.15,4.15,4.18,4.14,69862541
2021/12/16,4.17,4.22,4.22,4.16,104785926
2021/12/17,4.21,4.2,4.24,4.19,95602809
2021/12/20,4.18,4.18,4.21,4.17,87010642
2021/12/21,4.18,4.21,4.22,4.17,82630543
2021/12/22,4.23,4.2,4.25,4.19,82139475
2021/12/23,4.21,4.25,4.25,4.2,106305984
2021/12/24,4.25,4.21,4.26,4.2,73779514
2021/12/27,4.21,4.25,4.25,4.2,102619963
2021/12/28,4.26,4.24,4.27,4.22,84063243
2021/12/29,4.24,4.24,4.25,4.21,64788133
2021/12/30,4.23,4.22,4.24,4.22,89446224
2021/12/31,4.22,4.23,4.24,4.21,70121411
2022/1/4,4.24,4.26,4.27,4.22,133339718
2022/1/5,4.27,4.28,4.3,4.25,149797818
2022/1/6,4.28,4.27,4.31,4.26,123649325
2022/1/7,4.3,4.35,4.42,4.28,242168275
2022/1/10,4.33,4.34,4.37,4.3,175182904
2022/1/11,4.33,4.3,4.35,4.3,115552413
2022/1/12,4.35,4.32,4.37,4.31,142507078
2022/1/13,4.35,4.37,4.41,4.34,255377092
2022/1/14,4.36,4.25,4.36,4.25,205778466
2022/1/17,4.28,4.23,4.3,4.21,158774427
2022/1/18,4.24,4.34,4.34,4.23,223752770
2022/1/19,4.35,4.34,4.37,4.31,136853238
2022/1/20,4.3,4.35,4.36,4.29,141549303
2022/1/21,4.31,4.29,4.32,4.25,174260523
2022/1/24,4.29,4.28,4.31,4.26,108255840
2022/1/25,4.26,4.19,4.27,4.18,178430360
2022/1/26,4.21,4.25,4.26,4.18,151337401
2022/1/27,4.24,4.23,4.27,4.22,168069732
2022/1/28,4.25,4.19,4.26,4.18,174000620
2022/2/7,4.25,4.36,4.38,4.25,345857168
2022/2/8,4.33,4.42,4.43,4.32,272179152
2022/2/9,4.38,4.39,4.43,4.38,189094191
2022/2/10,4.41,4.45,4.46,4.38,178386242
2022/2/11,4.44,4.5,4.61,4.42,306329472
2022/2/14,4.58,4.44,4.59,4.41,307322656
2022/2/15,4.41,4.35,4.43,4.33,207664712
2022/2/16,4.31,4.35,4.37,4.29,137740446
2022/2/17,4.33,4.35,4.38,4.32,125887122
2022/2/18,4.33,4.38,4.38,4.32,104729777
2022/2/21,4.37,4.36,4.38,4.34,93679728
2022/2/22,4.4,4.4,4.42,4.34,193828263
2022/2/23,4.38,4.33,4.39,4.32,191024437
2022/2/24,4.33,4.39,4.45,4.31,444079968
2022/2/25,4.33,4.3,4.35,4.29,336436144
2022/2/28,4.34,4.33,4.36,4.31,175487911
2022/3/1,4.32,4.32,4.34,4.28,181403855
2022/3/2,4.36,4.36,4.39,4.34,279224496
2022/3/3,4.38,4.44,4.46,4.37,360681696
2022/3/4,4.42,4.38,4.42,4.35,231600186
2022/3/7,4.43,4.35,4.45,4.32,262568717
2022/3/8,4.31,4.23,4.32,4.21,310873584
2022/3/9,4.24,4.14,4.25,4.05,270163648
2022/3/10,4.14,4.15,4.17,4.13,145890809
2022/3/11,4.12,4.15,4.17,4.07,162844941
2022/3/14,4.13,4.11,4.19,4.11,148739420
2022/3/15,4.1,3.98,4.11,3.97,287309776
2022/3/16,4.02,4.06,4.07,3.96,176310355
2022/3/17,4.08,4.08,4.11,4.05,160428998
2022/3/18,4.1,4.13,4.14,4.09,152767963
2022/3/21,4.15,4.11,4.15,4.09,108018446
2022/3/22,4.13,4.15,4.16,4.11,110999231
2022/3/23,4.14,4.13,4.15,4.11,94522371
2022/3/24,4.15,4.15,4.17,4.14,110856311
2022/3/25,4.14,4.16,4.18,4.13,98408555
2022/3/28,4.25,4.29,4.31,4.21,261976577
2022/3/29,4.26,4.33,4.34,4.25,152668301
2022/3/30,4.31,4.32,4.33,4.28,132336913
2022/3/31,4.31,4.32,4.35,4.3,131158677
2022/4/1,4.32,4.37,4.38,4.31,159251687
2022/4/6,4.36,4.41,4.41,4.36,159942513
2022/4/7,4.39,4.36,4.42,4.36,156646920
2022/4/8,4.37,4.38,4.4,4.34,112452886
2022/4/11,4.39,4.34,4.4,4.33,157423261
2022/4/12,4.33,4.35,4.36,4.29,160743544
2022/4/13,4.35,4.35,4.39,4.34,160185039
2022/4/14,4.38,4.39,4.41,4.36,137746142
2022/4/15,4.38,4.35,4.4,4.35,124368239
2022/4/18,4.34,4.29,4.35,4.28,134674058
2022/4/19,4.31,4.36,4.38,4.3,144330453
2022/4/20,4.34,4.3,4.36,4.29,137386675
2022/4/21,4.31,4.24,4.32,4.23,151089139
2022/4/22,4.22,4.33,4.34,4.22,147535228
2022/4/25,4.29,4.19,4.31,4.19,206751796
2022/4/26,4.2,4.15,4.23,4.15,176892294
2022/4/27,4.15,4.22,4.22,4.15,143103788
2022/4/28,4.25,4.32,4.34,4.24,237244862
2022/4/29,4.32,4.34,4.36,4.27,177722587
2022/5/5,4.35,4.35,4.39,4.32,166832570
2022/5/6,4.31,4.28,4.33,4.27,139892470
2022/5/9,4.28,4.3,4.32,4.26,89335298
2022/5/10,4.25,4.3,4.32,4.22,181459757
2022/5/11,4.3,4.29,4.31,4.26,122658787
2022/5/12,4.29,4.27,4.31,4.26,95049920
2022/5/13,4.29,4.31,4.32,4.28,120842816
2022/5/16,4.34,4.33,4.34,4.3,103399145
2022/5/17,4.34,4.35,4.38,4.33,133536603
2022/5/18,4.35,4.31,4.35,4.3,123647554
2022/5/19,4.27,4.29,4.31,4.26,120347586
2022/5/20,4.3,4.32,4.33,4.29,126084071
2022/5/23,4.34,4.31,4.34,4.3,121321337
2022/5/24,4.32,4.28,4.34,4.27,170415458
2022/5/25,4.29,4.34,4.35,4.28,148791697
2022/5/26,4.35,4.38,4.39,4.33,188243063
2022/5/27,4.41,4.41,4.45,4.39,237600426
2022/5/30,4.43,4.4,4.44,4.37,189377850
2022/5/31,4.4,4.46,4.46,4.4,210737224
2022/6/1,4.44,4.4,4.45,4.36,207829647
2022/6/2,4.39,4.42,4.44,4.37,168931446
2022/6/6,4.44,4.44,4.45,4.4,222992602
2022/6/7,4.43,4.48,4.51,4.42,223764478
2022/6/8,4.49,4.51,4.52,4.46,228977868
2022/6/9,4.51,4.52,4.56,4.5,357723616
2022/6/10,4.22,4.23,4.24,4.18,290729216
2022/6/13,4.2,4.17,4.23,4.14,245917014
2022/6/14,4.15,4.24,4.25,4.14,235045273
2022/6/15,4.22,4.2,4.25,4.2,233223766
2022/6/16,4.2,4.14,4.21,4.13,236964420
2022/6/17,4.13,4.12,4.14,4.1,173075165
2022/6/20,4.09,4.07,4.09,4.05,200890682
2022/6/21,4.07,4.07,4.09,4.06,120252287
2022/6/22,4.08,4.03,4.09,4.03,165483911
2022/6/23,4.02,4.07,4.07,4.02,109567611
2022/6/24,4.06,4.08,4.09,4.04,127122095
2022/6/27,4.07,4.1,4.11,4.06,110950517
2022/6/28,4.1,4.1,4.11,4.08,75855750
2022/6/29,4.1,4.1,4.12,4.09,84986216
2022/6/30,4.09,4.08,4.11,4.08,76245597
2022/7/1,4.08,4.08,4.09,4.06,68031548
2022/7/4,4.09,4.1,4.1,4.08,64414032
2022/7/5,4.11,4.12,4.13,4.09,108862796
2022/7/6,4.09,4.07,4.1,4.06,102922544
2022/7/7,4.07,4.06,4.08,4.06,66531346
2022/7/8,4.08,4.08,4.09,4.07,51291127
2022/7/11,4.08,4.08,4.09,4.07,68286697
2022/7/12,4.08,4.09,4.1,4.07,59110212
2022/7/13,4.08,4.07,4.09,4.06,81886575
2022/7/14,4.07,4.06,4.08,4.05,72288869
2022/7/15,4.06,4.02,4.06,4.02,96402510
2022/7/18,4.04,4.1,4.1,4.03,102062516
2022/7/19,4.1,4.1,4.12,4.09,76116043
2022/7/20,4.12,4.1,4.13,4.1,67447668
2022/7/21,4.1,4.09,4.12,4.08,90476655
2022/7/22,4.09,4.11,4.12,4.08,67238419
2022/7/25,4.11,4.1,4.11,4.09,52336138
2022/7/26,4.11,4.12,4.13,4.1,75384617
2022/7/27,4.12,4.1,4.13,4.1,57986417
2022/7/28,4.12,4.12,4.13,4.11,68481426
2022/7/29,4.13,4.11,4.16,4.11,106497903
2022/8/1,4.12,4.11,4.13,4.1,83788149
2022/8/2,4.09,4.08,4.1,4.04,146218040
2022/8/3,4.07,4.06,4.1,4.06,67214451
2022/8/4,4.07,4.07,4.08,4.05,68047725
2022/8/5,4.07,4.08,4.09,4.05,58444934
2022/8/8,4.08,4.1,4.11,4.07,59881670
2022/8/9,4.11,4.11,4.12,4.09,60893659
2022/8/10,4.11,4.11,4.13,4.09,60379213
2022/8/11,4.13,4.14,4.14,4.12,70941297
2022/8/12,4.14,4.15,4.16,4.14,96861479
2022/8/15,4.13,4.14,4.15,4.11,88645969
2022/8/16,4.13,4.12,4.13,4.11,54210381
2022/8/17,4.13,4.15,4.15,4.12,60194626
2022/8/18,4.15,4.13,4.16,4.12,62109166
2022/8/19,4.13,4.14,4.16,4.12,95303641
2022/8/22,4.14,4.17,4.18,4.14,100529117
2022/8/23,4.17,4.19,4.2,4.16,105610155
2022/8/24,4.21,4.16,4.23,4.16,109371896
2022/8/25,4.17,4.23,4.23,4.17,141691025
2022/8/26,4.25,4.25,4.27,4.21,167721261
2022/8/29,4.27,4.26,4.3,4.24,189544074
2022/8/30,4.27,4.29,4.31,4.24,178907493
2022/8/31,4.27,4.27,4.28,4.22,185683753
2022/9/1,4.24,4.23,4.27,4.22,107229090
2022/9/2,4.23,4.26,4.26,4.22,98305593
2022/9/5,4.26,4.34,4.35,4.26,195804165
2022/9/6,4.35,4.41,4.42,4.34,210832546
2022/9/7,4.39,4.41,4.42,4.38,117898386
2022/9/8,4.39,4.41,4.46,4.36,164593246
2022/9/9,4.41,4.45,4.46,4.4,135970669
2022/9/13,4.48,4.43,4.49,4.41,166910015
2022/9/14,4.4,4.38,4.42,4.36,141726985
2022/9/15,4.4,4.4,4.44,4.37,150419531
2022/9/16,4.38,4.3,4.4,4.3,184693546
2022/9/19,4.16,4.18,4.21,4.13,151860313
2022/9/20,4.23,4.22,4.27,4.2,117637777
2022/9/21,4.21,4.25,4.26,4.18,109820265
2022/9/22,4.27,4.39,4.4,4.26,242071140
2022/9/23,4.4,4.47,4.55,4.39,254647626
2022/9/26,4.4,4.27,4.41,4.27,253900239
2022/9/27,4.27,4.28,4.3,4.21,158932721
2022/9/28,4.29,4.25,4.32,4.25,91599103
2022/9/29,4.3,4.26,4.33,4.23,112390250
2022/9/30,4.27,4.29,4.3,4.25,93335645
2022/10/10,4.35,4.34,4.39,4.32,176475714
2022/10/11,4.33,4.32,4.36,4.3,120276825
2022/10/12,4.31,4.34,4.35,4.3,105106326
2022/10/13,4.34,4.28,4.35,4.25,146150155
2022/10/14,4.31,4.33,4.35,4.3,110284245
2022/10/17,4.31,4.29,4.32,4.27,114887375
2022/10/18,4.3,4.29,4.31,4.28,81421227
2022/10/19,4.28,4.26,4.3,4.25,102566883
2022/10/20,4.25,4.27,4.28,4.25,79589042
2022/10/21,4.27,4.34,4.35,4.26,152043071
2022/10/24,4.35,4.33,4.36,4.27,199167466
2022/10/25,4.33,4.28,4.34,4.28,115039606
2022/10/26,4.28,4.23,4.3,4.23,135932629
2022/10/27,4.24,4.28,4.3,4.24,116576458
2022/10/28,4.29,4.28,4.33,4.26,131060934
2022/10/31,4.2,4.07,4.21,4.06,317899968
2022/11/1,4.06,4.11,4.12,4.05,165614522
2022/11/2,4.11,4.12,4.13,4.08,109574095
2022/11/3,4.1,4.2,4.23,4.09,171370861
2022/11/4,4.2,4.23,4.26,4.19,102138703
2022/11/7,4.24,4.27,4.29,4.21,90854155
2022/11/8,4.27,4.28,4.29,4.25,57795615
2022/11/9,4.26,4.28,4.3,4.25,64366595
2022/11/10,4.26,4.25,4.27,4.19,87748829
2022/11/11,4.29,4.29,4.31,4.25,122640789
2022/11/14,4.31,4.29,4.34,4.28,96314729
2022/11/15,4.27,4.28,4.29,4.25,85670162
2022/11/16,4.27,4.3,4.32,4.26,93492423
2022/11/17,4.29,4.31,4.33,4.28,72949987
2022/11/18,4.3,4.25,4.31,4.25,91359190
2022/11/21,4.24,4.24,4.25,4.22,77034104
2022/11/22,4.25,4.32,4.35,4.24,162526470
2022/11/23,4.33,4.4,4.43,4.33,211781274
2022/11/24,4.38,4.38,4.41,4.37,109375603
2022/11/25,4.4,4.49,4.5,4.39,297123032
2022/11/28,4.45,4.45,4.47,4.37,160259525
2022/11/29,4.45,4.49,4.49,4.42,138841112
2022/11/30,4.47,4.53,4.53,4.47,135058535
2022/12/1,4.55,4.51,4.56,4.5,119946240
2022/12/2,4.53,4.5,4.54,4.48,92076964
2022/12/5,4.52,4.62,4.65,4.52,183668137
2022/12/6,4.61,4.65,4.66,4.58,158077282
2022/12/7,4.64,4.59,4.65,4.57,115477555
2022/12/8,4.59,4.53,4.62,4.49,124675778
2022/12/9,4.53,4.51,4.55,4.49,114388075
2022/12/12,4.53,4.48,4.55,4.46,98528690
2022/12/13,4.49,4.48,4.5,4.47,99969626
2022/12/14,4.49,4.46,4.5,4.43,77300598
2022/12/15,4.46,4.42,4.46,4.4,73303849
2022/12/16,4.4,4.45,4.47,4.39,72323114
2022/12/19,4.43,4.35,4.44,4.33,114614679
2022/12/20,4.35,4.34,4.4,4.33,80955087
2022/12/21,4.35,4.36,4.39,4.32,89475129
2022/12/22,4.39,4.36,4.4,4.34,80765789
2022/12/23,4.35,4.34,4.37,4.33,55463520
2022/12/26,4.36,4.31,4.37,4.3,77838300
2022/12/27,4.33,4.37,4.38,4.32,77543712
2022/12/28,4.36,4.42,4.44,4.35,84737494
2022/12/29,4.4,4.34,4.41,4.34,85213626
2022/12/30,4.37,4.36,4.38,4.35,61672395
2023/1/3,4.38,4.4,4.41,4.35,85476673
2023/1/4,4.39,4.41,4.43,4.37,84898211
2023/1/5,4.4,4.39,4.43,4.38,86407162
2023/1/6,4.39,4.38,4.4,4.34,107204520
2023/1/9,4.38,4.38,4.4,4.37,64295365
2023/1/10,4.38,4.37,4.39,4.36,54014563
2023/1/11,4.37,4.41,4.43,4.36,97370733
2023/1/12,4.43,4.44,4.45,4.4,63917725
2023/1/13,4.45,4.45,4.48,4.42,81731541
2023/1/16,4.45,4.47,4.49,4.42,105724025
2023/1/17,4.47,4.45,4.48,4.41,110430363
2023/1/18,4.45,4.47,4.48,4.44,71873259
2023/1/19,4.46,4.49,4.5,4.45,73744947
2023/1/20,4.51,4.54,4.59,4.49,112638099
2023/1/30,4.57,4.52,4.59,4.51,135756787
2023/1/31,4.53,4.52,4.55,4.51,84142039
2023/2/1,4.53,4.52,4.54,4.49,110185914
2023/2/2,4.52,4.52,4.55,4.48,105653441
2023/2/3,4.51,4.47,4.52,4.47,85192889
2023/2/6,4.46,4.49,4.5,4.45,66097613
2023/2/7,4.49,4.5,4.52,4.48,58848224
2023/2/8,4.52,4.51,4.55,4.5,68157337
2023/2/9,4.51,4.51,4.52,4.49,53135895
2023/2/10,4.5,4.5,4.51,4.48,63773713
2023/2/13,4.5,4.49,4.51,4.47,83119053
2023/2/14,4.49,4.51,4.52,4.49,65108551
2023/2/15,4.51,4.51,4.52,4.49,59122094
2023/2/16,4.52,4.51,4.58,4.5,136311875
2023/2/17,4.51,4.52,4.55,4.51,73961240
2023/2/20,4.53,4.62,4.63,4.53,152210828
2023/2/21,4.63,4.69,4.72,4.62,158143803
2023/2/22,4.68,4.65,4.7,4.65,87737712
2023/2/23,4.67,4.65,4.68,4.63,97396085
2023/2/24,4.66,4.63,4.67,4.61,75994011
2023/2/27,4.62,4.61,4.65,4.6,72373069
2023/2/28,4.61,4.66,4.68,4.61,112012666
2023/3/1,4.66,4.75,4.76,4.66,161313362
2023/3/2,4.75,4.85,4.91,4.73,210063405
2023/3/3,4.86,5.02,5.07,4.85,366984715
2023/3/6,5.05,5.1,5.13,5.02,242714843
2023/3/7,5.1,5.26,5.45,5.1,500799174
2023/3/8,5.18,5.31,5.34,5.11,294845495
2023/3/9,5.31,5.31,5.45,5.29,246922568
2023/3/10,5.27,5.21,5.33,5.18,222698242
2023/3/13,5.21,5.53,5.56,5.21,402580072
2023/3/14,5.5,5.52,5.61,5.45,281365279
2023/3/15,5.51,5.53,5.58,5.37,258417051
2023/3/16,5.47,5.45,5.54,5.42,193292292
2023/3/17,5.48,5.68,5.77,5.47,351633875
2023/3/20,5.68,5.66,5.93,5.61,385227823
2023/3/21,5.67,5.57,5.71,5.47,255739794
2023/3/22,5.58,5.64,5.7,5.55,181605396
2023/3/23,5.63,5.7,5.71,5.6,145659528
2023/3/24,5.68,5.52,5.68,5.48,281656080
2023/3/27,5.35,5.35,5.42,5.21,432898449
2023/3/28,5.45,5.56,5.62,5.45,360109135
2023/3/29,5.6,5.47,5.6,5.44,188276297
2023/3/30,5.48,5.6,5.69,5.46,206365299
2023/3/31,5.6,5.62,5.65,5.53,150841520
2023/4/3,5.7,5.56,5.77,5.52,235127219
2023/4/4,5.59,5.79,5.82,5.53,294518073
2023/4/6,5.77,5.81,5.84,5.69,167291303
2023/4/7,5.81,5.71,5.81,5.65,186512664
2023/4/10,5.72,5.89,5.96,5.71,251658464
2023/4/11,5.86,6,6.01,5.83,253634013
2023/4/12,6.04,6.16,6.24,6.03,258850211
2023/4/13,6.2,6.07,6.33,6.05,297737265
2023/4/14,6.1,6.1,6.17,6.02,153636072
2023/4/17,6.08,6.35,6.37,6.05,316033134
2023/4/18,6.33,6.33,6.35,6.22,160474390
2023/4/19,6.3,6.28,6.4,6.26,138481182
2023/4/20,6.25,6.34,6.37,6.2,194788752
2023/4/21,6.33,6.25,6.47,6.23,198886310
2023/4/24,6.3,6.32,6.44,6.26,286037358
2023/4/25,6.35,6.53,6.57,6.33,301825101
2023/4/26,6.47,6.51,6.55,6.38,231537028
2023/4/27,6.43,6.59,6.65,6.39,177142651
2023/4/28,6.54,6.71,6.74,6.44,224437452
2023/5/4,6.56,6.71,6.76,6.4,226693879
2023/5/5,6.69,6.59,6.73,6.5,181224005
2023/5/8,6.62,6.89,6.93,6.62,236440357
2023/5/9,6.88,6.81,6.99,6.79,229248998
2023/5/10,6.81,6.47,6.82,6.37,363694105
2023/5/11,6.46,6.33,6.5,6.31,202882771
2023/5/12,6.33,6.34,6.47,6.22,195978734
2023/5/15,6.33,6.38,6.39,6.19,191403076
2023/5/16,6.39,6.41,6.57,6.34,146345745
2023/5/17,6.38,6.45,6.46,6.2,182305882
2023/5/18,6.45,6.59,6.68,6.43,214662206
2023/5/19,6.59,6.41,6.64,6.38,138252273
2023/5/22,6.34,6.32,6.44,6.26,145504983
2023/5/23,6.35,6.23,6.42,6.23,129740652
2023/5/24,6.2,6.09,6.22,6.06,192843491
2023/5/25,6.04,6.09,6.11,5.96,225986596
2023/5/26,6.04,6.18,6.26,6.04,109096996
2023/5/29,6.22,6.51,6.55,6.21,241704818
2023/5/30,6.51,6.45,6.59,6.38,148184193
2023/5/31,6.39,6.36,6.45,6.3,157200350
2023/6/1,6.36,6.49,6.63,6.31,174903616
2023/6/2,6.53,6.49,6.6,6.47,109785885
2023/6/5,6.53,6.57,6.68,6.49,131595173
2023/6/6,6.55,6.55,6.67,6.45,107081308
2023/6/7,6.54,6.54,6.6,6.48,84201845
2023/6/8,6.58,6.67,6.72,6.47,136384825
2023/6/9,6.65,6.78,6.78,6.59,210782076
2023/6/12,6.75,6.62,6.88,6.57,193281937
2023/6/13,6.59,6.57,6.62,6.41,147883255
2023/6/14,6.66,6.58,6.71,6.58,105974065
2023/6/15,6.58,6.52,6.61,6.46,104678214
2023/6/16,6.54,6.51,6.64,6.5,142081528
2023/6/19,6.51,6.48,6.53,6.37,149503706
2023/6/20,6.49,6.32,6.5,6.29,178876779
2023/6/21,6.14,6.21,6.29,6.12,139392067
2023/6/26,6.15,6.07,6.19,6.05,136577288
2023/6/27,6.09,6.22,6.29,5.99,142202248
2023/6/28,6.2,6.32,6.32,6.18,89307085
2023/6/29,6.32,6.3,6.42,6.25,100463481
2023/6/30,6.3,6.36,6.39,6.26,69520589
2023/7/3,6.38,6.53,6.55,6.36,118121080
2023/7/4,6.5,6.5,6.6,6.47,81819315
2023/7/5,6.5,6.48,6.55,6.41,56503439
2023/7/6,6.46,6.49,6.51,6.42,61312614
2023/7/7,6.48,6.55,6.6,6.44,85762056
2023/7/10,6.58,6.44,6.6,6.41,83883842
2023/7/11,6.49,6.45,6.53,6.41,54689793
2023/7/12,6.5,6.48,6.56,6.46,73956702
2023/7/13,6.49,6.65,6.65,6.47,114072144
2023/7/14,6.65,6.66,6.73,6.61,78365734
2023/7/17,6.62,6.56,6.68,6.48,63678211
2023/7/18,6.59,6.49,6.59,6.45,54816803
2023/7/19,6.5,6.53,6.58,6.48,59811018
2023/7/20,6.51,6.37,6.55,6.37,83705165
2023/7/21,6.37,6.36,6.41,6.33,55726215
2023/7/24,6.32,6.36,6.42,6.27,51769743
2023/7/25,6.43,6.46,6.47,6.36,91706030
2023/7/26,6.45,6.27,6.49,6.23,110772399
2023/7/27,6.29,6.23,6.34,6.19,105719609
2023/7/28,6.21,6.26,6.27,6.14,132214079
2023/7/31,6.26,6.2,6.37,6.17,158225903
2023/8/1,6.22,6.27,6.27,6.2,126010729
2023/8/2,6.26,6.03,6.26,5.98,241335917
2023/8/3,6.01,5.99,6.06,5.93,166187482
2023/8/4,6.02,6.05,6.14,6.02,145096078
2023/8/7,6.05,6.13,6.17,6.02,118871655
2023/8/8,6.12,6.15,6.19,6.07,88269173
2023/8/9,6.14,6.13,6.15,6.07,78875085
2023/8/10,6.15,6.2,6.23,6.13,93764218
2023/8/11,6.19,6.08,6.22,6.07,95660175
2023/8/14,6.04,6.1,6.12,6,74298348
2023/8/15,6.1,6.17,6.25,6.07,120474678
2023/8/16,6.17,6.07,6.17,6.03,101008106
2023/8/17,6.05,6.12,6.12,6,77050427
2023/8/18,6.1,6.07,6.17,6.07,71616416
2023/8/21,6.09,6.04,6.11,6.01,98975680
2023/8/22,6.05,6.2,6.23,6.03,131324256
2023/8/23,6.2,6.19,6.26,6.18,84425873
2023/8/24,6.19,6.14,6.26,6.12,102309705
2023/8/25,6.16,6.16,6.22,6.13,83287783
2023/8/28,6.36,6.2,6.41,6.16,172176158
2023/8/29,6.2,6.1,6.26,6.09,158460802
2023/8/30,6.12,6.08,6.17,6.08,115284507
2023/8/31,6.11,6.07,6.13,6.05,88844508
2023/9/1,6.09,6.11,6.12,6.06,87458672
2023/9/4,6.16,6.3,6.34,6.14,201715156
2023/9/5,6.29,6.34,6.38,6.24,106758686
2023/9/6,6.35,6.31,6.38,6.25,103056526
2023/9/7,6.31,6.31,6.4,6.3,123321344
2023/9/8,6.3,6.23,6.31,6.22,63986771
2023/9/11,6.24,6.26,6.33,6.23,106810955
2023/9/12,6.25,6.27,6.28,6.15,114108598
2023/9/13,6.27,6.29,6.35,6.25,125914453
2023/9/14,6.28,6.33,6.38,6.28,160592227
2023/9/15,6.23,6.09,6.3,6.08,245483264
2023/9/18,6.09,6.01,6.11,5.97,174023669
2023/9/19,6.03,6.15,6.17,6,178756666
2023/9/20,6.15,6.14,6.17,6.06,82728954
2023/9/21,6.15,6.12,6.22,6.11,113067583
2023/9/22,6.17,6.24,6.26,6.13,170499103
2023/9/25,6.28,6.14,6.28,6.12,112695120
2023/9/26,6.13,6.11,6.18,6.11,83774527
2023/9/27,6.14,6.16,6.21,6.12,95523764
2023/9/28,6.21,6.07,6.22,6.07,131532624
2023/10/9,6.02,6.06,6.1,5.87,189420268
2023/10/10,6.09,5.93,6.1,5.91,130551770
2023/10/11,5.96,5.8,5.96,5.77,171252962
2023/10/12,5.82,5.82,5.85,5.73,113105504
2023/10/13,5.8,5.85,5.87,5.75,100910731
2023/10/16,5.88,5.86,5.95,5.83,115128102
2023/10/17,5.86,5.91,5.92,5.82,98242917
2023/10/18,5.93,5.9,5.95,5.88,99264266
2023/10/19,5.88,5.77,5.88,5.76,108074824
2023/10/20,5.77,5.69,5.78,5.68,104486960
2023/10/23,5.66,5.58,5.72,5.51,141660572
2023/10/24,5.56,5.61,5.67,5.55,117084799
2023/10/25,5.63,5.48,5.65,5.46,178053641
2023/10/26,5.46,5.56,5.57,5.45,117467508
2023/10/27,5.58,5.6,5.68,5.55,146865798
2023/10/30,5.6,5.39,5.61,5.37,198438980
2023/10/31,5.39,5.46,5.49,5.35,150443971
2023/11/1,5.45,5.47,5.51,5.39,121843162
2023/11/2,5.49,5.53,5.59,5.47,150395265
2023/11/3,5.54,5.51,5.61,5.49,121922479
2023/11/6,5.51,5.37,5.53,5.33,214555331
2023/11/7,5.36,5.37,5.39,5.32,101825752
2023/11/8,5.33,5.31,5.33,5.29,96325434
2023/11/9,5.29,5.4,5.43,5.28,159975381
2023/11/10,5.39,5.41,5.45,5.33,104459190
2023/11/13,5.43,5.49,5.51,5.39,112172248
2023/11/14,5.5,5.44,5.53,5.41,91043051
2023/11/15,5.47,5.53,5.54,5.46,98616277
2023/11/16,5.51,5.48,5.59,5.48,73794971
2023/11/17,5.45,5.44,5.48,5.4,78205784
2023/11/20,5.46,5.49,5.52,5.44,80291621
2023/11/21,5.52,5.5,5.56,5.49,86009681
2023/11/22,5.5,5.47,5.54,5.47,54816633
2023/11/23,5.46,5.47,5.49,5.45,48202425
2023/11/24,5.47,5.48,5.52,5.47,59702219
2023/11/27,5.46,5.44,5.47,5.39,95581061
2023/11/28,5.44,5.46,5.47,5.4,68295313
2023/11/29,5.46,5.4,5.47,5.38,82767087
2023/11/30,5.42,5.47,5.48,5.4,103135793
2023/12/1,5.45,5.44,5.48,5.37,112381070
2023/12/4,5.44,5.48,5.53,5.43,121933332
2023/12/5,5.47,5.38,5.49,5.37,105561304
2023/12/6,5.38,5.39,5.42,5.27,151222388
2023/12/7,5.35,5.36,5.37,5.28,130455080
2023/12/8,5.37,5.47,5.47,5.34,242124616
2023/12/11,5.44,5.36,5.45,5.24,256746375
2023/12/12,5.33,5.41,5.42,5.3,142717424
2023/12/13,5.37,5.32,5.41,5.31,96026838
2023/12/14,5.35,5.29,5.36,5.29,84447790
2023/12/15,5.31,5.25,5.34,5.25,124024670
2023/12/18,5.25,5.29,5.35,5.22,99454325
2023/12/19,5.29,5.29,5.3,5.21,101253825
2023/12/20,5.28,5.28,5.34,5.26,98619983
2023/12/21,5.26,5.24,5.29,5.22,124256094
2023/12/22,5.24,5.35,5.35,5.23,178028575
2023/12/25,5.35,5.39,5.41,5.32,77969213
2023/12/26,5.4,5.4,5.43,5.38,65863545
2023/12/27,5.41,5.52,5.55,5.38,135606857
2023/12/28,5.52,5.47,5.58,5.45,127712231
2023/12/29,5.47,5.58,5.6,5.43,148629486
