,601668.SH,601668.SH,601668.SH,601668.SH,601668.SH
,中国建筑,中国建筑,中国建筑,中国建筑,中国建筑
date,open,close,high,low,volume
2014/1/2,3.13,3.13,3.15,3.1,87537822
2014/1/3,3.12,3.08,3.13,3.07,79867389
2014/1/6,3.07,3.03,3.08,3.01,102969760
2014/1/7,3.04,3.04,3.05,3.02,51116584
2014/1/8,3.04,3.01,3.05,3,67981960
2014/1/9,3.02,3.01,3.04,3,54938795
2014/1/10,3.01,2.98,3.02,2.97,75875814
2014/1/13,2.99,2.95,3.01,2.93,75048833
2014/1/14,2.96,2.96,2.97,2.94,96434844
2014/1/15,2.96,2.98,2.98,2.94,71541534
2014/1/16,2.97,3.01,3.03,2.96,76622048
2014/1/17,3.01,2.98,3.02,2.96,51893090
2014/1/20,2.98,2.98,2.98,2.96,42007303
2014/1/21,2.98,3,3.01,2.97,32935555
2014/1/22,3,3.07,3.08,2.99,97950702
2014/1/23,3.05,3.02,3.06,2.99,103151292
2014/1/24,3.01,3.04,3.07,3,71985253
2014/1/27,3.01,3,3.02,2.99,65211733
2014/1/28,3,3.03,3.03,3,41457365
2014/1/29,3.03,3.03,3.04,3.01,43643507
2014/1/30,3.02,2.99,3.03,2.98,39190409
2014/2/7,2.97,2.99,2.99,2.95,52877564
2014/2/10,2.99,3.02,3.03,2.98,83539960
2014/2/11,3.01,3.03,3.04,2.99,116753554
2014/2/12,3.03,3.02,3.03,3.01,58468642
2014/2/13,3.03,2.99,3.04,2.99,107496487
2014/2/14,3,3,3.01,2.97,82857306
2014/2/17,3.01,3.01,3.02,2.99,86981672
2014/2/18,3.01,2.98,3.01,2.97,69395748
2014/2/19,2.99,3.01,3.02,2.97,85536147
2014/2/20,3.02,3.02,3.05,3,130288908
2014/2/21,3.01,2.99,3.03,2.98,65254478
2014/2/24,2.97,2.9,2.97,2.86,203429767
2014/2/25,2.9,2.84,2.9,2.82,156821910
2014/2/26,2.83,2.8,2.84,2.78,125997123
2014/2/27,2.81,2.75,2.81,2.74,181693306
2014/2/28,2.77,2.82,2.85,2.75,137374359
2014/3/3,2.82,2.83,2.85,2.79,92021441
2014/3/4,2.82,2.83,2.86,2.81,87960362
2014/3/5,2.82,2.79,2.83,2.77,67414571
2014/3/6,2.79,2.82,2.84,2.75,90340467
2014/3/7,2.81,2.78,2.83,2.77,77200488
2014/3/10,2.77,2.72,2.78,2.71,98097135
2014/3/11,2.72,2.72,2.75,2.71,65490232
2014/3/12,2.72,2.78,2.79,2.71,106701033
2014/3/13,2.77,2.78,2.8,2.76,99603744
2014/3/14,2.76,2.75,2.77,2.72,63727927
2014/3/17,2.76,2.78,2.8,2.75,89036515
2014/3/18,2.78,2.76,2.78,2.74,60697291
2014/3/19,2.74,2.75,2.75,2.72,55569407
2014/3/20,2.74,2.73,2.78,2.72,61844860
2014/3/21,2.73,2.82,2.83,2.72,165832216
2014/3/24,2.86,2.91,2.93,2.84,265854524
2014/3/25,2.91,2.97,2.99,2.89,280096832
2014/3/26,2.97,2.93,2.98,2.92,84453630
2014/3/27,2.93,2.91,2.96,2.89,111065364
2014/3/28,2.91,2.93,2.95,2.9,92879081
2014/3/31,2.94,2.91,2.94,2.89,79417307
2014/4/1,2.9,2.9,2.92,2.89,64627078
2014/4/2,2.91,2.97,2.99,2.9,172352432
2014/4/3,2.98,2.9,2.99,2.89,174753136
2014/4/4,2.89,2.92,2.92,2.88,66772589
2014/4/8,2.91,2.95,2.97,2.9,153018281
2014/4/9,2.95,2.95,2.98,2.94,117017075
2014/4/10,2.95,3.06,3.08,2.92,346895968
2014/4/11,3.15,3.08,3.22,3.07,356611120
2014/4/14,3.05,3.05,3.08,3.03,121260661
2014/4/15,3.05,2.99,3.06,2.99,125973548
2014/4/16,3,3,3.02,2.98,75987071
2014/4/17,3.01,2.97,3.01,2.96,77106714
2014/4/18,2.97,2.95,2.97,2.93,79476005
2014/4/21,2.93,2.89,2.96,2.89,92367171
2014/4/22,2.9,2.92,2.92,2.87,83390888
2014/4/23,2.91,2.92,2.93,2.9,58772398
2014/4/24,2.95,2.96,2.99,2.92,122559678
2014/4/25,2.96,2.95,3,2.94,94813661
2014/4/28,2.96,2.94,2.97,2.91,90600020
2014/4/29,2.94,2.97,2.97,2.92,62847450
2014/4/30,2.98,3,3.02,2.97,97737807
2014/5/5,2.98,2.97,2.99,2.93,85794976
2014/5/6,2.96,2.98,2.98,2.94,67541238
2014/5/7,2.96,2.94,2.97,2.93,53989616
2014/5/8,2.93,2.94,2.97,2.93,46109600
2014/5/9,2.94,2.94,2.95,2.92,44156270
2014/5/12,2.95,2.98,2.99,2.93,101137970
2014/5/13,2.97,2.97,2.98,2.95,57401325
2014/5/14,2.97,2.99,2.99,2.96,66810467
2014/5/15,2.97,2.97,2.99,2.95,61982626
2014/5/16,2.96,2.97,2.97,2.94,42503054
2014/5/19,2.96,2.92,2.97,2.92,50401256
2014/5/20,2.94,2.94,2.95,2.93,37489336
2014/5/21,2.93,2.95,2.95,2.92,38643851
2014/5/22,2.95,2.95,2.98,2.94,65740418
2014/5/23,2.96,2.99,3,2.95,76643071
2014/5/26,3,2.99,3.01,2.97,52639183
2014/5/27,3,2.99,3.01,2.98,59409665
2014/5/28,2.99,3,3,2.98,49001204
2014/5/29,3,3.01,3.04,3,89609537
2014/5/30,3.01,3.02,3.03,3,40422406
2014/6/3,3.03,3.02,3.04,3,40454594
2014/6/4,3.02,2.96,3.02,2.95,63589748
2014/6/5,2.96,2.98,2.99,2.95,47482050
2014/6/6,2.98,2.96,2.98,2.94,38704539
2014/6/9,2.95,2.96,2.99,2.94,49055160
2014/6/10,2.97,2.98,2.98,2.95,56740303
2014/6/11,2.97,2.98,2.98,2.96,43924604
2014/6/12,2.97,2.95,2.98,2.94,60383383
2014/6/13,2.95,2.98,2.98,2.94,65187514
2014/6/16,2.97,3,3,2.97,94381193
2014/6/17,2.87,2.85,2.88,2.84,81692383
2014/6/18,2.85,2.85,2.86,2.83,53327383
2014/6/19,2.85,2.82,2.85,2.8,55672155
2014/6/20,2.81,2.82,2.83,2.8,48930820
2014/6/23,2.82,2.78,2.82,2.78,56529088
2014/6/24,2.79,2.8,2.8,2.78,38669001
2014/6/25,2.79,2.8,2.8,2.77,33893157
2014/6/26,2.8,2.81,2.81,2.79,30620314
2014/6/27,2.8,2.81,2.82,2.79,42684960
2014/6/30,2.81,2.82,2.82,2.8,62596766
2014/7/1,2.82,2.81,2.82,2.79,45095639
2014/7/2,2.8,2.81,2.81,2.79,71103679
2014/7/3,2.81,2.81,2.82,2.79,64604036
2014/7/4,2.81,2.83,2.84,2.81,68086288
2014/7/7,2.83,2.84,2.85,2.82,69953153
2014/7/8,2.84,2.84,2.84,2.82,51077808
2014/7/9,2.83,2.8,2.83,2.8,51579126
2014/7/10,2.8,2.81,2.82,2.8,38777140
2014/7/11,2.81,2.82,2.84,2.8,74166322
2014/7/14,2.83,2.85,2.86,2.81,94918029
2014/7/15,2.85,2.87,2.88,2.83,123945934
2014/7/16,2.87,2.98,3.04,2.86,404537072
2014/7/17,2.95,2.9,2.96,2.88,191500055
2014/7/18,2.9,2.99,3.03,2.88,320927344
2014/7/21,2.99,3,3.01,2.96,129085164
2014/7/22,2.99,2.99,3.03,2.98,110062994
2014/7/23,2.99,3.04,3.06,2.99,190345656
2014/7/24,3.05,3.08,3.13,3.05,194490513
2014/7/25,3.1,3.12,3.12,3.07,101628630
2014/7/28,3.14,3.19,3.19,3.13,268521120
2014/7/29,3.19,3.18,3.2,3.14,155460400
2014/7/30,3.16,3.13,3.18,3.11,158121988
2014/7/31,3.11,3.14,3.15,3.1,101694108
2014/8/1,3.13,3.15,3.19,3.13,140337954
2014/8/4,3.15,3.21,3.21,3.14,137009696
2014/8/5,3.21,3.19,3.22,3.17,111471835
2014/8/6,3.18,3.18,3.19,3.14,114318345
2014/8/7,3.17,3.14,3.18,3.13,85374451
2014/8/8,3.13,3.13,3.15,3.11,102618276
2014/8/11,3.13,3.16,3.17,3.13,77348100
2014/8/12,3.16,3.15,3.16,3.13,65657124
2014/8/13,3.14,3.15,3.17,3.12,74959643
2014/8/14,3.15,3.13,3.15,3.12,80458513
2014/8/15,3.16,3.18,3.19,3.15,164640347
2014/8/18,3.18,3.2,3.24,3.18,128205965
2014/8/19,3.21,3.19,3.21,3.17,89576040
2014/8/20,3.18,3.2,3.21,3.17,79256535
2014/8/21,3.2,3.18,3.2,3.15,76145233
2014/8/22,3.17,3.19,3.19,3.16,50282676
2014/8/25,3.2,3.18,3.22,3.17,125255177
2014/8/26,3.18,3.17,3.19,3.16,71512440
2014/8/27,3.17,3.15,3.18,3.14,54082685
2014/8/28,3.15,3.11,3.15,3.1,86682511
2014/8/29,3.12,3.14,3.16,3.11,66950242
2014/9/1,3.14,3.16,3.17,3.14,57382952
2014/9/2,3.17,3.19,3.19,3.13,125858877
2014/9/3,3.19,3.21,3.23,3.18,157179814
2014/9/4,3.22,3.28,3.29,3.21,207867654
2014/9/5,3.28,3.31,3.31,3.27,143893382
2014/9/9,3.32,3.36,3.4,3.32,197001836
2014/9/10,3.35,3.32,3.36,3.31,109897986
2014/9/11,3.33,3.33,3.39,3.31,118075349
2014/9/12,3.34,3.39,3.42,3.32,158583344
2014/9/15,3.37,3.36,3.37,3.33,143426480
2014/9/16,3.36,3.36,3.49,3.32,318344736
2014/9/17,3.37,3.39,3.45,3.36,209768500
2014/9/18,3.38,3.34,3.38,3.32,144151430
2014/9/19,3.34,3.35,3.36,3.32,121152926
2014/9/22,3.34,3.27,3.34,3.26,148495971
2014/9/23,3.28,3.29,3.3,3.27,106407821
2014/9/24,3.28,3.38,3.4,3.27,271607792
2014/9/25,3.41,3.4,3.45,3.38,192760605
2014/9/26,3.38,3.39,3.41,3.35,103487980
2014/9/29,3.39,3.37,3.42,3.35,147488791
2014/9/30,3.38,3.39,3.4,3.37,110046160
2014/10/8,3.44,3.44,3.45,3.41,159363802
2014/10/9,3.44,3.5,3.51,3.42,247543999
2014/10/10,3.48,3.51,3.53,3.46,239859653
2014/10/13,3.49,3.46,3.51,3.45,148408782
2014/10/14,3.46,3.46,3.52,3.44,163414046
2014/10/15,3.46,3.44,3.48,3.42,128079582
2014/10/16,3.44,3.45,3.54,3.42,260854523
2014/10/17,3.45,3.39,3.45,3.37,172018139
2014/10/20,3.4,3.39,3.42,3.37,93473320
2014/10/21,3.39,3.34,3.39,3.34,106020111
2014/10/22,3.34,3.32,3.36,3.31,88850287
2014/10/23,3.31,3.29,3.34,3.27,109036054
2014/10/24,3.29,3.26,3.3,3.25,93165245
2014/10/27,3.25,3.19,3.25,3.18,134816688
2014/10/28,3.21,3.3,3.3,3.19,169496424
2014/10/29,3.3,3.38,3.42,3.28,228216447
2014/10/30,3.38,3.47,3.49,3.36,399716608
2014/10/31,3.49,3.48,3.51,3.42,329338736
2014/11/3,3.49,3.59,3.63,3.49,471347456
2014/11/4,3.57,3.87,3.95,3.57,989480800
2014/11/5,3.89,3.73,3.92,3.72,523014896
2014/11/6,3.72,3.81,3.85,3.65,462256000
2014/11/7,3.81,3.67,3.87,3.64,478203280
2014/11/10,3.78,4.04,4.04,3.7,1293941648
2014/11/11,4.05,4.03,4.11,3.96,965343696
2014/11/12,3.99,4.01,4.02,3.92,533213008
2014/11/13,4,3.97,4.06,3.92,443508416
2014/11/14,3.94,4,4.01,3.89,335793600
2014/11/17,4.06,3.93,4.07,3.92,362516480
2014/11/18,3.91,3.81,3.92,3.8,376734080
2014/11/19,3.8,3.75,3.82,3.73,294930336
2014/11/20,3.73,3.76,3.81,3.72,203559003
2014/11/21,3.76,3.81,3.82,3.73,276888320
2014/11/24,3.95,4.01,4.07,3.89,865121136
2014/11/25,4,4.02,4.03,3.96,361258160
2014/11/26,4.03,4.05,4.07,3.96,449525232
2014/11/27,4.08,4.04,4.11,3.99,394360192
2014/11/28,4.03,4.18,4.18,3.97,908185136
2014/12/1,4.21,4.22,4.43,4.21,885945824
2014/12/2,4.19,4.42,4.47,4.17,777854800
2014/12/3,4.5,4.49,4.7,4.38,1029487648
2014/12/4,4.48,4.7,4.75,4.46,955028320
2014/12/5,4.76,4.57,4.78,4.46,956144448
2014/12/8,4.6,5.03,5.03,4.55,1318099120
2014/12/9,5.1,5.01,5.53,4.92,2175158704
2014/12/10,5.11,5.4,5.48,5.06,1265917104
2014/12/11,5.43,5.41,5.66,5.21,948669168
2014/12/12,5.39,5.42,5.58,5.23,741961104
2014/12/15,5.4,5.96,5.96,5.3,1305916624
2014/12/16,6.07,5.99,6.17,5.78,1322474720
2014/12/17,5.99,6.02,6.24,5.83,1031388320
2014/12/18,6,6.25,6.46,5.92,1174475280
2014/12/19,6.21,6.88,6.88,6.15,1578580720
2014/12/22,7.22,6.71,7.55,6.46,1899037088
2014/12/23,6.48,6.3,6.95,6.05,1095110880
2014/12/24,6.4,6.11,6.47,6,859510480
2014/12/25,6.14,6.71,6.72,6.04,1194961856
2014/12/26,6.6,6.71,7.05,6.43,1508159504
2014/12/29,6.56,7.28,7.38,6.51,2091426944
2014/12/30,7.15,7.17,7.34,7.06,1250854064
2014/12/31,7.19,7.28,7.49,6.98,1129693088
2015/1/5,7.38,7.34,7.57,7.19,1145347984
2015/1/6,7.19,7.07,7.28,6.92,1165055936
2015/1/7,7.08,7.1,7.2,7.03,677683664
2015/1/8,7.04,6.66,7.08,6.62,879606336
2015/1/9,6.65,6.65,6.99,6.53,899562704
2015/1/12,6.58,6.36,6.6,6.3,635470896
2015/1/13,6.31,6.32,6.44,6.28,399455184
2015/1/14,6.39,6.32,6.44,6.24,382336000
2015/1/15,6.35,6.65,6.66,6.27,627000976
2015/1/16,6.65,6.68,6.87,6.6,590785360
2015/1/19,6.2,6.01,6.38,6.01,756730368
2015/1/20,5.95,6.02,6.17,5.92,669390720
2015/1/21,6.04,6.28,6.32,5.93,789169696
2015/1/22,6.27,6.22,6.3,6.13,480015824
2015/1/23,6.23,6.23,6.39,6.18,583402848
2015/1/26,6.23,6.21,6.24,6.12,312455104
2015/1/27,6.27,6.39,6.44,6.2,785872080
2015/1/28,6.3,6.22,6.37,6.2,456567952
2015/1/29,6.12,6.1,6.2,6.05,344486880
2015/1/30,6.12,5.88,6.17,5.86,479189056
2015/2/2,5.69,5.53,5.69,5.52,461525056
2015/2/3,5.6,5.9,5.98,5.53,551852512
2015/2/4,5.87,5.84,6,5.81,429455760
2015/2/5,6,5.62,6.06,5.61,418096544
2015/2/6,5.6,5.53,5.73,5.45,358755232
2015/2/9,5.52,5.62,5.74,5.5,342984752
2015/2/10,5.6,5.8,5.83,5.55,355787024
2015/2/11,5.8,5.8,5.95,5.78,237989211
2015/2/12,5.8,5.85,5.9,5.74,235070192
2015/2/13,5.9,5.91,6.02,5.79,401268240
2015/2/16,5.94,6.02,6.07,5.89,328957856
2015/2/17,6.04,6,6.05,5.97,269870272
2015/2/25,6.04,5.95,6.04,5.93,216555868
2015/2/26,5.94,6.47,6.48,5.87,1015766288
2015/2/27,6.41,6.41,6.56,6.38,666664208
2015/3/2,6.51,6.38,6.54,6.32,440331680
2015/3/3,6.33,6.22,6.41,6.17,596397424
2015/3/4,6.21,6.17,6.25,6.13,348346608
2015/3/5,6.14,6.06,6.14,5.96,436973648
2015/3/6,6.04,6.05,6.11,6.01,259373213
2015/3/9,6,6.11,6.13,5.89,361624496
2015/3/10,6.08,6.03,6.09,6.01,220257444
2015/3/11,6.03,6.06,6.11,6.02,243689528
2015/3/12,6.1,6.21,6.25,6.01,502080096
2015/3/13,6.23,6.25,6.44,6.19,514376160
2015/3/16,6.29,6.32,6.39,6.24,403846416
2015/3/17,6.39,6.49,6.61,6.39,867997184
2015/3/18,6.5,6.56,6.57,6.44,704517776
2015/3/19,6.58,6.82,6.94,6.51,1128047856
2015/3/20,6.83,6.72,6.85,6.67,690426800
2015/3/23,6.82,6.94,6.99,6.82,858854736
2015/3/24,6.95,6.8,6.96,6.62,890604368
2015/3/25,6.92,6.82,6.95,6.7,765311504
2015/3/26,6.82,7.01,7.12,6.75,1092030880
2015/3/27,7.05,7.22,7.39,6.91,1200104960
2015/3/30,7.42,7.94,7.94,7.31,1829002704
2015/3/31,8.25,7.67,8.28,7.64,1740003072
2015/4/1,7.64,7.69,7.79,7.6,854751376
2015/4/2,7.69,7.52,7.72,7.42,809525552
2015/4/3,7.45,7.53,7.63,7.39,598574656
2015/4/7,7.59,7.6,7.67,7.51,659786960
2015/4/8,7.62,7.8,8.05,7.52,1119784016
2015/4/9,7.79,7.53,7.79,7.4,870800544
2015/4/10,7.52,7.58,7.6,7.43,569877664
2015/4/13,7.6,7.72,7.75,7.54,804048000
2015/4/14,7.73,7.96,8.12,7.65,1174914448
2015/4/15,8,8.28,8.76,7.87,1788358864
2015/4/16,8.1,8.36,8.52,8.01,1167901232
2015/4/17,8.49,9.03,9.19,8.37,1699835408
2015/4/20,9.14,9.85,9.93,8.83,2689818944
2015/4/21,9.8,9.29,9.8,8.98,1920058304
2015/4/22,9.3,9.54,9.93,9.09,1430651552
2015/4/23,9.55,9.4,9.79,9.3,1060074368
2015/4/24,9.18,9.34,9.63,8.95,1168095504
2015/4/27,9.45,10.08,10.25,9.35,1886986560
2015/4/28,9.99,10.31,10.77,9.8,1999869184
2015/4/29,10.2,9.91,10.2,9.66,1145913712
2015/4/30,10.06,10.9,10.9,10.05,1934607952
2015/5/4,11.2,11.99,11.99,11.11,1544806928
2015/5/5,12.4,10.8,12.52,10.79,2474982416
2015/5/6,10.7,10.48,11.09,10.26,1456543056
2015/5/7,10.29,9.43,10.29,9.43,1280579376
2015/5/8,9.59,9.77,9.83,9.15,1251398464
2015/5/11,9.76,10.06,10.18,9.65,1212377744
2015/5/12,10.06,10.34,10.41,9.9,1212203648
2015/5/13,10.23,9.95,10.36,9.85,1012251056
2015/5/14,9.87,9.76,9.87,9.53,821786720
2015/5/15,9.66,9.51,9.74,9.44,660497824
2015/5/18,9.38,9.22,9.5,9.21,672041696
2015/5/19,9.22,9.68,9.75,9.2,771462016
2015/5/20,9.7,9.65,9.93,9.48,910224080
2015/5/21,9.6,9.66,9.74,9.46,629935328
2015/5/22,9.71,10.29,10.53,9.71,1307717744
2015/5/25,10.28,10.79,10.88,10.19,1262586176
2015/5/26,11.11,10.87,11.25,10.58,1273632384
2015/5/27,10.87,10.44,10.87,10.4,1082216688
2015/5/28,10.3,9.56,10.56,9.5,1272964592
2015/5/29,9.58,9.31,9.74,8.8,981516144
2015/6/1,9.32,9.76,9.77,9.2,808074592
2015/6/2,9.76,10.06,10.3,9.52,982192352
2015/6/3,10.03,9.97,10.3,9.8,930846112
2015/6/4,9.91,9.69,9.93,9.07,933183968
2015/6/5,9.8,10.15,10.16,9.72,1215435488
2015/6/8,10.23,10.46,10.55,9.95,1556327040
2015/6/9,10.49,10.09,10.52,9.99,1110770768
2015/6/10,9.9,9.94,10.09,9.8,718029552
2015/6/11,9.97,9.79,10.04,9.66,735112240
2015/6/12,9.8,9.76,9.9,9.66,598676464
2015/6/15,9.77,9.66,9.86,9.62,629246816
2015/6/16,9.49,9.01,9.49,8.85,689446992
2015/6/17,9.01,9.21,9.28,8.82,591620480
2015/6/18,9.18,8.81,9.18,8.8,495321008
2015/6/19,8.69,8.05,8.77,7.97,691193984
2015/6/23,8.07,8.33,8.34,7.63,643683200
2015/6/24,8.36,8.47,8.56,8.28,600719888
2015/6/25,8.6,8.26,8.74,8.16,673960752
2015/6/26,8.05,7.72,8.5,7.45,895796944
2015/6/29,8.06,7.62,8.11,7,965726128
2015/6/30,7.68,8.31,8.35,7.36,959637536
2015/7/1,8.11,7.83,8.37,7.8,732674576
2015/7/2,7.93,7.43,7.99,7.26,620525952
2015/7/3,7.3,6.78,7.5,6.69,776084240
2015/7/6,7.46,7.18,7.46,6.8,1178686480
2015/7/7,7,7.57,7.7,6.92,1346853824
2015/7/8,7,7.25,7.78,6.81,1442530880
2015/7/9,7.25,7.98,7.98,7.25,985015824
2015/7/10,7.98,8.7,8.77,7.86,1301950496
2015/7/13,8.65,8.72,9.08,8.39,1301128208
2015/7/14,8.47,8.03,8.61,7.91,902924736
2015/7/15,7.89,7.87,7.94,7.32,646849744
2015/7/16,7.87,7.87,8.09,7.64,400182768
2015/7/17,7.88,8.14,8.29,7.72,562445728
2015/7/20,8.07,8.19,8.37,7.95,647673760
2015/7/21,8.05,8.2,8.4,8.01,621940160
2015/7/22,8.12,8.01,8.19,7.89,509634336
2015/7/23,7.98,8.14,8.2,7.95,483017296
2015/7/24,8.13,8.01,8.33,7.96,687130240
2015/7/27,7.99,7.21,8.12,7.21,645986128
2015/7/28,7.05,6.93,7.21,6.6,576409696
2015/7/29,7.01,7.23,7.29,6.91,412454144
2015/7/30,7.19,6.93,7.24,6.89,426880992
2015/7/31,6.88,6.96,7.06,6.88,267824830
2015/8/3,6.91,7.07,7.08,6.89,339893120
2015/8/4,7.11,7.26,7.29,6.97,341459808
2015/8/5,7.23,7.28,7.58,7.19,413049424
2015/8/6,7.11,7.11,7.22,7.07,200302559
2015/8/7,7.13,7.2,7.26,7.13,259483004
2015/8/10,7.5,7.84,7.9,7.42,774241840
2015/8/11,7.79,7.64,7.88,7.59,620328064
2015/8/12,7.54,7.65,7.83,7.5,405829648
2015/8/13,7.6,7.7,7.75,7.45,360068400
2015/8/14,7.72,7.64,7.8,7.6,381492368
2015/8/17,7.61,7.52,7.61,7.36,334838528
2015/8/18,7.51,6.89,7.53,6.8,465924576
2015/8/19,6.8,7,7.05,6.65,343834416
2015/8/20,6.96,6.81,6.98,6.8,214681418
2015/8/21,6.77,6.54,6.83,6.5,293137424
2015/8/24,6.29,5.89,6.3,5.89,442001424
2015/8/25,5.36,5.3,5.59,5.3,512302160
2015/8/26,5.27,5.02,5.49,4.88,523881072
2015/8/27,5.15,5.4,5.42,5.1,452707808
2015/8/28,5.56,5.87,5.92,5.45,538014768
2015/8/31,5.79,6.13,6.15,5.51,548623408
2015/9/1,5.86,6.24,6.3,5.72,687284560
2015/9/2,5.95,6.25,6.35,5.88,624576896
2015/9/7,6.24,5.87,6.44,5.82,343306912
2015/9/8,5.83,5.99,6.03,5.68,187262310
2015/9/9,6.08,6.12,6.19,5.99,285700784
2015/9/10,6.04,6.06,6.11,5.98,185410359
2015/9/11,6.04,5.98,6.1,5.91,120350567
2015/9/14,6.08,6.13,6.19,5.8,465525136
2015/9/15,6.02,5.93,6.03,5.77,260605282
2015/9/16,5.86,6.22,6.34,5.84,279527872
2015/9/17,6.16,6.13,6.38,6.07,387889392
2015/9/18,6.16,6.23,6.33,6.16,231715316
2015/9/21,6.23,6.3,6.34,6.18,170629439
2015/9/22,6.3,6.28,6.37,6.27,195059946
2015/9/23,6.23,6.1,6.27,6.09,167259189
2015/9/24,6.19,6.11,6.2,6.05,116488507
2015/9/25,6.08,6.06,6.1,5.88,153762163
2015/9/28,6.02,5.97,6.03,5.91,74238344
2015/9/29,5.89,5.77,5.95,5.76,106714994
2015/9/30,5.82,5.78,5.87,5.77,66057835
2015/10/8,6.02,5.95,6.07,5.94,116730765
2015/10/9,6,5.99,6.01,5.93,84935118
2015/10/12,6.03,6.21,6.27,6.01,259672831
2015/10/13,6.17,6.17,6.22,6.15,129010805
2015/10/14,6.17,6.14,6.23,6.13,144568425
2015/10/15,6.14,6.23,6.24,6.11,167404545
2015/10/16,6.26,6.28,6.34,6.23,243794170
2015/10/19,6.3,6.22,6.34,6.2,192882067
2015/10/20,6.22,6.43,6.47,6.17,303105152
2015/10/21,6.44,6.59,6.75,6.21,690635872
2015/10/22,6.39,6.44,6.5,6.27,270591712
2015/10/23,6.41,6.41,6.47,6.33,200637646
2015/10/26,6.48,6.42,6.57,6.37,210962160
2015/10/27,6.39,6.36,6.41,6.2,163907311
2015/10/28,6.31,6.22,6.35,6.2,126051319
2015/10/29,6.24,6.2,6.26,6.16,117652562
2015/10/30,6.2,6.21,6.27,6.19,115684817
2015/11/2,6.21,6.17,6.26,6.17,111186109
2015/11/3,6.18,6.09,6.21,6.07,110438410
2015/11/4,6.12,6.31,6.32,6.09,233938198
2015/11/5,6.3,6.94,6.94,6.28,1237662864
2015/11/6,6.84,7.1,7.15,6.82,1033461808
2015/11/9,7.06,7.11,7.44,7.03,849387152
2015/11/10,7.01,7.12,7.27,6.96,521965712
2015/11/11,7.15,7.06,7.18,6.97,338312288
2015/11/12,7.08,6.89,7.09,6.84,323358512
2015/11/13,6.83,6.84,7.03,6.79,342041904
2015/11/16,6.71,6.85,6.87,6.68,271559264
2015/11/17,6.89,6.78,7.04,6.76,366133472
2015/11/18,6.76,6.75,6.98,6.67,349691120
2015/11/19,6.73,6.81,6.82,6.71,186232288
2015/11/20,6.85,6.77,6.92,6.71,253976226
2015/11/23,6.78,6.74,6.87,6.7,208241094
2015/11/24,6.72,6.66,6.74,6.58,185741035
2015/11/25,6.64,6.67,6.69,6.6,147938815
2015/11/26,6.7,6.62,6.74,6.61,168907025
2015/11/27,6.6,6.22,6.6,6.18,298610864
2015/11/30,6.24,6.2,6.29,6.04,168472511
2015/12/1,6.21,6.42,6.62,6.14,285911136
2015/12/2,6.41,6.83,7,6.31,556597472
2015/12/3,6.78,6.71,6.83,6.61,353651888
2015/12/4,6.62,6.51,6.68,6.49,239189366
2015/12/7,6.53,6.45,6.55,6.39,138523804
2015/12/8,6.4,6.33,6.48,6.31,145439786
2015/12/9,6.36,6.39,6.46,6.29,146493671
2015/12/10,6.37,6.29,6.45,6.28,143499009
2015/12/11,6.29,6.22,6.29,6.19,100021029
2015/12/14,6.17,6.46,6.48,6.15,193008316
2015/12/15,6.47,6.36,6.53,6.34,145148741
2015/12/16,6.39,6.32,6.42,6.28,122119406
2015/12/17,6.36,6.52,6.73,6.36,319290528
2015/12/18,6.47,6.5,6.63,6.46,187859687
2015/12/21,6.46,6.72,6.85,6.45,348219280
2015/12/22,6.73,6.65,6.77,6.58,215451067
2015/12/23,6.7,6.68,6.83,6.65,241769567
2015/12/24,6.7,6.58,6.72,6.53,148111159
2015/12/25,6.61,6.68,6.75,6.6,136798604
2015/12/28,6.73,6.4,6.75,6.39,242863796
2015/12/29,6.4,6.46,6.47,6.38,91025702
2015/12/30,6.46,6.43,6.48,6.37,104491860
2015/12/31,6.43,6.34,6.46,6.33,115713596
2016/1/4,6.33,6.01,6.36,5.98,167586462
2016/1/5,5.93,6.03,6.11,5.87,172705151
2016/1/6,6.04,6.21,6.25,6.04,156250606
2016/1/7,6.13,5.79,6.13,5.73,40788100
2016/1/8,5.91,5.9,6.06,5.75,194112942
2016/1/11,5.83,5.67,6.06,5.65,211464435
2016/1/12,5.73,5.74,5.82,5.6,154314268
2016/1/13,5.8,5.59,5.8,5.58,108652790
2016/1/14,5.47,5.65,5.67,5.41,147714545
2016/1/15,5.63,5.38,5.64,5.35,160407330
2016/1/18,5.29,5.33,5.43,5.26,112851799
2016/1/19,5.34,5.73,5.82,5.31,273368592
2016/1/20,5.67,5.53,5.75,5.51,234758711
2016/1/21,5.45,5.35,5.58,5.33,148658251
2016/1/22,5.42,5.46,5.56,5.33,135372795
2016/1/25,5.48,5.42,5.5,5.39,90250837
2016/1/26,5.38,5.09,5.53,5.04,190894506
2016/1/27,5.15,5.12,5.18,4.94,172441326
2016/1/28,5.08,4.96,5.13,4.93,98617370
2016/1/29,5,5.13,5.21,4.98,172064224
2016/2/1,5.13,5.02,5.16,4.97,125089759
2016/2/2,5.02,5.13,5.18,5.01,124184079
2016/2/3,5.13,5.11,5.14,5.03,89672790
2016/2/4,5.12,5.17,5.2,5.11,102565511
2016/2/5,5.16,5.13,5.19,5.12,76939194
2016/2/15,5.01,5.07,5.11,4.98,77707381
2016/2/16,5.1,5.22,5.24,5.09,151171362
2016/2/17,5.19,5.37,5.43,5.19,261731380
2016/2/18,5.37,5.33,5.4,5.32,127692892
2016/2/19,5.31,5.29,5.36,5.26,87147169
2016/2/22,5.37,5.46,5.53,5.33,186265064
2016/2/23,5.45,5.42,5.47,5.36,105439226
2016/2/24,5.39,5.45,5.48,5.33,103760944
2016/2/25,5.49,5.13,5.52,5.09,205355600
2016/2/26,5.18,5.15,5.22,5.1,107353950
2016/2/29,5.18,5.13,5.19,5.02,150954867
2016/3/1,5.16,5.24,5.29,5.12,160501667
2016/3/2,5.26,5.58,5.68,5.22,351384096
2016/3/3,5.56,5.52,5.63,5.44,260360447
2016/3/4,5.5,5.62,5.64,5.42,351803360
2016/3/7,5.63,5.6,5.69,5.55,166696601
2016/3/8,5.59,5.59,5.6,5.39,145340952
2016/3/9,5.47,5.57,5.58,5.42,147888438
2016/3/10,5.51,5.44,5.58,5.43,74972791
2016/3/11,5.41,5.48,5.49,5.41,64442719
2016/3/14,5.54,5.6,5.64,5.5,137130439
2016/3/15,5.6,5.82,5.88,5.53,309096448
2016/3/16,5.75,5.88,5.96,5.73,312278640
2016/3/17,5.88,5.83,5.92,5.79,166325782
2016/3/18,5.87,5.78,5.9,5.71,302099216
2016/3/21,5.82,5.85,6.05,5.79,287060912
2016/3/22,5.85,5.85,5.91,5.81,135638450
2016/3/23,5.82,5.81,5.86,5.77,110856624
2016/3/24,5.78,5.72,5.82,5.72,78746465
2016/3/25,5.75,5.74,5.79,5.71,61404363
2016/3/28,5.74,5.64,5.82,5.62,110747234
2016/3/29,5.67,5.57,5.67,5.54,84081432
2016/3/30,5.61,5.72,5.73,5.6,101108877
2016/3/31,5.75,5.7,5.77,5.68,91296781
2016/4/1,5.7,5.76,5.77,5.58,111517028
2016/4/5,5.72,5.76,5.85,5.71,192685314
2016/4/6,5.73,5.72,5.77,5.69,103860865
2016/4/7,5.74,5.64,5.76,5.63,80108402
2016/4/8,5.61,5.59,5.64,5.55,77599001
2016/4/11,5.62,5.65,5.71,5.61,84717415
2016/4/12,5.67,5.65,5.69,5.62,59655152
2016/4/13,5.69,5.73,5.79,5.67,153840439
2016/4/14,5.77,5.74,5.78,5.69,95855894
2016/4/15,5.77,5.73,5.77,5.69,115512917
2016/4/18,5.7,5.65,5.71,5.63,79926948
2016/4/19,5.69,5.64,5.69,5.62,61101042
2016/4/20,5.66,5.54,5.67,5.38,187898258
2016/4/21,5.5,5.51,5.57,5.48,74080680
2016/4/22,5.5,5.53,5.54,5.48,53915819
2016/4/25,5.53,5.51,5.53,5.47,48885128
2016/4/26,5.52,5.56,5.57,5.51,64431651
2016/4/27,5.55,5.54,5.59,5.53,46041816
2016/4/28,5.55,5.53,5.56,5.49,49299678
2016/4/29,5.51,5.51,5.53,5.5,45669708
2016/5/3,5.51,5.61,5.62,5.51,86262372
2016/5/4,5.59,5.59,5.62,5.56,64433429
2016/5/5,5.58,5.59,5.6,5.56,48383406
2016/5/6,5.59,5.45,5.61,5.44,93513817
2016/5/9,5.45,5.32,5.47,5.29,105062339
2016/5/10,5.3,5.33,5.39,5.29,96055605
2016/5/11,5.35,5.36,5.42,5.3,116957537
2016/5/12,5.31,5.32,5.35,5.26,83502433
2016/5/13,5.32,5.33,5.38,5.3,84114306
2016/5/16,5.31,5.35,5.38,5.29,69127731
2016/5/17,5.36,5.33,5.37,5.31,50560056
2016/5/18,5.31,5.3,5.33,5.22,84221747
2016/5/19,5.29,5.27,5.32,5.26,40012923
2016/5/20,5.26,5.3,5.3,5.25,45288158
2016/5/23,5.28,5.31,5.34,5.28,40494709
2016/5/24,5.32,5.28,5.32,5.26,34761820
2016/5/25,5.31,5.28,5.32,5.27,39892791
2016/5/26,5.28,5.27,5.31,5.22,43528415
2016/5/27,5.26,5.28,5.29,5.25,35523388
2016/5/30,5.27,5.3,5.33,5.25,65740909
2016/5/31,5.3,5.49,5.5,5.29,191538042
2016/6/1,5.48,5.44,5.5,5.44,97368338
2016/6/2,5.45,5.42,5.46,5.4,72435109
2016/6/3,5.45,5.44,5.47,5.42,62768459
2016/6/6,5.46,5.43,5.47,5.41,46866189
2016/6/7,5.44,5.42,5.44,5.41,39623237
2016/6/8,5.43,5.42,5.44,5.4,42212733
2016/6/13,5.39,5.29,5.39,5.29,74869124
2016/6/14,5.28,5.34,5.34,5.28,41808717
2016/6/15,5.28,5.38,5.4,5.27,66919804
2016/6/16,5.2,5.16,5.2,5.14,62319883
2016/6/17,5.17,5.17,5.21,5.15,52791694
2016/6/20,5.18,5.19,5.2,5.15,40432842
2016/6/21,5.2,5.2,5.24,5.19,55389930
2016/6/22,5.22,5.23,5.26,5.2,71115318
2016/6/23,5.22,5.2,5.23,5.19,39890279
2016/6/24,5.2,5.15,5.23,5.09,76204033
2016/6/27,5.13,5.2,5.22,5.12,50122930
2016/6/28,5.18,5.21,5.22,5.17,42177104
2016/6/29,5.21,5.33,5.42,5.21,165942883
2016/6/30,5.32,5.32,5.37,5.29,78172820
2016/7/1,5.34,5.3,5.35,5.29,45072180
2016/7/4,5.28,5.38,5.41,5.28,100324146
2016/7/5,5.38,5.46,5.5,5.38,136383379
2016/7/6,5.44,5.42,5.47,5.39,101051471
2016/7/7,5.42,5.39,5.43,5.36,75573578
2016/7/8,5.39,5.36,5.39,5.35,49794756
2016/7/11,5.37,5.37,5.42,5.35,61237898
2016/7/12,5.38,5.5,5.52,5.37,161936429
2016/7/13,5.53,5.57,5.65,5.53,164072839
2016/7/14,5.54,5.51,5.56,5.49,80914913
2016/7/15,5.56,5.56,5.64,5.54,106907560
2016/7/18,5.55,5.51,5.56,5.49,98854870
2016/7/19,5.53,5.5,5.56,5.47,72991600
2016/7/20,5.51,5.49,5.53,5.48,45557142
2016/7/21,5.5,5.53,5.55,5.5,59966948
2016/7/22,5.52,5.47,5.52,5.46,52286934
2016/7/25,5.46,5.48,5.5,5.45,47460303
2016/7/26,5.47,5.56,5.57,5.47,75169405
2016/7/27,5.57,5.63,5.72,5.51,250594627
2016/7/28,5.63,5.75,5.85,5.58,254915521
2016/7/29,5.77,5.7,5.84,5.69,164090844
2016/8/1,5.75,5.76,5.8,5.67,144242766
2016/8/2,5.75,5.78,5.81,5.73,87831722
2016/8/3,5.78,5.88,5.92,5.77,155534073
2016/8/4,5.89,5.84,5.89,5.79,107596841
2016/8/5,5.84,5.83,5.88,5.82,75175302
2016/8/8,5.82,5.91,5.92,5.8,103294662
2016/8/9,5.92,6.14,6.18,5.9,265583508
2016/8/10,6.13,6.04,6.15,6.03,131662938
2016/8/11,6.04,6,6.12,6,94026635
2016/8/12,6.03,6.19,6.23,6,174411419
2016/8/15,6.23,6.35,6.49,6.23,339530512
2016/8/16,6.46,6.43,6.76,6.38,470447280
2016/8/17,6.43,6.58,6.64,6.39,231608250
2016/8/18,6.63,6.46,6.71,6.42,255029399
2016/8/19,6.46,6.46,6.54,6.32,219347022
2016/8/22,6.44,6.38,6.5,6.35,107567215
2016/8/23,6.38,6.43,6.53,6.38,139985088
2016/8/24,6.48,6.39,6.49,6.35,123276147
2016/8/25,6.36,6.25,6.36,6.21,179968862
2016/8/26,6.26,6.28,6.34,6.23,111543256
2016/8/29,6.3,6.33,6.45,6.27,136518053
2016/8/30,6.37,6.38,6.44,6.33,102381241
2016/8/31,6.4,6.4,6.42,6.33,87943786
2016/9/1,6.41,6.34,6.43,6.33,73025263
2016/9/2,6.34,6.38,6.41,6.31,112943363
2016/9/5,6.38,6.38,6.47,6.38,96359188
2016/9/6,6.39,6.41,6.44,6.34,112433320
2016/9/7,6.41,6.56,6.62,6.4,253714538
2016/9/8,6.56,6.51,6.6,6.47,114230386
2016/9/9,6.51,6.45,6.55,6.44,99336609
2016/9/12,6.35,6.29,6.37,6.14,267954420
2016/9/13,6.28,6.23,6.29,6.17,84280746
2016/9/14,6.18,6.18,6.22,6.16,70598077
2016/9/19,6.18,6.23,6.24,6.18,51792710
2016/9/20,6.23,6.21,6.26,6.19,40476274
2016/9/21,6.23,6.24,6.25,6.21,42357887
2016/9/22,6.27,6.31,6.34,6.27,90339158
2016/9/23,6.33,6.29,6.33,6.28,55233582
2016/9/26,6.28,6.13,6.28,6.12,84997905
2016/9/27,6.1,6.15,6.17,6.09,64719899
2016/9/28,6.16,6.09,6.16,6.06,57999178
2016/9/29,6.1,6.14,6.16,6.09,56600199
2016/9/30,6.15,6.17,6.18,6.13,44198465
2016/10/10,6.2,6.16,6.21,6.11,121729501
2016/10/11,6.17,6.17,6.22,6.14,79311038
2016/10/12,6.15,6.17,6.19,6.12,67658461
2016/10/13,6.17,6.37,6.38,6.14,160257161
2016/10/14,6.35,6.51,6.55,6.31,287265840
2016/10/17,6.48,6.53,6.61,6.46,234203160
2016/10/18,6.5,6.71,6.76,6.5,312997120
2016/10/19,6.69,6.83,6.86,6.69,282926352
2016/10/20,6.81,6.98,6.99,6.74,300392560
2016/10/21,6.98,7.38,7.44,6.96,527601856
2016/10/24,7.37,7.52,7.54,7.29,464500112
2016/10/25,7.48,7.72,7.74,7.4,456219600
2016/10/26,7.68,7.51,8,7.49,469233760
2016/10/27,7.53,7.33,7.58,7.28,416936720
2016/10/28,7.34,7.23,7.45,7.2,323286528
2016/10/31,7.24,7.18,7.28,7.17,275510096
2016/11/1,7.19,7.23,7.25,7.12,297936464
2016/11/2,7.19,7.02,7.21,7.01,256907559
2016/11/3,7.01,7.72,7.72,7,641506192
2016/11/4,7.93,8.04,8.23,7.85,888208160
2016/11/7,8,8.24,8.3,7.84,663788976
2016/11/8,8.22,7.86,8.28,7.84,651390400
2016/11/9,7.84,8.01,8.19,7.78,575047760
2016/11/10,8.03,8.02,8.28,7.97,436486576
2016/11/11,7.93,8.07,8.25,7.93,465134336
2016/11/14,8.08,8.08,8.26,7.88,629060992
2016/11/15,8.01,7.93,8.09,7.9,275240096
2016/11/16,7.88,7.81,7.9,7.73,264162499
2016/11/17,7.77,8.08,8.11,7.76,346914624
2016/11/18,8.57,8.2,8.67,8.14,530774112
2016/11/21,8.25,8.5,8.97,8.2,1473696912
2016/11/22,8.54,9.05,9.16,8.49,1785070608
2016/11/23,8.98,9.18,9.19,8.83,909372192
2016/11/24,9.1,9.06,9.22,9,449691184
2016/11/25,9.25,9.39,9.45,9.15,549344128
2016/11/28,9.8,10.33,10.33,9.65,1462664720
2016/11/29,10.17,11.15,11.36,10.17,1767948192
2016/11/30,11.11,11.01,11.45,10.68,967373840
2016/12/1,11,10.71,11.14,10.62,856279200
2016/12/2,10.55,10.38,10.75,10.27,804601984
2016/12/5,9.95,9.43,10,9.34,1289293472
2016/12/6,9.49,9.44,9.56,9.27,792383696
2016/12/7,9.4,9.49,9.5,9.25,614157552
2016/12/8,9.46,9.3,9.5,9.28,519332912
2016/12/9,9.21,10.11,10.22,9.15,1482411136
2016/12/12,9.82,9.61,9.89,9.34,918627040
2016/12/13,9.57,9.31,9.63,9.1,616237920
2016/12/14,9.19,8.81,9.2,8.71,869415296
2016/12/15,8.81,8.9,9.03,8.76,475827984
2016/12/16,8.79,8.85,8.98,8.66,415340032
2016/12/19,8.82,8.61,8.89,8.6,372631024
2016/12/20,8.69,8.75,8.85,8.59,383871408
2016/12/21,8.8,8.88,8.95,8.71,468085376
2016/12/22,8.82,8.78,8.84,8.68,288065744
2016/12/23,8.77,8.92,9.14,8.72,674126992
2016/12/26,8.8,9.24,9.34,8.76,601103808
2016/12/27,9.26,9.24,9.43,9.18,453933952
2016/12/28,9.26,8.94,9.28,8.91,410461616
2016/12/29,8.9,9.16,9.21,8.76,492005280
2016/12/30,9.11,8.86,9.18,8.73,449005360
2017/1/3,8.83,8.87,8.93,8.75,219172938
2017/1/4,8.84,8.97,9.04,8.81,265395729
2017/1/5,8.95,8.93,8.99,8.83,218051153
2017/1/6,8.95,8.88,9.03,8.86,186092250
2017/1/9,8.88,8.95,9.03,8.8,252163216
2017/1/10,8.94,8.88,9.01,8.85,199857612
2017/1/11,8.85,8.74,8.88,8.66,284839808
2017/1/12,8.7,8.6,8.78,8.58,186428105
2017/1/13,8.59,8.54,8.64,8.39,321367808
2017/1/16,8.5,8.65,8.69,8.33,397900560
2017/1/17,8.58,8.6,8.65,8.52,113078739
2017/1/18,8.6,8.74,8.84,8.57,229339508
2017/1/19,8.68,8.67,8.79,8.6,149478820
2017/1/20,8.65,8.72,8.75,8.62,99587687
2017/1/23,8.7,8.83,8.84,8.7,159641947
2017/1/24,8.81,8.8,8.87,8.78,132862936
2017/1/25,8.81,8.98,9.07,8.78,279320592
2017/1/26,9,8.94,9.06,8.87,197663638
2017/2/3,8.91,8.84,8.93,8.8,113636422
2017/2/6,8.83,8.87,8.97,8.81,171876438
2017/2/7,8.88,8.8,8.88,8.73,159638045
2017/2/8,8.78,8.84,8.85,8.72,146922412
2017/2/9,8.83,8.87,8.99,8.81,391760576
2017/2/10,8.87,9.18,9.31,8.86,774991104
2017/2/13,9.16,9.21,9.28,9.11,417995904
2017/2/14,9.22,9.2,9.25,9.12,290221264
2017/2/15,9.18,9.04,9.19,9.01,275215136
2017/2/16,9.04,9.07,9.08,8.97,193496468
2017/2/17,9.04,8.89,9.06,8.88,194913531
2017/2/20,8.88,9.07,9.09,8.86,254501493
2017/2/21,9.09,9.06,9.11,8.98,224489344
2017/2/22,9.05,9.05,9.08,9,169570613
2017/2/23,9.06,8.96,9.07,8.9,199722348
2017/2/24,8.95,9.03,9.04,8.92,170193168
2017/2/27,9.01,8.83,9.02,8.82,214379115
2017/2/28,8.84,8.85,8.89,8.81,111156420
2017/3/1,8.85,8.85,8.95,8.81,178531474
2017/3/2,8.87,8.68,8.88,8.67,235609909
2017/3/3,8.65,8.68,8.69,8.55,183172712
2017/3/6,8.67,8.63,8.67,8.59,116054471
2017/3/7,8.6,8.61,8.64,8.57,90803254
2017/3/8,8.65,8.86,8.94,8.63,397032912
2017/3/9,8.81,8.71,8.85,8.62,258168913
2017/3/10,8.66,8.62,8.7,8.6,135984093
2017/3/13,8.6,8.67,8.73,8.53,160878902
2017/3/14,8.68,8.72,8.79,8.65,148120157
2017/3/15,8.69,8.76,8.83,8.65,165728997
2017/3/16,8.77,8.76,8.84,8.71,179269552
2017/3/17,8.81,8.77,8.91,8.73,265219948
2017/3/20,8.86,8.89,8.93,8.81,256325306
2017/3/21,8.94,8.93,8.97,8.86,279714384
2017/3/22,8.87,8.96,9.11,8.85,361516624
2017/3/23,8.93,8.88,8.95,8.8,203127618
2017/3/24,8.91,9.55,9.77,8.86,1043907712
2017/3/27,9.45,9.37,9.68,9.34,652496384
2017/3/28,9.34,9.49,9.65,9.32,477704080
2017/3/29,9.46,9.43,9.63,9.42,413193008
2017/3/30,9.4,9.19,9.46,9.11,440050608
2017/3/31,9.2,9.2,9.27,9.07,214435518
2017/4/5,9.68,9.49,9.78,9.43,644695376
2017/4/6,9.52,10.05,10.27,9.42,941088016
2017/4/7,10,9.93,10.04,9.77,529440704
2017/4/10,9.92,10.04,10.24,9.87,510432704
2017/4/11,9.96,10.43,10.65,9.94,694289744
2017/4/12,10.31,10.24,10.49,10.14,436223664
2017/4/13,10,9.98,10.14,9.9,397000144
2017/4/14,10,9.91,10.13,9.82,288018112
2017/4/17,9.86,9.94,9.98,9.78,287469632
2017/4/18,9.92,10,10.17,9.84,376914832
2017/4/19,10.03,9.98,10.07,9.73,347567872
2017/4/20,9.94,10.26,10.28,9.91,428534208
2017/4/21,10.25,10.22,10.4,10.05,362444992
2017/4/24,10.13,9.78,10.13,9.5,521889856
2017/4/25,9.7,9.74,9.83,9.52,214546471
2017/4/26,9.73,9.5,9.79,9.47,351660512
2017/4/27,9.29,9.33,9.44,9.04,441813472
2017/4/28,9.27,9.36,9.44,9.24,195519539
2017/5/2,9.31,9.32,9.46,9.26,189394478
2017/5/3,9.3,9.11,9.38,9.07,267399397
2017/5/4,9.06,9.27,9.46,9.02,306826224
2017/5/5,9.24,9.32,9.45,9.2,328926400
2017/5/8,9.23,9.35,9.4,8.98,487045584
2017/5/9,9.28,9.33,9.42,9.12,207726554
2017/5/10,9.33,9.24,9.43,9.21,222918317
2017/5/11,9.17,9.37,9.42,9.12,310890672
2017/5/12,9.38,9.4,9.45,9.34,234358319
2017/5/15,9.45,9.34,9.48,9.26,213838293
2017/5/16,9.27,9.21,9.29,9.06,265206549
2017/5/17,9.21,9.2,9.23,9.14,152377715
2017/5/18,9.18,9.15,9.2,9.08,178322412
2017/5/19,9.13,9.09,9.14,9.06,111861320
2017/5/22,9.05,8.98,9.09,8.82,265292632
2017/5/23,8.92,9.07,9.08,8.78,292614416
2017/5/24,9,9.06,9.07,8.93,134387642
2017/5/25,9.03,9.28,9.34,9.01,267669628
2017/5/26,9.26,9.33,9.4,9.24,181862091
2017/5/31,9.41,9.45,9.47,9.34,186665258
2017/6/1,9.42,9.59,9.64,9.36,250215557
2017/6/2,9.63,9.57,9.68,9.52,190212529
2017/6/5,9.52,9.53,9.63,9.48,124566532
2017/6/6,9.5,9.6,9.64,9.49,112088292
2017/6/7,9.61,9.67,9.7,9.57,203541427
2017/6/8,9.67,9.59,9.68,9.53,126542890
2017/6/9,9.56,9.86,10.02,9.54,362336112
2017/6/12,9.82,9.88,9.97,9.78,206110082
2017/6/13,9.88,9.9,9.97,9.81,109119126
2017/6/14,9.76,9.52,9.78,9.51,261108498
2017/6/15,9.49,9.54,9.56,9.45,124617425
2017/6/16,9.38,9.2,9.39,9.19,109397441
2017/6/19,9.23,9.31,9.35,9.2,102421432
2017/6/20,9.33,9.29,9.38,9.26,89992829
2017/6/21,9.36,9.32,9.38,9.21,120365443
2017/6/22,9.28,9.44,9.62,9.25,318254224
2017/6/23,9.4,9.61,9.64,9.37,220269818
2017/6/26,9.64,9.77,9.85,9.63,246486078
2017/6/27,9.75,9.75,9.87,9.66,157781204
2017/6/28,9.8,9.7,9.82,9.67,104638265
2017/6/29,9.7,9.65,9.71,9.6,115791858
2017/6/30,9.61,9.68,9.74,9.6,95731618
2017/7/3,9.68,9.58,9.71,9.52,117694436
2017/7/4,9.58,9.41,9.6,9.4,141697931
2017/7/5,9.4,9.49,9.5,9.35,125119226
2017/7/6,9.49,9.45,9.53,9.4,100644807
2017/7/7,9.44,9.4,9.44,9.36,94520504
2017/7/10,9.39,9.7,9.71,9.35,263588663
2017/7/11,9.7,9.64,9.76,9.59,150817466
2017/7/12,9.62,9.78,9.93,9.62,315466016
2017/7/13,9.83,10.02,10.31,9.8,652013184
2017/7/14,10.08,10.15,10.22,9.98,324223008
2017/7/17,10.11,9.94,10.2,9.9,354897152
2017/7/18,9.88,10.43,10.45,9.84,479816144
2017/7/19,10.4,10.42,10.52,10.31,443424992
2017/7/20,10.43,10.45,10.68,10.39,311009696
2017/7/21,10.65,10.7,10.91,10.51,422439728
2017/7/24,10.71,10.54,10.96,10.52,326729040
2017/7/25,10.6,10.38,10.69,10.3,302431984
2017/7/26,10.34,10.38,10.47,10.25,225839268
2017/7/27,10.32,10.16,10.35,10.03,256306863
2017/7/28,10.12,10.28,10.4,10.09,179238447
2017/7/31,10.27,10.29,10.37,10.17,171702362
2017/8/1,10.26,10.49,10.54,10.22,253703730
2017/8/2,10.42,10.19,10.53,10.16,271521856
2017/8/3,10.16,10.01,10.24,9.98,266959681
2017/8/4,10.01,9.98,10.11,9.96,172622058
2017/8/7,9.94,9.94,10.04,9.89,180715248
2017/8/8,9.97,10.08,10.12,9.95,173106680
2017/8/9,10.05,9.95,10.05,9.93,128187845
2017/8/10,9.9,9.98,10.05,9.87,147764425
2017/8/11,9.91,9.78,10.03,9.74,161718329
2017/8/14,9.84,9.97,10.02,9.75,195461023
2017/8/15,9.97,9.97,10.04,9.94,94311054
2017/8/16,9.98,9.85,10,9.8,139614583
2017/8/17,9.84,9.98,10.06,9.83,175033828
2017/8/18,9.91,9.94,10.04,9.88,132397628
2017/8/21,10.01,9.95,10.02,9.92,103429226
2017/8/22,9.98,10.02,10.05,9.93,167388928
2017/8/23,10.03,10.03,10.1,9.96,205612167
2017/8/24,10.03,10.03,10.12,9.99,156441086
2017/8/25,10,10.28,10.35,9.99,347921376
2017/8/28,10.28,10.24,10.45,10.15,419328432
2017/8/29,10.26,10.2,10.28,10.16,149847181
2017/8/30,10.22,10.23,10.25,10.08,241994561
2017/8/31,10.2,9.99,10.22,9.98,275642096
2017/9/1,9.96,9.8,10.02,9.7,448269808
2017/9/4,9.76,9.8,9.84,9.7,158034827
2017/9/5,9.82,9.79,9.86,9.76,120306671
2017/9/6,9.78,9.9,10.02,9.7,396861104
2017/9/7,9.85,9.77,9.95,9.76,205979219
2017/9/8,9.79,9.68,9.81,9.66,162828161
2017/9/11,9.7,9.71,9.79,9.66,114886986
2017/9/12,9.71,9.71,9.74,9.67,117438872
2017/9/13,9.71,9.66,9.72,9.66,104830926
2017/9/14,9.68,9.73,9.77,9.66,141757156
2017/9/15,9.73,9.87,10.02,9.7,467149312
2017/9/18,9.94,9.92,10.06,9.91,211215205
2017/9/19,9.95,9.83,9.99,9.82,165572987
2017/9/20,9.83,9.73,9.84,9.69,202822633
2017/9/21,9.72,9.71,9.79,9.7,107794566
2017/9/22,9.7,9.62,9.72,9.61,128407274
2017/9/25,9.6,9.42,9.62,9.41,180938901
2017/9/26,9.45,9.48,9.56,9.42,97310374
2017/9/27,9.52,9.48,9.53,9.46,72802687
2017/9/28,9.49,9.31,9.5,9.3,162115073
2017/9/29,9.34,9.28,9.38,9.26,121443775
2017/10/9,9.41,9.46,9.52,9.36,150377170
2017/10/10,9.48,9.45,9.49,9.41,70444801
2017/10/11,9.45,9.52,9.56,9.43,92930530
2017/10/12,9.5,9.48,9.56,9.46,60940577
2017/10/13,9.49,9.39,9.5,9.37,107758759
2017/10/16,9.4,9.4,9.46,9.36,93833957
2017/10/17,9.4,9.4,9.46,9.35,83882709
2017/10/18,9.4,9.49,9.55,9.39,158169908
2017/10/19,9.5,9.33,9.51,9.31,135878758
2017/10/20,9.29,9.35,9.38,9.28,80451050
2017/10/23,9.34,9.25,9.36,9.22,115445512
2017/10/24,9.26,9.39,9.41,9.24,172910744
2017/10/25,9.39,9.44,9.55,9.38,145105465
2017/10/26,9.48,9.68,9.78,9.45,327941440
2017/10/27,9.66,9.67,9.72,9.57,167275186
2017/10/30,9.65,9.59,9.66,9.37,253160911
2017/10/31,9.54,9.5,9.55,9.44,111913823
2017/11/1,9.5,9.88,9.93,9.47,461923424
2017/11/2,9.86,9.91,9.96,9.78,314088480
2017/11/3,9.89,9.79,9.9,9.57,295427056
2017/11/6,9.72,9.67,9.73,9.59,182119321
2017/11/7,9.65,9.62,9.86,9.54,290650208
2017/11/8,9.61,9.67,9.75,9.56,239450684
2017/11/9,9.65,9.69,9.7,9.59,158585613
2017/11/10,9.7,9.45,9.71,9.43,262848655
2017/11/13,9.4,9.33,9.46,9.3,249995982
2017/11/14,9.32,9.35,9.4,9.3,145067981
2017/11/15,9.32,9.35,9.38,9.26,125204596
2017/11/16,9.35,9.27,9.39,9.26,132306997
2017/11/17,9.25,9.48,9.52,9.23,348289552
2017/11/20,9.42,9.42,9.49,9.31,166955402
2017/11/21,9.39,9.64,9.75,9.38,357759792
2017/11/22,9.69,9.96,10.09,9.63,638889440
2017/11/23,9.99,9.73,10.05,9.65,440994144
2017/11/24,9.68,9.63,9.77,9.56,266938866
2017/11/27,9.6,9.61,9.72,9.45,278457632
2017/11/28,9.57,9.57,9.59,9.49,111028534
2017/11/29,9.59,9.71,9.74,9.44,237654675
2017/11/30,9.67,9.65,9.83,9.57,222886770
2017/12/1,9.62,9.64,9.67,9.5,145485441
2017/12/4,9.59,9.56,9.61,9.48,131106648
2017/12/5,9.56,9.73,9.81,9.53,370484528
2017/12/6,9.68,9.65,9.73,9.6,157278631
2017/12/7,9.64,9.64,9.78,9.59,130152906
2017/12/8,9.61,9.54,9.65,9.52,107730732
2017/12/11,9.52,9.51,9.56,9.45,120078757
2017/12/12,9.52,9.39,9.52,9.37,118955510
2017/12/13,9.37,9.41,9.42,9.34,81503849
2017/12/14,9.41,9.36,9.42,9.33,72885315
2017/12/15,9.35,9.3,9.36,9.28,103307112
2017/12/18,9.3,9.31,9.35,9.27,56353480
2017/12/19,9.31,9.38,9.39,9.3,55463833
2017/12/20,9.38,9.4,9.42,9.3,105421225
2017/12/21,9.36,9.37,9.42,9.32,80480851
2017/12/22,9.37,9.35,9.39,9.33,47461499
2017/12/25,9.35,9.35,9.46,9.33,78360751
2017/12/26,9.36,9.31,9.39,9.25,110385931
2017/12/27,9.31,9.23,9.32,9.22,113301245
2017/12/28,9.21,8.94,9.22,8.93,276449776
2017/12/29,8.9,9.02,9.06,8.88,111035517
2018/1/2,9.01,9.21,9.27,9,130680749
2018/1/3,9.22,9.22,9.27,9.16,115826566
2018/1/4,9.23,9.18,9.24,9.16,79694086
2018/1/5,9.19,9.49,9.65,9.16,422007280
2018/1/8,9.47,9.52,9.68,9.45,333478544
2018/1/9,9.53,9.45,9.6,9.41,188373295
2018/1/10,9.48,9.61,9.75,9.46,315690176
2018/1/11,9.59,9.58,9.64,9.51,171676520
2018/1/12,9.54,9.49,9.64,9.47,143651413
2018/1/15,9.49,9.53,9.64,9.45,307041824
2018/1/16,9.51,9.52,9.61,9.38,347611824
2018/1/17,9.72,9.73,10.01,9.56,731243888
2018/1/18,9.65,10.35,10.53,9.65,1070147248
2018/1/19,10.34,10.35,10.43,10.17,613541040
2018/1/22,10.31,10.46,10.52,10.28,518547040
2018/1/23,10.43,10.56,10.63,10.35,540761232
2018/1/24,10.6,10.46,10.85,10.33,572404368
2018/1/25,10.42,10.37,10.48,10.23,452329472
2018/1/26,10.33,10.67,10.73,10.26,568826784
2018/1/29,10.68,10.5,10.79,10.4,409394864
2018/1/30,10.43,10.16,10.56,10.15,332729104
2018/1/31,10.13,10.12,10.23,9.98,401730768
2018/2/1,10.18,10.18,10.23,10.01,430825344
2018/2/2,10.08,10.13,10.17,9.81,294746016
2018/2/5,9.98,10.39,10.41,9.96,357447792
2018/2/6,10.25,10.19,10.35,10.03,502706912
2018/2/7,10.3,9.97,10.44,9.94,532135696
2018/2/8,9.84,9.44,9.89,9.16,500145984
2018/2/9,9.05,8.85,9.15,8.51,540269472
2018/2/12,8.88,8.84,8.98,8.74,191170693
2018/2/13,9.01,9,9.12,8.95,221725624
2018/2/14,9.03,8.98,9.07,8.93,103119223
2018/2/22,9.13,9.12,9.15,9.03,146311265
2018/2/23,9.13,9.32,9.36,9.13,224432883
2018/2/26,9.4,9.34,9.4,9.1,223944690
2018/2/27,9.35,9.24,9.36,9.17,156149358
2018/2/28,9.15,9.11,9.2,9.05,119910234
2018/3/1,9.07,9.1,9.15,9.02,104776442
2018/3/2,8.98,9.01,9.07,8.96,92401728
2018/3/5,9,9.04,9.12,9,79907252
2018/3/6,9.1,9.11,9.12,8.99,117159887
2018/3/7,9.1,9.02,9.16,9,114858770
2018/3/8,9,9.03,9.08,8.97,102372518
2018/3/9,9.05,9.02,9.06,8.98,108138669
2018/3/12,9.06,9.03,9.08,8.98,133428388
2018/3/13,9.03,8.94,9.03,8.91,153249668
2018/3/14,8.92,8.89,8.94,8.85,93894514
2018/3/15,8.85,8.9,8.92,8.84,65283943
2018/3/16,8.9,8.86,8.95,8.85,66296363
2018/3/19,8.86,8.84,8.88,8.8,74468694
2018/3/20,8.87,8.9,8.95,8.85,85242073
2018/3/21,8.92,8.91,8.98,8.87,87666128
2018/3/22,8.9,8.9,8.92,8.78,102233526
2018/3/23,8.73,8.88,8.9,8.61,315115232
2018/3/26,8.82,8.73,8.83,8.68,88861100
2018/3/27,8.82,8.76,8.84,8.71,71507252
2018/3/28,8.69,8.66,8.78,8.59,98435055
2018/3/29,8.7,8.77,8.81,8.59,115000455
2018/3/30,8.76,8.66,8.77,8.66,89345957
2018/4/2,8.67,8.64,8.74,8.63,70642089
2018/4/3,8.65,8.58,8.65,8.57,72086810
2018/4/4,8.59,8.51,8.63,8.5,62894001
2018/4/9,8.5,8.47,8.54,8.45,59472358
2018/4/10,8.51,8.65,8.66,8.45,88229695
2018/4/11,8.68,8.7,8.74,8.6,88864989
2018/4/12,8.76,8.59,8.78,8.58,106207910
2018/4/13,8.64,8.57,8.66,8.57,46874670
2018/4/16,8.56,8.47,8.6,8.43,82568926
2018/4/17,8.48,8.22,8.51,8.21,91463256
2018/4/18,8.3,8.11,8.31,8.05,120408865
2018/4/19,8.12,8.2,8.25,8.12,71246245
2018/4/20,8.21,8.19,8.21,8.02,106601462
2018/4/23,8.15,8.21,8.23,8.13,52806760
2018/4/24,8.19,8.39,8.43,8.19,89177355
2018/4/25,8.32,8.39,8.41,8.3,43618465
2018/4/26,8.43,8.36,8.45,8.2,77665784
2018/4/27,8.36,8.39,8.42,8.27,64188353
2018/5/2,8.48,8.39,8.55,8.34,93815599
2018/5/3,8.38,8.31,8.38,8.23,101581717
2018/5/4,8.31,8.28,8.33,8.27,40741986
2018/5/7,8.31,8.37,8.39,8.25,65645363
2018/5/8,8.37,8.49,8.56,8.34,102556965
2018/5/9,8.48,8.48,8.5,8.44,40842727
2018/5/10,8.5,8.47,8.55,8.43,51482017
2018/5/11,8.52,8.53,8.61,8.47,70743748
2018/5/14,8.56,8.56,8.59,8.49,72184481
2018/5/15,8.57,8.53,8.59,8.48,47265879
2018/5/16,8.5,8.39,8.5,8.39,62912475
2018/5/17,8.39,8.4,8.44,8.38,31616902
2018/5/18,8.39,8.49,8.5,8.38,43579240
2018/5/21,8.53,8.54,8.56,8.51,53567864
2018/5/22,8.55,8.48,8.56,8.45,37610981
2018/5/23,8.47,8.35,8.48,8.35,48844924
2018/5/24,8.35,8.29,8.37,8.29,36120589
2018/5/25,8.28,8.31,8.32,8.18,69432104
2018/5/28,8.29,8.27,8.36,8.25,34064682
2018/5/29,8.27,8.31,8.32,8.17,55686445
2018/5/30,8.2,8.13,8.26,8.12,59993616
2018/5/31,8.21,8.23,8.28,8.17,75234893
2018/6/1,8.21,8.18,8.28,8.17,45143828
2018/6/4,8.19,8.31,8.35,8.19,64155992
2018/6/5,8.31,8.3,8.33,8.23,51780572
2018/6/6,8.28,8.28,8.32,8.26,36253757
2018/6/7,8.3,8.27,8.35,8.26,48865750
2018/6/8,8.26,8.13,8.26,8.11,76937164
2018/6/11,8.09,8.14,8.17,8.06,41082257
2018/6/12,8.15,8.16,8.17,8.09,44392171
2018/6/13,8.15,8.15,8.16,8.08,51610742
2018/6/14,8.13,8.13,8.16,8.1,46005394
2018/6/15,8.12,8.27,8.37,8.12,106659063
2018/6/19,8.2,8.35,8.4,8.18,284306736
2018/6/20,8.28,8.33,8.35,8.23,78892544
2018/6/21,8.31,8.26,8.42,8.25,84416123
2018/6/22,8.17,8.12,8.19,8.05,88095795
2018/6/25,8.2,8.03,8.22,8.02,59294285
2018/6/26,7.97,7.81,7.99,7.72,97712313
2018/6/27,7.8,7.81,7.85,7.68,74453780
2018/6/28,7.73,7.73,7.82,7.7,58284070
2018/6/29,5.4,5.46,5.49,5.37,52516744
2018/7/2,5.43,5.17,5.43,5.16,118687757
2018/7/3,5.17,5.09,5.2,4.93,135890831
2018/7/4,5.01,5.01,5.08,4.99,84446888
2018/7/5,5.01,5.09,5.09,4.96,95286643
2018/7/6,5.06,5.07,5.12,5.01,62932401
2018/7/9,5.08,5.15,5.16,5.08,71172160
2018/7/10,5.16,5.15,5.19,5.13,51494498
2018/7/11,5.08,5.03,5.09,5.01,46653226
2018/7/12,4.98,5.16,5.19,4.98,77619862
2018/7/13,5.15,5.13,5.19,5.13,61458131
2018/7/16,5.12,5.09,5.14,5.06,41465692
2018/7/17,5.07,5.06,5.09,5.02,36690760
2018/7/18,5.08,5.02,5.1,5.02,39042408
2018/7/19,5.05,5.1,5.17,5.04,85674303
2018/7/20,5.1,5.19,5.23,5.05,107003886
2018/7/23,5.15,5.56,5.65,5.15,305102256
2018/7/24,5.72,5.94,5.97,5.72,453782624
2018/7/25,5.9,5.84,5.9,5.78,190835031
2018/7/26,5.87,5.73,5.87,5.71,138792217
2018/7/27,5.72,5.74,5.85,5.71,97792055
2018/7/30,5.75,5.85,5.95,5.75,147302923
2018/7/31,5.8,5.8,5.84,5.7,77212853
2018/8/1,5.92,5.68,6,5.67,166359650
2018/8/2,5.67,5.6,5.67,5.39,185197349
2018/8/3,5.52,5.44,5.6,5.43,86429502
2018/8/6,5.47,5.48,5.59,5.43,103606333
2018/8/7,5.5,5.84,5.85,5.48,229912815
2018/8/8,5.79,5.73,5.82,5.72,129823302
2018/8/9,5.73,5.78,5.82,5.72,112404862
2018/8/10,5.78,5.8,5.9,5.75,113831737
2018/8/13,5.73,5.75,5.78,5.64,88958711
2018/8/14,5.74,5.7,5.75,5.65,66437104
2018/8/15,5.72,5.6,5.79,5.6,99052756
2018/8/16,5.51,5.54,5.63,5.48,78403416
2018/8/17,5.6,5.4,5.63,5.39,79709867
2018/8/20,5.4,5.48,5.54,5.39,86776589
2018/8/21,5.49,5.53,5.61,5.48,103815219
2018/8/22,5.5,5.45,5.55,5.42,80141381
2018/8/23,5.46,5.44,5.49,5.36,86612487
2018/8/24,5.42,5.41,5.48,5.37,66065452
2018/8/27,5.44,5.52,5.54,5.42,102377446
2018/8/28,5.52,5.54,5.57,5.5,85012423
2018/8/29,5.5,5.46,5.52,5.44,67894836
2018/8/30,5.46,5.37,5.49,5.37,52702297
2018/8/31,5.38,5.4,5.45,5.34,100337859
2018/9/3,5.38,5.33,5.38,5.27,75145474
2018/9/4,5.37,5.39,5.42,5.32,62389143
2018/9/5,5.35,5.27,5.4,5.26,62700320
2018/9/6,5.26,5.18,5.31,5.16,85111648
2018/9/7,5.2,5.16,5.24,5.11,89483170
2018/9/10,5.13,5.16,5.19,5.12,59710812
2018/9/11,5.16,5.12,5.18,5.11,54733548
2018/9/12,5.11,5.1,5.14,5.07,47744933
2018/9/13,5.15,5.18,5.18,5.1,68510792
2018/9/14,5.18,5.17,5.2,5.13,56597895
2018/9/17,5.15,5.08,5.16,5.07,46509705
2018/9/18,5.08,5.4,5.41,5.07,196273141
2018/9/19,5.34,5.38,5.43,5.32,159580355
2018/9/20,5.38,5.35,5.44,5.29,105505122
2018/9/21,5.35,5.49,5.5,5.32,168390723
2018/9/25,5.41,5.41,5.47,5.37,88844164
2018/9/26,5.41,5.43,5.51,5.4,99515077
2018/9/27,5.46,5.45,5.5,5.42,85953462
2018/9/28,5.47,5.49,5.53,5.44,94067982
2018/10/8,5.34,5.33,5.44,5.28,120609700
2018/10/9,5.31,5.29,5.33,5.26,67184091
2018/10/10,5.3,5.36,5.43,5.29,84932903
2018/10/11,5.26,5.1,5.3,5.04,162516817
2018/10/12,5.03,5.16,5.21,5.03,109963624
2018/10/15,5.16,5.09,5.18,5.06,67019712
2018/10/16,5.1,5.04,5.15,5.02,69660171
2018/10/17,5.12,5.11,5.16,5.06,81931008
2018/10/18,5.11,4.96,5.12,4.94,118308965
2018/10/19,4.96,5.07,5.1,4.91,103813473
2018/10/22,5.11,5.27,5.34,5.1,144999746
2018/10/23,5.26,5.17,5.33,5.16,133948599
2018/10/24,5.15,5.26,5.34,5.15,109873647
2018/10/25,5.18,5.28,5.3,5.14,97208901
2018/10/26,5.28,5.32,5.38,5.28,119707138
2018/10/29,5.37,5.19,5.37,5.15,112528791
2018/10/30,5.25,5.25,5.32,5.2,100416423
2018/10/31,5.27,5.38,5.49,5.27,169754532
2018/11/1,5.45,5.35,5.5,5.35,140324297
2018/11/2,5.46,5.44,5.49,5.36,157240721
2018/11/5,5.45,5.42,5.46,5.37,84847472
2018/11/6,5.42,5.39,5.42,5.34,55343034
2018/11/7,5.41,5.37,5.43,5.37,68562091
2018/11/8,5.43,5.37,5.43,5.37,57177440
2018/11/9,5.35,5.29,5.39,5.27,61831213
2018/11/12,5.29,5.36,5.37,5.28,53525818
2018/11/13,5.3,5.38,5.39,5.29,64247483
2018/11/14,5.39,5.35,5.4,5.34,66965558
2018/11/15,5.35,5.4,5.41,5.34,65286158
2018/11/16,5.4,5.51,5.54,5.36,174510185
2018/11/19,5.53,5.57,5.58,5.49,124610802
2018/11/20,5.53,5.49,5.65,5.47,117257732
2018/11/21,5.44,5.51,5.57,5.44,75361426
2018/11/22,5.55,5.52,5.56,5.47,61456244
2018/11/23,5.52,5.43,5.6,5.43,93651243
2018/11/26,5.48,5.46,5.52,5.44,56710339
2018/11/27,5.48,5.56,5.6,5.48,111789166
2018/11/28,5.56,5.58,5.62,5.53,79781827
2018/11/29,5.63,5.64,5.79,5.6,175956620
2018/11/30,5.63,5.77,5.79,5.63,167305659
2018/12/3,5.92,5.81,5.94,5.77,184049023
2018/12/4,5.88,6.05,6.05,5.85,285430288
2018/12/5,5.99,6,6.05,5.95,153967040
2018/12/6,5.93,5.88,5.99,5.86,138142635
2018/12/7,5.91,5.94,5.99,5.89,93705201
2018/12/10,5.91,5.93,6,5.87,120965531
2018/12/11,5.94,5.88,5.96,5.83,87788156
2018/12/12,5.95,5.94,5.98,5.89,87866877
2018/12/13,5.96,6.17,6.25,5.94,327617136
2018/12/14,6.14,6.17,6.25,6.08,246339457
2018/12/17,6.19,6.32,6.35,6.18,251852184
2018/12/18,6.28,6.23,6.33,6.12,256527758
2018/12/19,6.26,6.22,6.29,6.18,168346111
2018/12/20,6.1,5.86,6.16,5.85,334701328
2018/12/21,5.82,5.8,5.9,5.74,167608489
2018/12/24,5.74,5.7,5.83,5.65,104169180
2018/12/25,5.63,5.61,5.65,5.51,107188084
2018/12/26,5.59,5.58,5.66,5.57,75877460
2018/12/27,5.67,5.52,5.67,5.52,113564579
2018/12/28,5.54,5.7,5.7,5.53,114279559
2019/1/2,5.67,5.6,5.73,5.55,108199906
2019/1/3,5.57,5.6,5.64,5.52,60104715
2019/1/4,5.55,5.73,5.74,5.55,100220201
2019/1/7,5.79,5.74,5.83,5.72,99080254
2019/1/8,5.72,5.72,5.77,5.68,54946243
2019/1/9,5.75,5.71,5.83,5.71,91308445
2019/1/10,5.7,5.68,5.75,5.66,53662995
2019/1/11,5.72,5.69,5.73,5.64,44999793
2019/1/14,5.68,5.65,5.7,5.64,36351151
2019/1/15,5.67,5.74,5.76,5.64,80888903
2019/1/16,5.74,5.75,5.76,5.7,49182070
2019/1/17,5.79,5.7,5.79,5.69,56543036
2019/1/18,5.8,5.98,5.98,5.79,183100688
2019/1/21,5.97,5.97,6.01,5.93,85308453
2019/1/22,5.97,5.9,5.99,5.87,62894691
2019/1/23,5.92,5.93,6,5.91,61993735
2019/1/24,5.98,5.89,5.98,5.82,71286179
2019/1/25,5.93,6.05,6.1,5.9,145691776
2019/1/28,6.11,6.03,6.13,6.02,82330167
2019/1/29,6.02,6.14,6.15,6.01,104328335
2019/1/30,6.11,6.07,6.16,6.06,80098127
2019/1/31,6.12,6.12,6.16,6.08,76924065
2019/2/1,6.18,6.13,6.18,6.04,83511891
2019/2/11,6.1,6.11,6.12,6.02,100573329
2019/2/12,6.12,6.17,6.18,6.08,92339625
2019/2/13,6.21,6.2,6.23,6.13,136932153
2019/2/14,6.16,6.17,6.25,6.16,103158755
2019/2/15,6.15,6.03,6.16,6.01,139061699
2019/2/18,6.07,6.13,6.13,6.06,170253838
2019/2/19,6.13,6.07,6.15,6.03,191011957
2019/2/20,6.07,6.09,6.11,6.05,125697206
2019/2/21,6.08,6,6.1,5.98,197115794
2019/2/22,6,6.03,6.03,5.92,174222225
2019/2/25,6.05,6.32,6.32,6.03,531155632
2019/2/26,6.3,6.3,6.57,6.23,738186992
2019/2/27,6.28,6.25,6.39,6.2,476955760
2019/2/28,6.28,6.15,6.3,6.13,356075968
2019/3/1,6.19,6.23,6.24,6.12,309015264
2019/3/4,6.28,6.31,6.47,6.22,723369776
2019/3/5,6.31,6.36,6.44,6.26,583371264
2019/3/6,6.37,6.41,6.43,6.33,489493536
2019/3/7,6.38,6.32,6.44,6.27,474349104
2019/3/8,6.21,6.03,6.22,6.01,432124528
2019/3/11,6,6.1,6.11,5.98,259373091
2019/3/12,6.13,6.13,6.24,6.08,312428160
2019/3/13,6.12,6.08,6.16,6.04,216495983
2019/3/14,6.07,6.07,6.14,6.03,156952661
2019/3/15,6.08,6.12,6.16,6.07,194927148
2019/3/18,6.14,6.37,6.38,6.13,489436992
2019/3/19,6.38,6.28,6.4,6.24,254777179
2019/3/20,6.28,6.25,6.3,6.16,206243272
2019/3/21,6.25,6.23,6.28,6.21,191129530
2019/3/22,6.22,6.25,6.31,6.19,184712253
2019/3/25,6.13,6.06,6.15,6.04,279043824
2019/3/26,6.09,5.98,6.1,5.97,183971096
2019/3/27,6.01,6,6.03,5.98,109429828
2019/3/28,5.99,5.96,6.04,5.93,137239778
2019/3/29,5.96,6.12,6.13,5.93,233725976
2019/4/1,6.14,6.24,6.25,6.13,287925648
2019/4/2,6.28,6.19,6.29,6.15,245787572
2019/4/3,6.18,6.34,6.34,6.14,511860688
2019/4/4,6.35,6.31,6.4,6.24,423938176
2019/4/8,6.37,6.39,6.45,6.3,420458688
2019/4/9,6.4,6.47,6.5,6.35,373100144
2019/4/10,6.43,6.53,6.58,6.39,398911664
2019/4/11,6.56,6.35,6.58,6.32,277836224
2019/4/12,6.37,6.4,6.48,6.33,241908118
2019/4/15,6.5,6.51,6.68,6.46,527488128
2019/4/16,6.51,6.68,6.69,6.48,404396944
2019/4/17,6.71,6.62,6.73,6.6,243923022
2019/4/18,6.61,6.55,6.63,6.53,182355220
2019/4/19,6.56,6.6,6.61,6.51,161128979
2019/4/22,6.63,6.4,6.65,6.37,295832240
2019/4/23,6.4,6.38,6.44,6.36,174819279
2019/4/24,6.4,6.4,6.43,6.32,142702898
2019/4/25,6.38,6.22,6.39,6.2,187872486
2019/4/26,6.2,6.1,6.24,6.09,197521214
2019/4/29,6.14,6.14,6.22,6.09,167657732
2019/4/30,6.11,6.13,6.16,6.09,115295457
2019/5/6,6,5.79,6.05,5.76,292528368
2019/5/7,5.86,5.84,5.91,5.8,138885032
2019/5/8,5.79,5.76,5.86,5.71,127284862
2019/5/9,5.73,5.65,5.81,5.64,134111943
2019/5/10,5.72,5.73,5.76,5.58,153025390
2019/5/13,5.68,5.67,5.72,5.65,93728421
2019/5/14,5.64,5.63,5.74,5.62,99198845
2019/5/15,5.67,5.7,5.75,5.65,117843877
2019/5/16,5.7,5.73,5.75,5.67,117330828
2019/5/17,5.73,5.63,5.74,5.61,118553006
2019/5/20,5.62,5.54,5.67,5.51,112577878
2019/5/21,5.55,5.56,5.61,5.53,99571041
2019/5/22,5.56,5.48,5.57,5.45,131091983
2019/5/23,5.47,5.48,5.54,5.39,134959703
2019/5/24,5.48,5.51,5.55,5.47,86428366
2019/5/27,5.51,5.57,5.59,5.48,86451808
2019/5/28,5.57,5.6,5.63,5.53,123649553
2019/5/29,5.56,5.57,5.63,5.55,81597808
2019/5/30,5.57,5.6,5.61,5.55,83220996
2019/5/31,5.6,5.61,5.65,5.58,79384015
2019/6/3,5.61,5.63,5.69,5.58,91836277
2019/6/4,5.65,5.59,5.66,5.56,62091718
2019/6/5,5.64,5.66,5.7,5.63,91148592
2019/6/6,5.68,5.67,5.7,5.64,65045356
2019/6/10,5.69,5.74,5.8,5.68,105688342
2019/6/11,5.92,5.97,6.04,5.91,238446123
2019/6/12,5.96,5.93,5.98,5.92,90083408
2019/6/13,5.92,5.92,5.96,5.85,104115772
2019/6/14,5.8,5.73,5.8,5.71,82064255
2019/6/17,5.74,5.72,5.77,5.71,67938979
2019/6/18,5.74,5.68,5.76,5.68,57869001
2019/6/19,5.78,5.76,5.81,5.75,92507680
2019/6/20,5.77,5.86,5.9,5.74,135890237
2019/6/21,5.87,5.86,5.91,5.85,102628907
2019/6/24,5.87,5.89,5.9,5.84,69472276
2019/6/25,5.9,5.83,5.91,5.81,77880551
2019/6/26,5.83,5.84,5.88,5.81,53524351
2019/6/27,5.84,5.86,5.91,5.84,67428933
2019/6/28,5.87,5.75,5.88,5.72,101286976
2019/7/1,5.83,5.87,5.88,5.81,115338369
2019/7/2,5.86,5.91,5.92,5.84,97097886
2019/7/3,5.9,5.94,5.94,5.87,86341343
2019/7/4,5.96,6.05,6.13,5.95,196736684
2019/7/5,6.04,6.02,6.05,5.97,85289282
2019/7/8,5.98,5.89,6.01,5.85,96105110
2019/7/9,5.86,5.81,5.89,5.8,66374576
2019/7/10,5.85,5.77,5.85,5.74,55140617
2019/7/11,5.8,5.78,5.85,5.78,50696359
2019/7/12,5.8,5.85,5.88,5.78,58206131
2019/7/15,5.82,5.93,5.94,5.75,79342922
2019/7/16,5.92,5.96,5.97,5.9,55202687
2019/7/17,5.96,5.94,6.01,5.91,61951528
2019/7/18,5.91,5.93,5.97,5.88,48873070
2019/7/19,5.97,6,6.03,5.94,80981040
2019/7/22,6.02,5.94,6.03,5.92,81136973
2019/7/23,5.93,6.05,6.07,5.92,107724346
2019/7/24,6.09,6.04,6.11,6.02,78822812
2019/7/25,6.05,6.04,6.07,6.02,54307455
2019/7/26,6.01,6.03,6.06,5.98,69683316
2019/7/29,6.03,6.01,6.05,6,48926978
2019/7/30,6.01,6.03,6.06,6.01,53381725
2019/7/31,6,5.89,6.03,5.87,116136385
2019/8/1,5.88,5.82,5.88,5.81,68764411
2019/8/2,5.71,5.78,5.79,5.7,91181310
2019/8/5,5.73,5.64,5.76,5.62,89332208
2019/8/6,5.56,5.59,5.62,5.5,95342030
2019/8/7,5.62,5.55,5.64,5.54,65082874
2019/8/8,5.58,5.59,5.6,5.56,60071253
2019/8/9,5.6,5.55,5.63,5.53,57801896
2019/8/12,5.57,5.6,5.62,5.53,58541345
2019/8/13,5.57,5.48,5.57,5.46,90658970
2019/8/14,5.53,5.44,5.55,5.44,75269350
2019/8/15,5.38,5.47,5.47,5.33,63473283
2019/8/16,5.48,5.45,5.49,5.42,63220047
2019/8/19,5.5,5.59,5.6,5.48,112848516
2019/8/20,5.57,5.62,5.65,5.57,66967458
2019/8/21,5.61,5.6,5.65,5.6,48722193
2019/8/22,5.62,5.57,5.63,5.54,48103266
2019/8/23,5.58,5.56,5.6,5.55,56980480
2019/8/26,5.46,5.45,5.5,5.42,105051410
2019/8/27,5.48,5.48,5.58,5.47,128915913
2019/8/28,5.53,5.57,5.59,5.51,72268859
2019/8/29,5.53,5.5,5.55,5.46,75425087
2019/8/30,5.55,5.47,5.56,5.45,61505660
2019/9/2,5.47,5.56,5.59,5.47,78661179
2019/9/3,5.57,5.62,5.63,5.54,91543267
2019/9/4,5.61,5.78,5.84,5.6,198647749
2019/9/5,5.82,5.76,5.86,5.74,159645840
2019/9/6,5.8,5.77,5.81,5.72,87329851
2019/9/9,5.82,5.77,5.82,5.73,104189491
2019/9/10,5.76,5.75,5.78,5.7,79247314
2019/9/11,5.76,5.76,5.8,5.72,83376919
2019/9/12,5.79,5.83,5.84,5.77,117435108
2019/9/16,5.83,5.77,5.83,5.75,88581159
2019/9/17,5.76,5.68,5.78,5.67,76046372
2019/9/18,5.71,5.68,5.75,5.67,76062403
2019/9/19,5.69,5.67,5.71,5.64,69419890
2019/9/20,5.66,5.58,5.68,5.56,199960387
2019/9/23,5.55,5.51,5.56,5.5,90977797
2019/9/24,5.54,5.5,5.54,5.49,81288853
2019/9/25,5.49,5.47,5.5,5.46,61931966
2019/9/26,5.49,5.45,5.5,5.45,75029952
2019/9/27,5.47,5.47,5.5,5.44,67548697
2019/9/30,5.46,5.43,5.5,5.43,62034046
2019/10/8,5.46,5.45,5.5,5.42,98785394
2019/10/9,5.43,5.48,5.51,5.41,81481436
2019/10/10,5.48,5.48,5.49,5.45,82736288
2019/10/11,5.49,5.51,5.53,5.45,116514737
2019/10/14,5.55,5.56,5.62,5.53,163098285
2019/10/15,5.55,5.49,5.55,5.48,106100540
2019/10/16,5.51,5.5,5.58,5.49,152380928
2019/10/17,5.5,5.57,5.62,5.49,169708479
2019/10/18,5.6,5.5,5.63,5.49,140343140
2019/10/21,5.5,5.5,5.51,5.46,93414074
2019/10/22,5.51,5.47,5.52,5.44,115001674
2019/10/23,5.47,5.41,5.47,5.4,126407951
2019/10/24,5.41,5.4,5.44,5.38,96992443
2019/10/25,5.41,5.43,5.45,5.37,105463904
2019/10/28,5.45,5.44,5.46,5.41,107387186
2019/10/29,5.44,5.36,5.45,5.36,109338931
2019/10/30,5.36,5.29,5.36,5.28,119394601
2019/10/31,5.3,5.24,5.31,5.21,126681108
2019/11/1,5.23,5.28,5.29,5.2,149502604
2019/11/4,5.29,5.25,5.3,5.23,200581090
2019/11/5,5.25,5.34,5.36,5.22,293493792
2019/11/6,5.33,5.26,5.34,5.23,191480613
2019/11/7,5.26,5.22,5.26,5.2,186452898
2019/11/8,5.24,5.16,5.25,5.15,207535029
2019/11/11,5.14,5.03,5.14,5.02,209916103
2019/11/12,5.03,5.06,5.07,5.01,118569606
2019/11/13,5.05,5.04,5.06,5.01,130908704
2019/11/14,5.06,5.04,5.1,5.04,122130616
2019/11/15,5.05,4.95,5.05,4.94,169174955
2019/11/18,4.96,4.99,5.02,4.93,113755777
2019/11/19,4.98,5.02,5.02,4.96,98736451
2019/11/20,5.03,5.01,5.06,5,103198064
2019/11/21,5,5,5.02,4.97,69811278
2019/11/22,5.02,5.07,5.13,4.98,196668153
2019/11/25,5.08,5.25,5.27,5.07,321561200
2019/11/26,5.25,5.22,5.25,5.18,167996434
2019/11/27,5.21,5.14,5.22,5.12,107938631
2019/11/28,5.16,5.15,5.22,5.12,114761681
2019/11/29,5.14,5.11,5.16,5.09,102846288
2019/12/2,5.13,5.12,5.16,5.11,95318471
2019/12/3,5.12,5.12,5.12,5.06,79526904
2019/12/4,5.1,5.06,5.1,5.03,106761517
2019/12/5,5.08,5.07,5.09,5.05,90820647
2019/12/6,5.09,5.1,5.12,5.06,94228099
2019/12/9,5.11,5.23,5.24,5.09,206353045
2019/12/10,5.22,5.2,5.25,5.17,97106731
2019/12/11,5.21,5.21,5.24,5.17,90077571
2019/12/12,5.21,5.2,5.23,5.18,79569276
2019/12/13,5.24,5.28,5.29,5.2,163887597
2019/12/16,5.25,5.29,5.3,5.24,124432350
2019/12/17,5.29,5.4,5.44,5.29,256011717
2019/12/18,5.39,5.36,5.42,5.33,135041625
2019/12/19,5.38,5.45,5.51,5.37,187889297
2019/12/20,5.46,5.45,5.48,5.42,109915429
2019/12/23,5.46,5.33,5.48,5.32,128898792
2019/12/24,5.33,5.34,5.36,5.32,72550574
2019/12/25,5.35,5.35,5.39,5.32,55558203
2019/12/26,5.38,5.5,5.5,5.37,183527587
2019/12/27,5.52,5.49,5.57,5.48,146273066
2019/12/30,5.49,5.56,5.57,5.48,184368180
2019/12/31,5.55,5.62,5.64,5.53,174145597
2020/1/2,5.71,5.91,5.95,5.7,545040384
2020/1/3,5.96,5.98,6.04,5.91,346599872
2020/1/6,5.95,6.09,6.2,5.95,361281616
2020/1/7,6.11,6.02,6.15,5.99,205106668
2020/1/8,6,5.93,6.07,5.91,200258600
2020/1/9,6,5.99,6.03,5.92,166935729
2020/1/10,6.01,5.9,6.02,5.85,186120203
2020/1/13,5.91,5.95,5.98,5.85,154882074
2020/1/14,5.97,5.95,6.02,5.95,139472425
2020/1/15,5.95,5.83,5.96,5.81,151367501
2020/1/16,5.85,5.8,5.86,5.76,123696581
2020/1/17,5.8,5.8,5.85,5.76,94310264
2020/1/20,5.8,5.82,5.83,5.76,128166868
2020/1/21,5.78,5.65,5.79,5.65,188922008
2020/1/22,5.63,5.66,5.69,5.57,152055266
2020/1/23,5.6,5.47,5.63,5.41,241172602
2020/2/3,4.93,5,5.09,4.93,454639856
2020/2/4,5,5.21,5.22,5,292723184
2020/2/5,5.23,5.2,5.3,5.17,170036188
2020/2/6,5.22,5.32,5.37,5.16,205407514
2020/2/7,5.26,5.27,5.3,5.23,131047460
2020/2/10,5.23,5.34,5.37,5.2,148512106
2020/2/11,5.35,5.38,5.45,5.32,145654986
2020/2/12,5.39,5.4,5.43,5.36,101779518
2020/2/13,5.43,5.41,5.54,5.38,176548822
2020/2/14,5.37,5.5,5.5,5.37,191952048
2020/2/17,5.5,5.54,5.54,5.46,216942787
2020/2/18,5.52,5.43,5.52,5.41,222431518
2020/2/19,5.41,5.38,5.47,5.37,203165363
2020/2/20,5.4,5.43,5.44,5.31,264955416
2020/2/21,5.42,5.39,5.45,5.37,236975540
2020/2/24,5.38,5.29,5.39,5.28,267135022
2020/2/25,5.2,5.23,5.26,5.16,261763102
2020/2/26,5.17,5.45,5.52,5.15,662725344
2020/2/27,5.45,5.39,5.49,5.35,364294368
2020/2/28,5.3,5.37,5.49,5.28,464876992
2020/3/2,5.43,5.83,5.86,5.4,767166928
2020/3/3,5.98,5.76,6.02,5.66,602239456
2020/3/4,5.72,5.83,5.9,5.68,387394160
2020/3/5,5.84,5.82,5.86,5.75,327057664
2020/3/6,5.77,5.68,5.8,5.65,253888131
2020/3/9,5.58,5.48,5.6,5.46,333559056
2020/3/10,5.45,5.6,5.62,5.45,287214560
2020/3/11,5.62,5.5,5.62,5.5,196637207
2020/3/12,5.45,5.37,5.5,5.36,256319489
2020/3/13,5.16,5.35,5.42,5.12,303345120
2020/3/16,5.37,5.25,5.5,5.25,260383878
2020/3/17,5.31,5.25,5.38,5.15,197494404
2020/3/18,5.28,5.15,5.35,5.15,196227016
2020/3/19,5.15,5.07,5.2,4.98,245923695
2020/3/20,5.11,5.22,5.25,5.11,196758082
2020/3/23,5.08,5.11,5.19,5.07,129137248
2020/3/24,5.2,5.17,5.23,5.08,177233535
2020/3/25,5.27,5.27,5.32,5.2,192585566
2020/3/26,5.23,5.19,5.24,5.17,110846209
2020/3/27,5.26,5.33,5.42,5.21,273511456
2020/3/30,5.28,5.36,5.38,5.27,166019837
2020/3/31,5.39,5.27,5.4,5.24,152334846
2020/4/1,5.24,5.21,5.33,5.2,103834032
2020/4/2,5.2,5.28,5.28,5.18,83688984
2020/4/3,5.26,5.24,5.28,5.22,75928156
2020/4/7,5.31,5.35,5.37,5.28,159832503
2020/4/8,5.32,5.31,5.35,5.29,95660517
2020/4/9,5.33,5.29,5.34,5.28,80753723
2020/4/10,5.3,5.25,5.32,5.24,92350176
2020/4/13,5.22,5.22,5.25,5.21,62385265
2020/4/14,5.22,5.28,5.28,5.21,101959064
2020/4/15,5.29,5.23,5.29,5.23,67701731
2020/4/16,5.22,5.2,5.25,5.2,70389890
2020/4/17,5.24,5.27,5.32,5.22,179325322
2020/4/20,5.3,5.25,5.34,5.23,155712428
2020/4/21,5.23,5.2,5.27,5.17,125636674
2020/4/22,5.18,5.2,5.2,5.15,86647813
2020/4/23,5.21,5.14,5.22,5.13,117419591
2020/4/24,5.14,5.11,5.15,5.09,90174919
2020/4/27,5.13,5.14,5.18,5.13,110634856
2020/4/28,5.13,5.15,5.17,5.04,162701316
2020/4/29,5.14,5.18,5.23,5.12,142890202
2020/4/30,5.18,5.24,5.25,5.18,157068931
2020/5/6,5.19,5.24,5.33,5.19,216087037
2020/5/7,5.21,5.18,5.23,5.17,145757919
2020/5/8,5.19,5.19,5.22,5.17,149558757
2020/5/11,5.21,5.23,5.27,5.2,196178257
2020/5/12,5.23,5.17,5.23,5.15,138748635
2020/5/13,5.15,5.17,5.17,5.14,102284832
2020/5/14,5.15,5.09,5.16,5.08,148055741
2020/5/15,5.11,5.1,5.13,5.09,83583335
2020/5/18,5.14,5.11,5.16,5.11,98571022
2020/5/19,5.16,5.12,5.16,5.11,117146895
2020/5/20,5.12,5.1,5.13,5.08,97243326
2020/5/21,5.12,5.05,5.12,5.05,95051316
2020/5/22,5.06,5.01,5.07,5.01,117334450
2020/5/25,5.03,5.01,5.03,5,80797898
2020/5/26,5.02,5.01,5.03,4.98,99483426
2020/5/27,5,5.01,5.03,4.98,94636744
2020/5/28,5,5.01,5.06,4.99,91993031
2020/5/29,5,5,5.01,4.97,102972058
2020/6/1,5,5.06,5.06,4.99,144466042
2020/6/2,5.05,5.12,5.14,5.04,161752288
2020/6/3,5.14,5.07,5.15,5.06,155713556
2020/6/4,5.09,5.04,5.09,5.03,95360743
2020/6/5,5.05,5.04,5.06,5.02,58001254
2020/6/8,5.05,5.06,5.1,5.04,110261449
2020/6/9,5.07,5.09,5.11,5.05,94905745
2020/6/10,5.08,5.04,5.09,5.03,88043523
2020/6/11,5.04,5.01,5.05,5,115698647
2020/6/12,4.98,5.01,5.02,4.96,118205274
2020/6/15,5,4.97,5.01,4.97,107756320
2020/6/16,5,5.03,5.05,4.99,121179735
2020/6/17,5.04,5.04,5.07,5.01,93213240
2020/6/18,5.05,5.08,5.12,5.03,171493802
2020/6/19,5.09,5.11,5.12,5.08,156916544
2020/6/22,5.08,5,5.09,5,311402224
2020/6/23,5.01,5,5.03,4.99,143608083
2020/6/24,4.85,4.84,4.88,4.82,147848653
2020/6/29,4.83,4.77,4.83,4.76,171740411
2020/6/30,4.79,4.77,4.8,4.76,132504464
2020/7/1,4.78,4.89,4.93,4.76,319618176
2020/7/2,4.87,4.98,5,4.86,376021008
2020/7/3,5.03,5.08,5.12,5.01,414207648
2020/7/6,5.2,5.48,5.5,5.18,901373200
2020/7/7,5.61,5.4,5.7,5.39,638196304
2020/7/8,5.38,5.46,5.49,5.34,471102512
2020/7/9,5.48,5.48,5.49,5.39,388020720
2020/7/10,5.45,5.27,5.48,5.26,381682048
2020/7/13,5.28,5.34,5.4,5.23,370181696
2020/7/14,5.33,5.28,5.41,5.25,308049488
2020/7/15,5.31,5.17,5.34,5.16,289247584
2020/7/16,5.18,5.05,5.24,5.04,348798736
2020/7/17,5.07,5.05,5.1,5.03,222159655
2020/7/20,5.07,5.22,5.24,5.06,283589680
2020/7/21,5.25,5.22,5.3,5.22,223539079
2020/7/22,5.22,5.18,5.28,5.15,206594504
2020/7/23,5.14,5.19,5.21,5.06,281254576
2020/7/24,5.16,5.06,5.2,5.05,225897903
2020/7/27,5.07,5.03,5.1,5.01,134543127
2020/7/28,5.05,5.03,5.07,5.01,144493363
2020/7/29,5.03,5.08,5.08,5,171758681
2020/7/30,5.08,5.04,5.11,5.04,120725793
2020/7/31,5.05,5.03,5.09,5,161131448
2020/8/3,5.04,5.08,5.08,5.03,184096235
2020/8/4,5.08,5.14,5.17,5.06,261761502
2020/8/5,5.12,5.07,5.13,5.05,166657708
2020/8/6,5.07,5.06,5.1,5.01,170629455
2020/8/7,5.06,5.11,5.12,5.03,253407168
2020/8/10,5.1,5.22,5.25,5.1,411930336
2020/8/11,5.22,5.14,5.25,5.12,250826675
2020/8/12,5.11,5.32,5.33,5.11,548569328
2020/8/13,5.33,5.29,5.35,5.25,194851478
2020/8/14,5.3,5.3,5.31,5.22,202213599
2020/8/17,5.33,5.35,5.38,5.27,299133552
2020/8/18,5.35,5.27,5.36,5.25,196164129
2020/8/19,5.27,5.23,5.29,5.21,224808178
2020/8/20,5.23,5.17,5.24,5.16,159832471
2020/8/21,5.2,5.18,5.21,5.16,105563496
2020/8/24,5.2,5.17,5.23,5.16,164673450
2020/8/25,5.19,5.15,5.19,5.14,103489201
2020/8/26,5.15,5.1,5.16,5.09,121741220
2020/8/27,5.1,5.1,5.12,5.06,103253083
2020/8/28,5.12,5.2,5.21,5.11,201510477
2020/8/31,5.22,5.14,5.25,5.13,193133203
2020/9/1,5.14,5.16,5.18,5.12,122114159
2020/9/2,5.16,5.1,5.17,5.08,209964972
2020/9/3,5.12,5.07,5.14,5.05,214277363
2020/9/4,5.05,5.05,5.07,5.03,158077661
2020/9/7,5.06,5.01,5.1,5.01,241967573
2020/9/8,5.03,5.11,5.12,5.01,192411381
2020/9/9,5.08,5.04,5.12,5.03,183429626
2020/9/10,5.07,5.03,5.11,5,208656000
2020/9/11,5.03,5.02,5.04,5,113191510
2020/9/14,5.04,5.03,5.04,5.01,97152035
2020/9/15,5.03,5.06,5.07,5.03,120449980
2020/9/16,5.06,5.08,5.1,5.03,116371864
2020/9/17,5.07,5.05,5.09,5.05,97527946
2020/9/18,5.1,5.24,5.24,5.1,596058784
2020/9/21,5.24,5.24,5.28,5.2,359625328
2020/9/22,5.22,5.18,5.25,5.16,217482065
2020/9/23,5.19,5.14,5.21,5.11,167202814
2020/9/24,5.12,5.07,5.12,5.06,162491828
2020/9/25,5.08,5.09,5.09,5.06,114961323
2020/9/28,5.08,5.08,5.1,5.06,107279060
2020/9/29,5.08,5.05,5.09,5.05,118408530
2020/9/30,5.06,5.08,5.1,5.04,150056223
2020/10/9,5.11,5.1,5.14,5.08,139792604
2020/10/12,5.1,5.15,5.17,5.08,317784736
2020/10/13,5.13,5.11,5.14,5.09,147540267
2020/10/14,5.11,5.11,5.13,5.08,165226529
2020/10/15,5.11,5.12,5.13,5.09,183879783
2020/10/16,5.11,5.12,5.14,5.1,168557840
2020/10/19,5.12,5.11,5.2,5.09,282001760
2020/10/20,5.1,5.07,5.1,5.05,181891176
2020/10/21,5.07,5.09,5.1,5.02,195316111
2020/10/22,5.07,5.05,5.09,5.04,116624440
2020/10/23,5.08,5.11,5.13,5.06,284560512
2020/10/26,5.29,5.22,5.36,5.18,722199040
2020/10/27,5.21,5.18,5.3,5.16,445627344
2020/10/28,5.17,5.15,5.18,5.11,370443920
2020/10/29,5.13,5.12,5.19,5.11,319503488
2020/10/30,5.12,5.11,5.18,5.1,405230400
2020/11/2,5.12,5.1,5.14,5.09,311844080
2020/11/3,5.11,5.16,5.17,5.1,447738032
2020/11/4,5.16,5.23,5.24,5.14,323490736
2020/11/5,5.24,5.27,5.27,5.21,321731840
2020/11/6,5.27,5.37,5.39,5.26,464654240
2020/11/9,5.4,5.31,5.45,5.27,533441616
2020/11/10,5.31,5.27,5.37,5.26,289972400
2020/11/11,5.25,5.37,5.43,5.24,417551168
2020/11/12,5.35,5.31,5.4,5.28,232935882
2020/11/13,5.29,5.25,5.29,5.22,238334956
2020/11/16,5.28,5.29,5.32,5.23,223481788
2020/11/17,5.29,5.32,5.35,5.27,252920368
2020/11/18,5.31,5.31,5.38,5.28,289959616
2020/11/19,5.3,5.31,5.36,5.29,199041954
2020/11/20,5.3,5.33,5.36,5.26,279885232
2020/11/23,5.33,5.42,5.44,5.32,371638896
2020/11/24,5.42,5.44,5.46,5.39,241394952
2020/11/25,5.46,5.37,5.53,5.37,363851456
2020/11/26,5.38,5.4,5.41,5.33,233471220
2020/11/27,5.4,5.5,5.5,5.38,287212784
2020/11/30,5.54,5.43,5.61,5.43,483821056
2020/12/1,5.44,5.51,5.52,5.41,254199386
2020/12/2,5.5,5.5,5.55,5.46,221438831
2020/12/3,5.5,5.38,5.5,5.37,321647648
2020/12/4,5.39,5.3,5.4,5.29,214674324
2020/12/7,5.3,5.21,5.3,5.2,291695872
2020/12/8,5.21,5.17,5.23,5.16,234703086
2020/12/9,5.18,5.15,5.2,5.14,153074123
2020/12/10,5.14,5.14,5.17,5.12,145691736
2020/12/11,5.14,5.1,5.15,5.09,208687851
2020/12/14,5.11,5.09,5.13,5.08,170999151
2020/12/15,5.08,5.08,5.09,5.05,213044880
2020/12/16,5.07,5.1,5.12,5.06,136540227
2020/12/17,5.1,5.12,5.13,5.05,127223168
2020/12/18,5.11,5.14,5.2,5.09,180607782
2020/12/21,5.11,5.07,5.12,5.06,222646983
2020/12/22,5.07,5.02,5.08,5,262296119
2020/12/23,5.02,5,5.04,4.99,181010766
2020/12/24,5,4.97,5.03,4.96,148169763
2020/12/25,4.98,5,5.01,4.94,160659199
2020/12/28,5,4.95,5,4.9,183114598
2020/12/29,4.96,4.95,4.98,4.94,106505693
2020/12/30,4.95,4.94,4.97,4.92,145109047
2020/12/31,4.94,4.97,4.98,4.93,211125607
2021/1/4,4.94,4.91,4.95,4.89,299413056
2021/1/5,4.9,4.88,4.94,4.82,346162048
2021/1/6,4.86,4.95,5,4.85,405250112
2021/1/7,4.96,4.92,5.02,4.87,300355648
2021/1/8,4.93,4.96,4.98,4.89,270632672
2021/1/11,4.94,4.87,4.95,4.85,309543152
2021/1/12,4.88,4.94,4.96,4.85,244672778
2021/1/13,4.92,5.09,5.15,4.89,604513408
2021/1/14,5.06,5.14,5.29,5.03,622399440
2021/1/15,5.13,5.03,5.13,5.02,349644576
2021/1/18,5.01,5.04,5.06,5,219677531
2021/1/19,5.04,5.06,5.11,5.01,251390668
2021/1/20,5.06,5.04,5.1,5.02,216187658
2021/1/21,5.04,5.02,5.05,5.01,191536620
2021/1/22,5.02,4.94,5.03,4.93,203359036
2021/1/25,4.93,4.9,4.94,4.89,189809799
2021/1/26,4.91,4.88,4.95,4.88,139179618
2021/1/27,4.88,4.89,4.94,4.88,123308671
2021/1/28,4.88,4.83,4.88,4.83,161405265
2021/1/29,4.84,4.81,4.86,4.79,141198914
2021/2/1,4.81,4.83,4.84,4.79,101473889
2021/2/2,4.82,4.82,4.86,4.8,124497157
2021/2/3,4.81,4.77,4.82,4.76,153083211
2021/2/4,4.76,4.69,4.76,4.68,183122831
2021/2/5,4.69,4.74,4.75,4.69,121964056
2021/2/8,4.73,4.77,4.79,4.73,95588190
2021/2/9,4.78,4.8,4.82,4.76,117564281
2021/2/10,4.81,4.8,4.83,4.79,113828274
2021/2/18,4.86,4.85,4.87,4.83,178970891
2021/2/19,4.85,4.98,5,4.84,287664416
2021/2/22,5,5,5.09,4.96,356999520
2021/2/23,5,4.95,5.05,4.94,204520166
2021/2/24,4.93,4.94,4.98,4.91,163188517
2021/2/25,4.96,5.13,5.18,4.95,540488256
2021/2/26,5.05,5.05,5.12,5.03,286748384
2021/3/1,5.07,5.06,5.09,5.02,190416158
2021/3/2,5.06,4.99,5.09,4.96,244037505
2021/3/3,4.96,5.02,5.04,4.96,156078625
2021/3/4,4.98,5.03,5.05,4.97,179781826
2021/3/5,5.01,5.03,5.05,4.98,166634977
2021/3/8,5.03,4.99,5.05,4.98,190945072
2021/3/9,5,5.01,5.03,4.92,279522384
2021/3/10,5.01,4.95,5.02,4.95,169519537
2021/3/11,4.96,4.99,5.01,4.95,155828520
2021/3/12,5.02,5.12,5.2,4.99,543474224
2021/3/15,5.1,5.18,5.28,5.1,466856880
2021/3/16,5.16,5.19,5.22,5.14,264017057
2021/3/17,5.19,5.16,5.21,5.13,208514968
2021/3/18,5.15,5.16,5.2,5.14,182042707
2021/3/19,5.15,5.05,5.18,5.05,290582784
2021/3/22,5.06,5.21,5.21,5.05,287929312
2021/3/23,5.22,5.15,5.24,5.1,254629080
2021/3/24,5.14,5.15,5.18,5.12,173119537
2021/3/25,5.14,5.17,5.23,5.12,217706549
2021/3/26,5.19,5.14,5.2,5.13,163441346
2021/3/29,5.13,5.16,5.18,5.11,192862933
2021/3/30,5.16,5.11,5.17,5.1,157323009
2021/3/31,5.12,5.19,5.2,5.09,227820356
2021/4/1,5.22,5.22,5.27,5.18,241560773
2021/4/2,5.23,5.2,5.24,5.17,123106621
2021/4/6,5.2,5.17,5.22,5.15,100273254
2021/4/7,5.16,5.2,5.22,5.15,134368498
2021/4/8,5.18,5.14,5.21,5.13,145901850
2021/4/9,5.15,5.14,5.17,5.11,122144012
2021/4/12,5.13,5.21,5.24,5.13,233311978
2021/4/13,5.23,5.18,5.24,5.15,159003196
2021/4/14,5.18,5.2,5.2,5.15,108058028
2021/4/15,5.2,5.19,5.2,5.16,86251268
2021/4/16,5.19,5.22,5.24,5.18,141189336
2021/4/19,5.25,5.25,5.33,5.24,264804957
2021/4/20,5.26,5.24,5.29,5.23,114958731
2021/4/21,5.23,5.17,5.24,5.17,126486613
2021/4/22,5.17,5.14,5.19,5.12,117663948
2021/4/23,5.14,5.09,5.14,5.08,139172767
2021/4/26,5.1,5.02,5.11,5.01,191566937
2021/4/27,5.01,4.98,5.02,4.97,142051088
2021/4/28,4.98,4.97,4.99,4.94,150419034
2021/4/29,4.96,5,5.03,4.95,153785911
2021/4/30,5.06,4.94,5.07,4.93,222562038
2021/5/6,4.95,4.97,5,4.93,173618677
2021/5/7,4.96,4.99,5.02,4.95,147041341
2021/5/10,4.99,5,5.02,4.98,116367521
2021/5/11,5,5.02,5.03,4.96,121447603
2021/5/12,5,5.03,5.04,4.97,102002658
2021/5/13,5.01,5,5.04,4.98,109925621
2021/5/14,5.02,5.02,5.02,4.97,136010161
2021/5/17,5.01,5,5.03,4.98,139271480
2021/5/18,5,4.99,5,4.97,99892644
2021/5/19,4.99,4.94,4.99,4.93,161281034
2021/5/20,4.93,4.95,4.95,4.9,144535281
2021/5/21,4.95,4.92,4.96,4.92,102159435
2021/5/24,4.93,4.86,4.93,4.85,245956048
2021/5/25,4.87,4.97,4.97,4.85,290862688
2021/5/26,4.96,4.97,4.98,4.94,151740817
2021/5/27,4.97,4.96,4.98,4.94,101294871
2021/5/28,4.97,4.9,4.97,4.89,174111747
2021/5/31,4.9,4.89,4.91,4.88,96349340
2021/6/1,4.9,4.91,4.92,4.89,106447920
2021/6/2,4.91,4.9,4.92,4.88,87952952
2021/6/3,4.9,4.88,4.91,4.88,94203019
2021/6/4,4.88,4.89,4.92,4.86,104610177
2021/6/7,4.89,4.87,4.89,4.85,107607601
2021/6/8,4.87,4.86,4.88,4.85,96460495
2021/6/9,4.87,4.89,4.91,4.86,106699677
2021/6/10,4.89,4.86,4.89,4.85,138810362
2021/6/11,4.86,4.92,4.92,4.85,219064376
2021/6/15,4.9,4.86,4.92,4.85,140410040
2021/6/16,4.86,4.88,4.93,4.85,127456970
2021/6/17,4.88,4.83,4.89,4.83,147168842
2021/6/18,4.83,4.83,4.84,4.8,130106499
2021/6/21,4.82,4.81,4.84,4.8,119131259
2021/6/22,4.82,4.79,4.84,4.78,125708696
2021/6/23,4.8,4.81,4.82,4.79,102778554
2021/6/24,4.81,4.87,4.9,4.8,209252505
2021/6/25,4.87,4.92,4.94,4.86,142235934
2021/6/28,4.92,4.91,4.93,4.88,91362038
2021/6/29,4.91,4.89,4.92,4.87,97976147
2021/6/30,4.71,4.65,4.71,4.62,173907066
2021/7/1,4.65,4.67,4.71,4.63,126662166
2021/7/2,4.66,4.63,4.69,4.62,99084286
2021/7/5,4.63,4.6,4.64,4.58,119021158
2021/7/6,4.6,4.66,4.67,4.59,115255421
2021/7/7,4.65,4.66,4.68,4.61,97621788
2021/7/8,4.65,4.6,4.66,4.58,111821927
2021/7/9,4.6,4.6,4.63,4.58,74254910
2021/7/12,4.61,4.58,4.63,4.57,128058949
2021/7/13,4.62,4.69,4.77,4.61,328842736
2021/7/14,4.69,4.67,4.71,4.64,199648733
2021/7/15,4.66,4.7,4.71,4.64,134856968
2021/7/16,4.69,4.67,4.7,4.66,91344594
2021/7/19,4.66,4.67,4.67,4.6,135851764
2021/7/20,4.65,4.65,4.68,4.61,118279438
2021/7/21,4.65,4.6,4.66,4.59,158371919
2021/7/22,4.6,4.63,4.65,4.59,115174507
2021/7/23,4.63,4.68,4.71,4.62,194897232
2021/7/26,4.67,4.58,4.69,4.57,209467063
2021/7/27,4.58,4.52,4.6,4.48,255272649
2021/7/28,4.5,4.49,4.52,4.46,184253342
2021/7/29,4.5,4.43,4.52,4.42,182553540
2021/7/30,4.41,4.46,4.49,4.38,144996683
2021/8/2,4.45,4.53,4.56,4.39,208304193
2021/8/3,4.51,4.6,4.6,4.5,216283505
2021/8/4,4.58,4.55,4.58,4.53,130589740
2021/8/5,4.53,4.59,4.62,4.53,169645081
2021/8/6,4.58,4.55,4.58,4.53,104286701
2021/8/9,4.54,4.65,4.68,4.52,220239811
2021/8/10,4.63,4.65,4.65,4.6,119670052
2021/8/11,4.65,4.71,4.82,4.65,360313248
2021/8/12,4.69,4.69,4.71,4.67,106599777
2021/8/13,4.68,4.63,4.69,4.61,122495137
2021/8/16,4.62,4.7,4.75,4.61,164548416
2021/8/17,4.7,4.65,4.78,4.61,284552784
2021/8/18,4.65,4.76,4.76,4.63,278905056
2021/8/19,4.78,4.7,4.78,4.68,191527544
2021/8/20,4.71,4.67,4.72,4.63,139725155
2021/8/23,4.68,4.63,4.69,4.63,125342935
2021/8/24,4.63,4.61,4.65,4.59,135792061
2021/8/25,4.62,4.64,4.66,4.58,160803207
2021/8/26,4.63,4.63,4.66,4.61,145801105
2021/8/27,4.63,4.73,4.74,4.62,262408012
2021/8/30,4.75,4.69,4.77,4.68,206480580
2021/8/31,4.69,4.8,4.8,4.69,307580800
2021/9/1,4.83,5.12,5.18,4.82,1045357184
2021/9/2,5.1,5.19,5.24,5.06,793355904
2021/9/3,5.16,5.07,5.23,5.06,487596784
2021/9/6,5.09,5.15,5.27,5.09,542982128
2021/9/7,5.14,5.2,5.23,5.11,407283536
2021/9/8,5.2,5.23,5.28,5.17,356443376
2021/9/9,5.24,5.35,5.45,5.18,587357872
2021/9/10,5.4,5.26,5.48,5.25,601426064
2021/9/13,5.25,5.29,5.38,5.22,394389984
2021/9/14,5.27,5.09,5.33,5.08,467600256
2021/9/15,5.08,5.05,5.12,5.03,292070320
2021/9/16,5.07,4.95,5.1,4.95,329221968
2021/9/17,4.95,4.92,4.97,4.85,299663472
2021/9/22,4.85,4.97,5.01,4.84,303662160
2021/9/23,5,5.05,5.12,4.99,299516080
2021/9/24,5.04,4.92,5.09,4.91,235879869
2021/9/27,4.93,4.84,4.95,4.81,235265976
2021/9/28,4.85,4.87,4.92,4.83,229083307
2021/9/29,4.85,4.82,4.88,4.79,207123402
2021/9/30,4.82,4.8,4.84,4.76,193766007
2021/10/8,4.87,4.85,4.91,4.81,205538591
2021/10/11,4.85,4.83,4.87,4.8,149783485
2021/10/12,4.82,4.77,4.83,4.74,206501165
2021/10/13,4.76,4.72,4.78,4.71,174251594
2021/10/14,4.73,4.72,4.74,4.68,114904952
2021/10/15,4.72,4.66,4.73,4.64,243401052
2021/10/18,4.65,4.71,4.73,4.65,151006498
2021/10/19,4.7,4.71,4.73,4.67,97548531
2021/10/20,4.72,4.67,4.72,4.65,120292003
2021/10/21,4.67,4.73,4.75,4.66,138847479
2021/10/22,4.74,4.73,4.79,4.72,159878031
2021/10/25,4.67,4.69,4.71,4.66,138416300
2021/10/26,4.68,4.66,4.72,4.66,128879100
2021/10/27,4.68,4.62,4.69,4.6,156033438
2021/10/28,4.61,4.61,4.63,4.58,113284912
2021/10/29,4.61,4.66,4.67,4.6,129600678
2021/11/1,4.66,4.77,4.77,4.65,238982334
2021/11/2,4.75,4.67,4.76,4.65,174690182
2021/11/3,4.66,4.7,4.72,4.65,93389401
2021/11/4,4.7,4.66,4.72,4.66,110348014
2021/11/5,4.66,4.6,4.67,4.59,159922298
2021/11/8,4.61,4.58,4.63,4.58,102777074
2021/11/9,4.59,4.57,4.6,4.56,97222753
2021/11/10,4.57,4.64,4.65,4.52,154744195
2021/11/11,4.63,4.88,4.9,4.61,434211712
2021/11/12,4.84,4.81,4.89,4.81,182563243
2021/11/15,4.8,4.76,4.83,4.73,113041527
2021/11/16,4.77,4.71,4.79,4.69,116853284
2021/11/17,4.71,4.7,4.74,4.7,74612282
2021/11/18,4.71,4.67,4.72,4.66,83609039
2021/11/19,4.67,4.75,4.76,4.65,163260992
2021/11/22,4.73,4.68,4.74,4.67,125041277
2021/11/23,4.67,4.69,4.73,4.66,90846070
2021/11/24,4.69,4.7,4.72,4.67,68025155
2021/11/25,4.7,4.71,4.72,4.69,63093736
2021/11/26,4.7,4.67,4.71,4.67,63266996
2021/11/29,4.65,4.64,4.68,4.63,87146138
2021/11/30,4.63,4.64,4.68,4.63,94359280
2021/12/1,4.64,4.69,4.7,4.63,90529916
2021/12/2,4.68,4.75,4.77,4.66,164536656
2021/12/3,4.77,4.78,4.8,4.73,150420667
2021/12/6,4.79,4.8,4.89,4.77,205263623
2021/12/7,4.86,4.9,4.95,4.84,307073008
2021/12/8,4.89,4.84,4.9,4.83,202825187
2021/12/9,4.85,4.88,4.91,4.83,179970398
2021/12/10,4.86,4.86,4.91,4.85,149622180
2021/12/13,4.93,4.91,5,4.9,247245896
2021/12/14,4.9,4.81,4.95,4.79,192934792
2021/12/15,4.81,4.89,4.95,4.79,230961870
2021/12/16,4.9,4.95,4.97,4.9,164421679
2021/12/17,4.97,4.95,5.01,4.93,186740410
2021/12/20,4.92,4.99,5.01,4.91,212965950
2021/12/21,4.99,5.02,5.06,4.97,179919135
2021/12/22,5.03,4.95,5.04,4.93,152702221
2021/12/23,4.94,4.96,4.98,4.93,107997438
2021/12/24,4.96,4.96,4.98,4.92,122949032
2021/12/27,4.94,5.01,5.02,4.93,137756031
2021/12/28,5.02,4.99,5.02,4.93,156797453
2021/12/29,4.99,4.94,5.01,4.94,104056425
2021/12/30,4.96,4.94,4.97,4.93,85823755
2021/12/31,4.95,5,5.02,4.91,180833903
2022/1/4,4.99,5.03,5.05,4.96,158400472
2022/1/5,5.03,5.02,5.08,5.01,151503154
2022/1/6,5.02,5.13,5.15,5.01,294554272
2022/1/7,5.12,5.24,5.28,5.11,416666512
2022/1/10,5.32,5.37,5.4,5.25,411344864
2022/1/11,5.37,5.38,5.44,5.32,415603776
2022/1/12,5.34,5.26,5.35,5.17,355942144
2022/1/13,5.25,5.2,5.37,5.18,286420096
2022/1/14,5.2,5.02,5.22,5,360635616
2022/1/17,5.01,4.99,5.04,4.96,179624141
2022/1/18,4.98,5.28,5.32,4.98,451673440
2022/1/19,5.27,5.37,5.44,5.26,453317488
2022/1/20,5.35,5.4,5.45,5.34,455575760
2022/1/21,5.4,5.33,5.42,5.3,218471316
2022/1/24,5.35,5.41,5.52,5.32,382041456
2022/1/25,5.38,5.3,5.4,5.3,231554311
2022/1/26,5.3,5.38,5.38,5.26,158263636
2022/1/27,5.38,5.37,5.44,5.3,229377484
2022/1/28,5.36,5.2,5.38,5.2,282420848
2022/2/7,5.27,5.48,5.49,5.27,366055616
2022/2/8,5.5,5.49,5.51,5.4,310269024
2022/2/9,5.52,5.41,5.53,5.38,313087584
2022/2/10,5.39,5.46,5.51,5.35,288548240
2022/2/11,5.45,5.6,5.77,5.44,535819024
2022/2/14,5.6,5.35,5.63,5.32,461125008
2022/2/15,5.35,5.31,5.38,5.26,261214423
2022/2/16,5.33,5.41,5.46,5.33,266275956
2022/2/17,5.41,5.36,5.43,5.32,178205343
2022/2/18,5.32,5.5,5.51,5.3,273273632
2022/2/21,5.45,5.46,5.5,5.36,261186339
2022/2/22,5.39,5.39,5.43,5.34,243790139
2022/2/23,5.41,5.3,5.42,5.3,257707659
2022/2/24,5.29,5.15,5.3,5.1,326056912
2022/2/25,5.21,5.07,5.23,5.04,298404576
2022/2/28,5.06,5.09,5.09,5.03,142322931
2022/3/1,5.08,5.16,5.2,5.08,189075979
2022/3/2,5.14,5.2,5.25,5.13,202818918
2022/3/3,5.25,5.49,5.5,5.22,600630784
2022/3/4,5.46,5.45,5.49,5.38,262228445
2022/3/7,5.44,5.47,5.57,5.41,370485648
2022/3/8,5.44,5.37,5.52,5.33,333021152
2022/3/9,5.4,5.35,5.49,5.13,342156720
2022/3/10,5.43,5.28,5.45,5.27,253441687
2022/3/11,5.2,5.19,5.21,5.04,327889488
2022/3/14,5.13,5.15,5.32,5.1,220056545
2022/3/15,5.11,4.75,5.14,4.75,504265104
2022/3/16,4.81,4.87,4.87,4.67,374512256
2022/3/17,4.93,4.93,5,4.89,279440624
2022/3/18,4.9,4.98,5.07,4.89,392579120
2022/3/21,5.03,4.93,5.03,4.9,229664348
2022/3/22,4.94,5.06,5.09,4.9,284024704
2022/3/23,5.1,5.26,5.34,5.06,476802976
2022/3/24,5.21,5.27,5.38,5.2,265663485
2022/3/25,5.25,5.26,5.32,5.16,285302208
2022/3/28,5.22,5.34,5.39,5.2,300644656
2022/3/29,5.34,5.3,5.35,5.24,215127728
2022/3/30,5.32,5.44,5.48,5.27,360919536
2022/3/31,5.45,5.44,5.55,5.42,342267712
2022/4/1,5.4,5.51,5.54,5.39,339023760
2022/4/6,5.56,5.97,6.03,5.54,945506688
2022/4/7,5.96,5.9,6.05,5.83,548849360
2022/4/8,5.98,6.12,6.22,5.91,732791024
2022/4/11,6.11,6.07,6.23,6,555509776
2022/4/12,6.01,5.93,6.11,5.91,437022192
2022/4/13,5.93,5.93,6.08,5.84,343943536
2022/4/14,5.95,6.01,6.1,5.85,324171632
2022/4/15,6.01,6.04,6.24,5.98,383325024
2022/4/18,6.05,5.94,6.23,5.9,414107184
2022/4/19,5.93,6.09,6.1,5.87,333847184
2022/4/20,6.11,5.86,6.11,5.8,415845136
2022/4/21,5.8,5.78,5.92,5.74,254595781
2022/4/22,5.74,5.89,5.95,5.72,283638624
2022/4/25,5.8,5.67,5.97,5.67,351801328
2022/4/26,5.65,5.85,5.98,5.65,414709696
2022/4/27,6,5.93,6.08,5.74,515451248
2022/4/28,5.88,6.18,6.19,5.86,514801296
2022/4/29,6.16,6.28,6.3,6.02,522392224
2022/5/5,6.29,6.19,6.4,6.15,395022576
2022/5/6,6.05,5.97,6.09,5.87,311291744
2022/5/9,5.96,5.91,6.05,5.83,223413246
2022/5/10,5.86,6.04,6.06,5.77,340544640
2022/5/11,6.03,5.85,6.04,5.83,396487616
2022/5/12,5.82,5.77,5.89,5.7,259942533
2022/5/13,5.78,5.87,5.9,5.74,255452666
2022/5/16,5.95,5.98,6.01,5.81,277534720
2022/5/17,5.95,5.88,5.98,5.84,211060768
2022/5/18,5.86,5.8,5.87,5.73,191453067
2022/5/19,5.73,5.89,5.92,5.71,211074665
2022/5/20,5.88,5.91,5.96,5.83,231934795
2022/5/23,5.88,5.72,5.9,5.71,288759808
2022/5/24,5.73,5.6,5.74,5.57,258577996
2022/5/25,5.63,5.65,5.66,5.6,189278880
2022/5/26,5.67,5.69,5.76,5.66,216771958
2022/5/27,5.71,5.64,5.73,5.59,259744991
2022/5/30,5.65,5.52,5.7,5.48,283022352
2022/5/31,5.51,5.51,5.55,5.45,272305248
2022/6/1,5.5,5.52,5.54,5.45,219105048
2022/6/2,5.52,5.45,5.55,5.42,207487626
2022/6/6,5.45,5.31,5.45,5.27,510226752
2022/6/7,5.28,5.38,5.43,5.27,429356144
2022/6/8,5.41,5.36,5.42,5.31,228643180
2022/6/9,5.36,5.46,5.49,5.34,342646624
2022/6/10,5.43,5.48,5.49,5.37,306519696
2022/6/13,5.49,5.32,5.49,5.27,332341056
2022/6/14,5.26,5.38,5.38,5.25,217801570
2022/6/15,5.37,5.53,5.61,5.33,452873744
2022/6/16,5.56,5.45,5.6,5.44,229130130
2022/6/17,5.41,5.43,5.46,5.38,170297888
2022/6/20,5.44,5.48,5.51,5.41,240280213
2022/6/21,5.49,5.54,5.63,5.46,292651424
2022/6/22,5.54,5.43,5.55,5.42,182276616
2022/6/23,5.45,5.52,5.52,5.41,207461170
2022/6/24,5.53,5.43,5.54,5.38,243392137
2022/6/27,5.43,5.42,5.47,5.4,233388258
2022/6/28,5.42,5.41,5.46,5.37,261704761
2022/6/29,5.41,5.53,5.59,5.39,428706800
2022/6/30,5.3,5.32,5.37,5.26,235205921
2022/7/1,5.36,5.47,5.55,5.36,303179536
2022/7/4,5.45,5.41,5.47,5.37,189419122
2022/7/5,5.43,5.43,5.47,5.38,175746814
2022/7/6,5.41,5.35,5.41,5.29,202208693
2022/7/7,5.32,5.31,5.35,5.3,136103379
2022/7/8,5.34,5.39,5.43,5.31,160080327
2022/7/11,5.38,5.45,5.49,5.36,185746964
2022/7/12,5.46,5.57,5.63,5.45,274143003
2022/7/13,5.62,5.56,5.75,5.55,342763127
2022/7/14,5.61,5.44,5.61,5.39,269238956
2022/7/15,5.46,5.28,5.5,5.28,306672015
2022/7/18,5.3,5.35,5.38,5.28,146179323
2022/7/19,5.36,5.36,5.39,5.3,129288968
2022/7/20,5.39,5.33,5.39,5.31,117206239
2022/7/21,5.32,5.15,5.32,5.14,315660618
2022/7/22,5.16,5.11,5.19,5.07,191333054
2022/7/25,5.11,5.13,5.18,5.07,132995223
2022/7/26,5.13,5.24,5.27,5.11,176268291
2022/7/27,5.24,5.14,5.24,5.12,153295301
2022/7/28,5.16,5.12,5.17,5.1,162523368
2022/7/29,5.12,5.04,5.14,5.03,197535423
2022/8/1,5.03,5.01,5.04,4.98,163705844
2022/8/2,4.99,4.92,5,4.85,230287609
2022/8/3,4.95,4.84,4.96,4.84,143884381
2022/8/4,4.86,4.86,4.88,4.82,112045911
2022/8/5,4.87,4.91,4.92,4.83,118242169
2022/8/8,4.9,4.89,4.96,4.87,116423383
2022/8/9,4.89,4.85,4.89,4.84,111680483
2022/8/10,4.85,4.82,4.85,4.8,109039273
2022/8/11,4.83,4.88,4.9,4.83,131247888
2022/8/12,4.88,4.92,4.93,4.86,104849652
2022/8/15,4.91,4.88,4.96,4.87,134846237
2022/8/16,4.89,4.92,4.95,4.88,114655175
2022/8/17,4.92,4.98,4.98,4.89,151500294
2022/8/18,4.98,4.91,4.98,4.9,102830914
2022/8/19,4.9,4.95,4.99,4.9,131645260
2022/8/22,4.95,5.02,5.03,4.94,152710345
2022/8/23,5,4.98,5.01,4.93,97565454
2022/8/24,4.98,4.92,5.02,4.91,127984895
2022/8/25,4.94,5.02,5.03,4.93,166618692
2022/8/26,5.03,5.01,5.03,4.96,113863175
2022/8/29,4.96,5.04,5.05,4.93,142555140
2022/8/30,5.04,5.07,5.12,5.02,149291375
2022/8/31,5.08,5.14,5.15,5.05,228282711
2022/9/1,5.11,5.15,5.2,5.09,187067784
2022/9/2,5.15,5.11,5.16,5.06,162118844
2022/9/5,5.1,5.17,5.17,5.08,138243397
2022/9/6,5.17,5.24,5.25,5.16,224660516
2022/9/7,5.22,5.23,5.25,5.18,114529329
2022/9/8,5.24,5.23,5.26,5.17,116052381
2022/9/9,5.24,5.36,5.38,5.22,260517716
2022/9/13,5.34,5.32,5.41,5.3,183629137
2022/9/14,5.28,5.26,5.32,5.24,154131506
2022/9/15,5.28,5.37,5.41,5.27,284683224
2022/9/16,5.35,5.15,5.39,5.15,254287155
2022/9/19,5.17,5.24,5.28,5.12,165145590
2022/9/20,5.26,5.11,5.26,5.08,209570681
2022/9/21,5.1,5.15,5.18,5.08,151437250
2022/9/22,5.13,5.12,5.15,5.05,143810763
2022/9/23,5.11,5.22,5.29,5.11,195229803
2022/9/26,5.21,5.15,5.26,5.13,177500299
2022/9/27,5.12,5.15,5.17,5.07,130694003
2022/9/28,5.13,5.1,5.18,5.1,109945969
2022/9/29,5.13,5.01,5.14,4.98,158373305
2022/9/30,5.03,5.15,5.19,5.03,218691338
2022/10/10,5.16,5.22,5.29,5.13,215456693
2022/10/11,5.23,5.13,5.26,5.12,125720176
2022/10/12,5.13,5.25,5.27,5.11,149549647
2022/10/13,5.23,5.15,5.26,5.12,154019537
2022/10/14,5.17,5.22,5.35,5.17,198292732
2022/10/17,5.22,5.2,5.23,5.12,139771336
2022/10/18,5.21,5.18,5.25,5.16,109553182
2022/10/19,5.19,5.13,5.23,5.12,132014313
2022/10/20,5.12,5.1,5.15,5.08,124938900
2022/10/21,5.12,5.16,5.23,5.11,186049290
2022/10/24,5.15,4.99,5.16,4.98,255437295
2022/10/25,5.01,5,5.05,4.99,144177230
2022/10/26,5,4.89,5.04,4.83,275970806
2022/10/27,4.89,4.92,4.96,4.88,152639310
2022/10/28,4.91,4.9,4.97,4.86,179664937
2022/10/31,4.91,4.75,4.95,4.72,275396708
2022/11/1,4.77,4.83,4.84,4.73,220665631
2022/11/2,4.81,4.8,4.82,4.77,239851604
2022/11/3,4.78,4.74,4.79,4.68,198889287
2022/11/4,4.74,4.82,4.84,4.73,190873618
2022/11/7,4.8,4.88,4.9,4.8,155898579
2022/11/8,4.87,4.89,4.92,4.86,107233850
2022/11/9,4.9,4.91,4.99,4.9,116441464
2022/11/10,4.89,4.93,4.96,4.84,123688517
2022/11/11,4.99,5.18,5.23,4.98,408426064
2022/11/14,5.28,5.29,5.38,5.25,434126024
2022/11/15,5.29,5.32,5.34,5.25,194083035
2022/11/16,5.31,5.26,5.32,5.22,157711205
2022/11/17,5.27,5.27,5.3,5.22,138547579
2022/11/18,5.28,5.23,5.31,5.2,143703517
2022/11/21,5.19,5.17,5.21,5.11,108604762
2022/11/22,5.2,5.46,5.58,5.16,532245804
2022/11/23,5.44,5.52,5.78,5.4,619973208
2022/11/24,5.53,5.42,5.57,5.36,265056650
2022/11/25,5.43,5.74,5.78,5.42,569927471
2022/11/28,5.61,5.64,5.76,5.58,379536105
2022/11/29,5.78,5.88,5.98,5.75,626453883
2022/11/30,5.85,5.88,5.93,5.79,309704222
2022/12/1,5.89,5.74,5.92,5.7,396136492
2022/12/2,5.74,5.68,5.76,5.53,319067612
2022/12/5,5.82,6.11,6.17,5.73,649013197
2022/12/6,6.02,5.97,6.14,5.93,327477555
2022/12/7,5.94,5.88,6.01,5.82,281822549
2022/12/8,5.87,5.9,5.99,5.84,185782348
2022/12/9,5.98,5.94,5.99,5.81,258677146
2022/12/12,5.9,5.77,5.95,5.74,251397323
2022/12/13,5.75,5.77,5.84,5.71,165077525
2022/12/14,5.77,5.71,5.79,5.68,185485193
2022/12/15,5.7,5.61,5.72,5.58,214266802
2022/12/16,5.62,5.69,5.76,5.61,184631724
2022/12/19,5.67,5.53,5.74,5.51,187097917
2022/12/20,5.54,5.49,5.6,5.46,141349419
2022/12/21,5.5,5.46,5.5,5.43,99088040
2022/12/22,5.5,5.43,5.56,5.38,227726252
2022/12/23,5.42,5.42,5.45,5.37,99512926
2022/12/26,5.42,5.37,5.43,5.3,175474705
2022/12/27,5.42,5.41,5.5,5.4,154124027
2022/12/28,5.4,5.39,5.44,5.36,121464404
2022/12/29,5.4,5.32,5.4,5.29,169470314
2022/12/30,5.34,5.43,5.46,5.32,178223892
2023/1/3,5.44,5.49,5.52,5.37,184636684
2023/1/4,5.49,5.6,5.65,5.45,219935350
2023/1/5,5.62,5.59,5.63,5.54,198902085
2023/1/6,5.59,5.52,5.62,5.51,162716059
2023/1/9,5.54,5.53,5.56,5.47,149959165
2023/1/10,5.51,5.43,5.52,5.41,135921248
2023/1/11,5.43,5.43,5.5,5.42,174121052
2023/1/12,5.42,5.39,5.44,5.35,123246335
2023/1/13,5.4,5.45,5.46,5.38,139742679
2023/1/16,5.44,5.46,5.5,5.36,227455010
2023/1/17,5.44,5.39,5.46,5.36,155643752
2023/1/18,5.39,5.37,5.44,5.36,119252710
2023/1/19,5.35,5.39,5.39,5.31,180545056
2023/1/20,5.38,5.57,5.57,5.36,310349679
2023/1/30,5.6,5.5,5.62,5.48,258219684
2023/1/31,5.51,5.54,5.56,5.48,171842219
2023/2/1,5.55,5.57,5.58,5.48,205565170
2023/2/2,5.58,5.53,5.58,5.49,188083799
2023/2/3,5.5,5.41,5.51,5.39,196902259
2023/2/6,5.37,5.4,5.44,5.34,176796796
2023/2/7,5.4,5.5,5.52,5.38,220741825
2023/2/8,5.51,5.41,5.51,5.39,145794879
2023/2/9,5.39,5.44,5.46,5.38,120336655
2023/2/10,5.43,5.43,5.46,5.4,135147666
2023/2/13,5.41,5.46,5.49,5.36,221420457
2023/2/14,5.46,5.49,5.52,5.44,148735903
2023/2/15,5.48,5.39,5.49,5.38,174707883
2023/2/16,5.41,5.44,5.57,5.41,368166889
2023/2/17,5.44,5.37,5.46,5.36,228101784
2023/2/20,5.38,5.69,5.72,5.37,567819605
2023/2/21,5.68,5.77,5.78,5.68,316438797
2023/2/22,5.72,5.72,5.79,5.71,193860579
2023/2/23,5.72,5.7,5.74,5.66,151058264
2023/2/24,5.69,5.62,5.72,5.58,213877904
2023/2/27,5.59,5.6,5.65,5.57,132268483
2023/2/28,5.61,5.62,5.64,5.52,242579880
2023/3/1,5.62,5.75,5.78,5.58,303614618
2023/3/2,5.74,5.89,5.95,5.72,472025104
2023/3/3,5.9,6.11,6.16,5.88,618680486
2023/3/6,6.21,6.04,6.26,6.01,445351114
2023/3/7,6.06,6.03,6.28,6.02,553450908
2023/3/8,5.99,6.01,6.05,5.94,224343143
2023/3/9,6.02,5.92,6.03,5.89,247197804
2023/3/10,5.89,5.84,5.96,5.83,241088816
2023/3/13,5.95,6.11,6.12,5.93,400183124
2023/3/14,6.07,5.99,6.16,5.97,321729332
2023/3/15,6.02,6.18,6.25,5.92,464902151
2023/3/16,6.11,6.08,6.2,6.05,311032309
2023/3/17,6.1,6.23,6.32,6.06,531664207
2023/3/20,6.27,6.12,6.54,6.11,603860205
2023/3/21,6.13,6.04,6.2,6,332624973
2023/3/22,6.03,6.09,6.22,6,286206606
2023/3/23,6.06,6.18,6.2,6.02,265355626
2023/3/24,6.16,5.92,6.16,5.9,501317635
2023/3/27,5.91,5.87,5.96,5.82,291512737
2023/3/28,5.9,5.86,5.97,5.83,201583373
2023/3/29,5.89,5.73,5.89,5.72,277422508
2023/3/30,5.74,5.85,5.86,5.72,234863159
2023/3/31,5.83,5.8,5.87,5.77,189089429
2023/4/3,5.79,5.85,5.92,5.73,257339722
2023/4/4,5.85,6.16,6.18,5.82,569669950
2023/4/6,6.14,6.11,6.19,6.05,228097953
2023/4/7,6.13,6.12,6.18,6.07,183882127
2023/4/10,6.11,6.17,6.24,6.08,248780177
2023/4/11,6.16,6.22,6.24,6.05,300297910
2023/4/12,6.22,6.41,6.42,6.17,403578477
2023/4/13,6.37,6.39,6.42,6.3,223103245
2023/4/14,6.37,6.49,6.53,6.34,335365854
2023/4/17,6.46,6.58,6.65,6.39,415490238
2023/4/18,6.41,6.5,6.55,6.33,460423670
2023/4/19,6.47,6.34,6.57,6.32,350268709
2023/4/20,6.32,6.47,6.51,6.29,374748623
2023/4/21,6.5,6.37,6.58,6.37,311473173
2023/4/24,6.4,6.24,6.46,6.21,408024841
2023/4/25,6.3,6.3,6.38,6.22,313484217
2023/4/26,6.26,6.13,6.3,6.07,351513641
2023/4/27,6.18,6.3,6.39,6.14,313611765
2023/4/28,6.44,6.57,6.58,6.36,535634109
2023/5/4,6.5,7,7.04,6.45,813542844
2023/5/5,7,6.92,7.05,6.9,480940264
2023/5/8,6.92,7.08,7.22,6.86,626271355
2023/5/9,7.11,6.97,7.35,6.95,664018875
2023/5/10,6.98,6.77,7,6.73,455590879
2023/5/11,6.79,6.73,6.84,6.7,280721259
2023/5/12,6.71,6.53,6.79,6.53,312188232
2023/5/15,6.52,6.49,6.54,6.34,392927086
2023/5/16,6.49,6.33,6.54,6.3,291045325
2023/5/17,6.32,6.33,6.38,6.23,268271419
2023/5/18,6.33,6.28,6.4,6.27,324846285
2023/5/19,6.25,6.18,6.25,6.11,301739806
2023/5/22,6.19,6.16,6.24,6.15,206417279
2023/5/23,6.17,6.05,6.22,6.05,244552399
2023/5/24,6.01,5.85,6.03,5.84,367050920
2023/5/25,5.82,5.8,5.84,5.74,286358202
2023/5/26,5.8,5.75,5.82,5.69,244972567
2023/5/29,5.78,5.8,5.85,5.75,243209940
2023/5/30,5.8,5.96,6.01,5.78,435231069
2023/5/31,5.9,5.9,5.98,5.87,267066281
2023/6/1,5.89,6.01,6.06,5.87,298138126
2023/6/2,6.01,6.08,6.11,5.95,257188981
2023/6/5,6.06,6,6.1,5.98,239228068
2023/6/6,6,6.02,6.21,5.97,330486535
2023/6/7,6.05,6.02,6.11,5.99,153356684
2023/6/8,6.04,6.17,6.18,5.96,220616903
2023/6/9,6.14,6.18,6.22,6.13,165041902
2023/6/12,6.16,6.05,6.17,6.05,197717564
2023/6/13,6.06,6,6.08,5.95,181949346
2023/6/14,6,5.95,6.08,5.93,157938183
2023/6/15,5.96,6.01,6.02,5.93,136908073
2023/6/16,6.03,6.12,6.15,6.02,241370507
2023/6/19,6.11,5.91,6.12,5.9,310653822
2023/6/20,5.9,5.84,5.95,5.82,204797782
2023/6/21,5.83,5.87,5.93,5.81,176094386
2023/6/26,5.84,5.69,5.85,5.66,200647111
2023/6/27,5.7,5.9,5.93,5.69,225336979
2023/6/28,5.92,5.96,5.97,5.86,167175276
2023/6/29,5.97,5.98,6.02,5.88,177762672
2023/6/30,5.76,5.74,5.84,5.72,161117467
2023/7/3,5.74,5.78,5.83,5.68,216122264
2023/7/4,5.76,5.73,5.84,5.68,174701187
2023/7/5,5.71,5.75,5.84,5.7,135666380
2023/7/6,5.74,5.69,5.75,5.66,125847283
2023/7/7,5.67,5.64,5.71,5.62,138526547
2023/7/10,5.66,5.69,5.74,5.66,115169286
2023/7/11,5.74,5.73,5.77,5.68,103178063
2023/7/12,5.74,5.64,5.76,5.64,122851130
2023/7/13,5.67,5.71,5.72,5.66,126304818
2023/7/14,5.74,5.71,5.77,5.68,125771173
2023/7/17,5.7,5.66,5.7,5.63,94683680
2023/7/18,5.67,5.62,5.67,5.59,122158818
2023/7/19,5.6,5.65,5.66,5.59,106611578
2023/7/20,5.65,5.61,5.69,5.6,140389262
2023/7/21,5.56,5.5,5.56,5.47,273053885
2023/7/24,5.48,5.56,5.58,5.45,163142542
2023/7/25,5.63,5.82,5.82,5.62,358078045
2023/7/26,5.81,5.83,5.85,5.78,138175099
2023/7/27,5.84,5.81,5.87,5.8,116033050
2023/7/28,5.81,6.02,6.04,5.78,285662041
2023/7/31,6.05,6.11,6.25,6.05,302047723
2023/8/1,6.08,6.1,6.17,6.06,148418186
2023/8/2,6.09,6.07,6.16,6.03,121307213
2023/8/3,6.06,6.11,6.14,6.01,117100084
2023/8/4,6.15,6.09,6.24,6.08,155732783
2023/8/7,6.08,6.03,6.1,5.98,152837472
2023/8/8,6,6.01,6.06,5.98,101911812
2023/8/9,6,6.04,6.06,5.98,100207682
2023/8/10,6.03,6,6.07,5.98,109563777
2023/8/11,6.02,5.86,6.04,5.86,186868053
2023/8/14,5.82,5.9,5.94,5.77,190282656
2023/8/15,5.9,5.92,5.94,5.86,121308817
2023/8/16,5.92,5.94,6.01,5.86,123225413
2023/8/17,5.93,5.94,5.96,5.87,135806626
2023/8/18,5.94,5.85,6.03,5.85,138625515
2023/8/21,5.85,5.82,5.95,5.82,142402210
2023/8/22,5.84,5.93,5.95,5.83,169861172
2023/8/23,5.92,5.85,5.96,5.85,163741170
2023/8/24,5.87,5.58,5.89,5.58,344962886
2023/8/25,5.57,5.67,5.71,5.56,191997355
2023/8/28,5.95,5.82,5.99,5.78,281147567
2023/8/29,5.82,5.75,5.88,5.71,245336928
2023/8/30,5.71,5.62,5.73,5.61,231530728
2023/8/31,5.65,5.63,5.68,5.6,186145938
2023/9/1,5.66,5.72,5.77,5.66,192454421
2023/9/4,5.78,5.8,5.85,5.76,221656775
2023/9/5,5.78,5.72,5.79,5.69,141992046
2023/9/6,5.71,5.73,5.76,5.66,152318298
2023/9/7,5.72,5.67,5.76,5.67,116694030
2023/9/8,5.66,5.67,5.68,5.63,69339981
2023/9/11,5.69,5.69,5.71,5.65,123623651
2023/9/12,5.69,5.66,5.73,5.65,102343340
2023/9/13,5.67,5.68,5.73,5.65,155761427
2023/9/14,5.7,5.71,5.74,5.67,118381641
2023/9/15,5.73,5.63,5.74,5.62,165841964
2023/9/18,5.64,5.61,5.65,5.59,106426726
2023/9/19,5.62,5.63,5.65,5.58,97526414
2023/9/20,5.62,5.64,5.67,5.57,95622739
2023/9/21,5.64,5.57,5.67,5.57,115725224
2023/9/22,5.56,5.73,5.73,5.55,191361169
2023/9/25,5.72,5.6,5.72,5.59,159829480
2023/9/26,5.6,5.51,5.61,5.51,187885081
2023/9/27,5.53,5.56,5.6,5.52,161162354
2023/9/28,5.58,5.53,5.59,5.52,109607346
2023/10/9,5.52,5.44,5.52,5.43,152002940
2023/10/10,5.47,5.22,5.48,5.2,355334420
2023/10/11,5.23,5.24,5.28,5.21,145807949
2023/10/12,5.29,5.34,5.38,5.29,157153705
2023/10/13,5.31,5.26,5.32,5.25,93114821
2023/10/16,5.29,5.25,5.3,5.23,81302089
2023/10/17,5.27,5.29,5.3,5.24,88810487
2023/10/18,5.27,5.22,5.29,5.21,95323419
2023/10/19,5.2,5.17,5.22,5.11,186571035
2023/10/20,5.17,5.14,5.21,5.11,127393978
2023/10/23,5.14,5.08,5.15,5.04,111052727
2023/10/24,5.08,5.09,5.11,5.03,145848467
2023/10/25,5.2,5.19,5.22,5.13,194950667
2023/10/26,5.16,5.21,5.22,5.14,104521441
2023/10/27,5.21,5.22,5.25,5.16,136791888
2023/10/30,5.21,5.17,5.22,5.14,141918622
2023/10/31,5.17,5.18,5.2,5.13,107474957
2023/11/1,5.19,5.15,5.19,5.14,98676278
2023/11/2,5.16,5.16,5.25,5.15,143375104
2023/11/3,5.17,5.15,5.19,5.14,119015485
2023/11/6,5.17,5.24,5.28,5.14,220672100
2023/11/7,5.23,5.17,5.24,5.16,136647700
2023/11/8,5.17,5.14,5.18,5.12,119018919
2023/11/9,5.14,5.15,5.21,5.13,128265968
2023/11/10,5.14,5.07,5.15,5.05,175713927
2023/11/13,5.08,5.14,5.15,5.06,158099347
2023/11/14,5.14,5.13,5.18,5.1,96945042
2023/11/15,5.17,5.17,5.2,5.14,134370932
2023/11/16,5.17,5.14,5.18,5.11,87296757
2023/11/17,5.13,5.09,5.13,5.07,119681414
2023/11/20,5.1,5.07,5.11,5.05,136512861
2023/11/21,5.09,5.12,5.17,5.09,202812615
2023/11/22,5.1,5.09,5.13,5.08,96564124
2023/11/23,5.08,5.12,5.13,5.06,110940058
2023/11/24,5.12,5.1,5.16,5.08,96327409
2023/11/27,5.1,5.02,5.11,4.99,226835851
2023/11/28,5.02,5.01,5.03,5,109596676
2023/11/29,5.02,4.94,5.02,4.86,279140388
2023/11/30,4.93,4.97,4.99,4.91,139756922
2023/12/1,4.96,4.95,4.98,4.92,181010141
2023/12/4,4.95,4.88,4.97,4.88,148471000
2023/12/5,4.87,4.81,4.88,4.81,137494658
2023/12/6,4.8,4.77,4.81,4.75,156776497
2023/12/7,4.75,4.76,4.79,4.72,119834757
2023/12/8,4.77,4.76,4.82,4.75,123616660
2023/12/11,4.75,4.79,4.82,4.68,203803887
2023/12/12,4.78,4.85,4.86,4.77,158494035
2023/12/13,4.84,4.76,4.85,4.76,116191500
2023/12/14,4.78,4.75,4.82,4.75,101788040
2023/12/15,4.78,4.73,4.8,4.72,127044023
2023/12/18,4.72,4.7,4.76,4.69,93487231
2023/12/19,4.7,4.68,4.72,4.65,127748914
2023/12/20,4.68,4.67,4.73,4.66,118458149
2023/12/21,4.65,4.72,4.72,4.64,117350355
2023/12/22,4.72,4.76,4.78,4.7,123921848
2023/12/25,4.76,4.72,4.76,4.7,83524002
2023/12/26,4.72,4.71,4.74,4.7,70727180
2023/12/27,4.72,4.73,4.75,4.68,95829291
2023/12/28,4.72,4.82,4.84,4.71,157180786
2023/12/29,4.81,4.81,4.86,4.77,151553105
