,601857.SH,601857.SH,601857.SH,601857.SH,601857.SH
,中国石油,中国石油,中国石油,中国石油,中国石油
date,open,close,high,low,volume
2014/1/2,7.71,7.67,7.72,7.63,14300273
2014/1/3,7.63,7.64,7.68,7.6,12474158
2014/1/6,7.62,7.77,7.78,7.51,36168627
2014/1/7,7.75,7.74,7.75,7.68,11767461
2014/1/8,7.72,7.64,7.77,7.62,13770594
2014/1/9,7.61,7.59,7.68,7.58,9398300
2014/1/10,7.59,7.53,7.61,7.5,15451062
2014/1/13,7.54,7.55,7.61,7.5,12371696
2014/1/14,7.52,7.62,7.67,7.5,21507255
2014/1/15,7.62,7.58,7.63,7.57,6438034
2014/1/16,7.58,7.54,7.62,7.53,9892134
2014/1/17,7.54,7.75,7.76,7.51,45142395
2014/1/20,7.71,7.63,7.73,7.61,9785146
2014/1/21,7.63,7.63,7.69,7.6,6845930
2014/1/22,7.63,7.69,7.7,7.61,14670507
2014/1/23,7.67,7.62,7.67,7.61,9334920
2014/1/24,7.6,7.62,7.65,7.59,7917304
2014/1/27,7.59,7.52,7.6,7.51,11967383
2014/1/28,7.55,7.56,7.59,7.53,7821578
2014/1/29,7.58,7.55,7.6,7.53,8618489
2014/1/30,7.56,7.54,7.59,7.53,6480008
2014/2/7,7.52,7.51,7.54,7.45,13117232
2014/2/10,7.51,7.56,7.58,7.5,15787162
2014/2/11,7.57,7.59,7.6,7.53,21483364
2014/2/12,7.58,7.56,7.61,7.55,14380037
2014/2/13,7.56,7.55,7.59,7.55,14022082
2014/2/14,7.54,7.56,7.58,7.53,12131150
2014/2/17,7.57,7.6,7.62,7.55,18396954
2014/2/18,7.6,7.56,7.62,7.56,11225082
2014/2/19,7.55,7.63,7.75,7.52,29913691
2014/2/20,7.82,7.99,8.33,7.8,101898414
2014/2/21,7.83,7.68,7.86,7.63,48279768
2014/2/24,7.61,7.51,7.64,7.5,23471935
2014/2/25,7.51,7.51,7.62,7.5,24448306
2014/2/26,7.51,7.55,7.56,7.48,16634188
2014/2/27,7.57,7.74,8.03,7.52,63568575
2014/2/28,7.69,7.69,7.84,7.64,30555191
2014/3/3,7.67,7.75,7.85,7.66,31488657
2014/3/4,7.73,7.7,7.75,7.59,27683525
2014/3/5,7.69,7.59,7.69,7.58,15609695
2014/3/6,7.6,7.67,7.72,7.55,21468536
2014/3/7,7.67,7.78,7.95,7.67,45320435
2014/3/10,7.72,7.8,7.89,7.71,46972149
2014/3/11,7.77,7.73,7.77,7.61,26160549
2014/3/12,7.7,7.56,7.7,7.49,32294769
2014/3/13,7.57,7.58,7.61,7.53,15976613
2014/3/14,7.55,7.54,7.59,7.51,10600419
2014/3/17,7.58,7.6,7.63,7.54,11853178
2014/3/18,7.62,7.57,7.63,7.55,9748900
2014/3/19,7.55,7.58,7.59,7.53,11794840
2014/3/20,7.57,7.56,7.63,7.54,14280740
2014/3/21,7.59,7.67,7.73,7.59,36437056
2014/3/24,7.68,7.7,7.72,7.61,30451057
2014/3/25,7.68,7.68,7.75,7.64,23846620
2014/3/26,7.66,7.63,7.7,7.59,18479857
2014/3/27,7.61,7.56,7.63,7.53,22684569
2014/3/28,7.56,7.57,7.61,7.54,17706039
2014/3/31,7.57,7.6,7.61,7.55,12409240
2014/4/1,7.6,7.6,7.62,7.57,9485243
2014/4/2,7.6,7.61,7.63,7.59,12071583
2014/4/3,7.62,7.58,7.63,7.57,11649410
2014/4/4,7.56,7.59,7.6,7.56,9498062
2014/4/8,7.58,7.66,7.68,7.57,26324214
2014/4/9,7.67,7.7,7.73,7.66,21989421
2014/4/10,7.69,7.73,7.76,7.65,28535331
2014/4/11,7.71,7.69,7.73,7.64,20473181
2014/4/14,7.67,7.69,7.72,7.64,14996741
2014/4/15,7.68,7.63,7.72,7.61,20305027
2014/4/16,7.63,7.63,7.65,7.62,8132706
2014/4/17,7.64,7.65,7.66,7.62,10208471
2014/4/18,7.63,7.61,7.64,7.58,9201821
2014/4/21,7.6,7.56,7.63,7.55,10562143
2014/4/22,7.56,7.6,7.6,7.55,9498150
2014/4/23,7.59,7.6,7.61,7.55,13488606
2014/4/24,7.57,7.59,7.61,7.56,9698822
2014/4/25,7.6,7.54,7.61,7.54,9288788
2014/4/28,7.54,7.48,7.57,7.47,15761395
2014/4/29,7.48,7.51,7.53,7.48,9233406
2014/4/30,7.52,7.52,7.54,7.5,6826579
2014/5/5,7.5,7.51,7.53,7.47,9102296
2014/5/6,7.5,7.5,7.52,7.49,7628407
2014/5/7,7.49,7.48,7.51,7.47,8314802
2014/5/8,7.48,7.49,7.54,7.48,6893707
2014/5/9,7.49,7.52,7.53,7.49,8716892
2014/5/12,7.55,7.59,7.61,7.52,18443727
2014/5/13,7.64,7.65,7.76,7.63,29779120
2014/5/14,7.66,7.66,7.69,7.6,15257396
2014/5/15,7.65,7.59,7.65,7.59,8049315
2014/5/16,7.59,7.63,7.63,7.58,7267871
2014/5/19,7.63,7.59,7.63,7.53,9309150
2014/5/20,7.59,7.63,7.63,7.57,9680160
2014/5/21,7.62,7.67,7.67,7.58,11777041
2014/5/22,7.69,7.64,7.7,7.64,13100634
2014/5/23,7.63,7.65,7.66,7.61,8229314
2014/5/26,7.63,7.65,7.68,7.62,8378946
2014/5/27,7.63,7.62,7.66,7.61,8521508
2014/5/28,7.62,7.63,7.64,7.58,11773096
2014/5/29,7.64,7.63,7.66,7.62,9641542
2014/5/30,7.64,7.6,7.65,7.58,9734079
2014/6/3,7.61,7.63,7.66,7.61,10979054
2014/6/4,7.63,7.65,7.67,7.57,14405735
2014/6/5,7.51,7.5,7.51,7.46,10015292
2014/6/6,7.5,7.47,7.5,7.45,6523204
2014/6/9,7.46,7.48,7.52,7.45,7215667
2014/6/10,7.5,7.51,7.54,7.46,12780857
2014/6/11,7.51,7.51,7.52,7.47,11516534
2014/6/12,7.5,7.5,7.51,7.48,9733423
2014/6/13,7.5,7.55,7.55,7.49,16646029
2014/6/16,7.55,7.62,7.63,7.53,21731538
2014/6/17,7.62,7.58,7.62,7.54,14333528
2014/6/18,7.55,7.57,7.58,7.54,11971365
2014/6/19,7.56,7.52,7.59,7.5,15777973
2014/6/20,7.52,7.56,7.56,7.49,11804750
2014/6/23,7.55,7.52,7.57,7.51,6514651
2014/6/24,7.53,7.53,7.55,7.5,6732394
2014/6/25,7.51,7.53,7.54,7.48,12391333
2014/6/26,7.52,7.53,7.54,7.49,14218091
2014/6/27,7.52,7.53,7.56,7.5,12259970
2014/6/30,7.52,7.54,7.56,7.51,9487420
2014/7/1,7.52,7.51,7.54,7.49,12553378
2014/7/2,7.51,7.53,7.53,7.5,8879037
2014/7/3,7.52,7.55,7.55,7.51,10263728
2014/7/4,7.55,7.54,7.55,7.52,8158014
2014/7/7,7.53,7.54,7.55,7.51,8422283
2014/7/8,7.52,7.53,7.54,7.51,9824088
2014/7/9,7.52,7.48,7.53,7.47,15851518
2014/7/10,7.48,7.48,7.5,7.47,8884492
2014/7/11,7.48,7.5,7.51,7.47,8542554
2014/7/14,7.5,7.52,7.53,7.48,8319613
2014/7/15,7.53,7.55,7.55,7.52,15155858
2014/7/16,7.54,7.57,7.57,7.53,15714148
2014/7/17,7.57,7.54,7.57,7.51,11066035
2014/7/18,7.53,7.55,7.56,7.52,10874548
2014/7/21,7.53,7.5,7.54,7.47,13331696
2014/7/22,7.47,7.53,7.53,7.47,18511830
2014/7/23,7.52,7.55,7.56,7.51,20427736
2014/7/24,7.55,7.65,7.69,7.55,49154103
2014/7/25,7.67,7.7,7.7,7.62,25083258
2014/7/28,7.75,7.85,7.91,7.72,47498642
2014/7/29,7.87,7.8,7.9,7.79,27448259
2014/7/30,7.9,8.04,8.15,7.9,104501728
2014/7/31,8,8.02,8.04,7.94,26738676
2014/8/1,8,7.97,8.08,7.95,27215272
2014/8/4,8,8.05,8.06,7.95,29280795
2014/8/5,8.05,8.03,8.08,7.99,19716064
2014/8/6,8,7.98,8.01,7.94,25400662
2014/8/7,7.98,7.86,8,7.84,30619262
2014/8/8,7.87,7.89,7.93,7.82,21007981
2014/8/11,7.92,7.98,7.99,7.88,20321393
2014/8/12,7.97,7.97,7.98,7.93,18416588
2014/8/13,8,7.94,8.02,7.91,22610806
2014/8/14,7.93,7.87,7.96,7.85,19786785
2014/8/15,7.87,7.94,7.99,7.87,19394377
2014/8/18,7.95,7.95,8.01,7.91,20280880
2014/8/19,7.95,8.02,8.03,7.91,38602440
2014/8/20,7.98,7.95,8,7.93,26487972
2014/8/21,7.95,7.88,7.95,7.84,26095054
2014/8/22,7.88,7.9,7.92,7.87,17649882
2014/8/25,7.9,7.93,7.98,7.88,23992510
2014/8/26,7.92,7.89,7.97,7.86,18703079
2014/8/27,7.93,7.91,7.96,7.89,14944234
2014/8/28,7.91,7.93,8.02,7.88,34041654
2014/8/29,7.92,7.89,7.94,7.83,26494342
2014/9/1,7.9,7.91,7.93,7.87,17879881
2014/9/2,7.92,7.95,7.97,7.89,30109575
2014/9/3,7.96,8.05,8.06,7.95,48559400
2014/9/4,8.06,8.09,8.1,8.01,37131461
2014/9/5,8.1,8.12,8.13,8.05,33767350
2014/9/9,8.12,8.09,8.13,8.08,20423800
2014/9/10,8.07,8.03,8.07,8,23648085
2014/9/11,8.01,8.02,8.1,7.99,26556696
2014/9/12,8.02,8.06,8.06,7.98,20671688
2014/9/15,8.06,8.07,8.08,8.02,29833563
2014/9/16,8.07,8.03,8.14,8.02,42205922
2014/9/17,8.02,8.05,8.06,8,20636167
2014/9/18,8.05,8.03,8.05,8.01,26264086
2014/9/19,7.89,7.91,7.91,7.85,23178958
2014/9/22,7.89,7.75,7.89,7.73,31433260
2014/9/23,7.73,7.76,7.77,7.72,19545838
2014/9/24,7.75,7.84,7.85,7.73,28059154
2014/9/25,7.86,7.82,7.87,7.78,26730630
2014/9/26,7.8,7.79,7.82,7.75,18166365
2014/9/29,7.8,7.8,7.83,7.78,23951614
2014/9/30,7.8,7.79,7.82,7.77,23812133
2014/10/8,7.8,7.81,7.81,7.76,26239880
2014/10/9,7.81,7.84,7.86,7.79,34994480
2014/10/10,7.83,7.79,7.85,7.76,29342883
2014/10/13,7.79,7.75,7.79,7.72,27500523
2014/10/14,7.75,7.74,7.78,7.72,21947527
2014/10/15,7.73,7.75,7.75,7.69,25640581
2014/10/16,7.72,7.73,7.79,7.69,33615399
2014/10/17,7.72,7.69,7.74,7.65,27679356
2014/10/20,7.69,7.7,7.71,7.67,15136179
2014/10/21,7.69,7.68,7.71,7.66,13723177
2014/10/22,7.68,7.67,7.68,7.65,15154194
2014/10/23,7.65,7.58,7.66,7.56,28525471
2014/10/24,7.59,7.58,7.62,7.56,17017276
2014/10/27,7.56,7.56,7.57,7.52,16339285
2014/10/28,7.56,7.64,7.64,7.55,20879613
2014/10/29,7.64,7.69,7.71,7.62,26758722
2014/10/30,7.7,7.73,7.75,7.67,38198884
2014/10/31,7.72,7.84,7.87,7.71,76994070
2014/11/3,7.84,7.82,7.86,7.78,39994723
2014/11/4,7.8,7.78,7.83,7.75,40077613
2014/11/5,7.78,7.77,7.81,7.76,27411268
2014/11/6,7.79,7.79,7.81,7.75,20894583
2014/11/7,7.79,7.75,7.83,7.73,36957058
2014/11/10,7.78,7.86,7.87,7.75,49623085
2014/11/11,7.87,7.92,8.05,7.86,143183439
2014/11/12,7.88,7.89,7.9,7.82,52600571
2014/11/13,7.88,7.92,7.95,7.83,60622443
2014/11/14,7.89,7.83,7.89,7.79,43709878
2014/11/17,7.88,7.84,7.91,7.82,35186973
2014/11/18,7.83,7.74,7.84,7.73,39288214
2014/11/19,7.74,7.71,7.75,7.7,25747130
2014/11/20,7.7,7.71,7.72,7.67,20898628
2014/11/21,7.71,7.75,7.76,7.68,25224723
2014/11/24,7.78,7.82,7.87,7.75,59830662
2014/11/25,7.81,7.85,7.87,7.79,43879091
2014/11/26,7.87,7.98,7.99,7.86,88335363
2014/11/27,7.98,7.99,8.08,7.91,97144183
2014/11/28,7.93,8.17,8.19,7.9,180867396
2014/12/1,8.14,8.17,8.44,8.11,187887394
2014/12/2,8.2,8.37,8.42,8.09,184665810
2014/12/3,8.38,8.37,8.56,8.27,242067820
2014/12/4,8.39,9.21,9.21,8.33,440254368
2014/12/5,9.5,10.12,10.13,9.25,660229328
2014/12/8,9.81,10.32,10.67,9.7,463069600
2014/12/9,10.1,9.5,10.61,9.47,375476656
2014/12/10,9.48,9.5,9.63,9.15,221868040
2014/12/11,9.3,9.29,9.42,9.21,156618981
2014/12/12,9.27,9.35,9.45,9.2,145055631
2014/12/15,9.31,9.23,9.34,9.03,113630066
2014/12/16,9.16,9.56,9.58,9.13,191545082
2014/12/17,9.56,9.78,9.9,9.34,274873456
2014/12/18,9.85,9.79,10.07,9.66,214184415
2014/12/19,9.7,10.08,10.29,9.57,278049008
2014/12/22,10.1,10.36,10.99,10.03,344958608
2014/12/23,10.16,9.78,10.25,9.73,191009161
2014/12/24,9.8,9.48,9.86,9.36,156487590
2014/12/25,9.5,9.84,9.86,9.41,138930148
2014/12/26,9.8,10.12,10.17,9.71,173712960
2014/12/29,10.6,10.33,10.88,10.22,314836832
2014/12/30,10.28,10.45,10.61,10.2,197364193
2014/12/31,10.5,10.81,10.93,10.33,283472832
2015/1/5,10.9,11.89,11.89,10.77,372688944
2015/1/6,12.1,11.69,12.33,11.5,389234896
2015/1/7,11.5,12.39,12.42,11.43,329258320
2015/1/8,12.2,12.21,13.14,12.08,425734784
2015/1/9,12.08,12.07,12.7,11.84,297197472
2015/1/12,11.83,11.62,11.96,11.56,195602393
2015/1/13,11.64,11.64,11.84,11.53,133755443
2015/1/14,11.63,11.31,11.74,11.16,160847524
2015/1/15,11.37,12.29,12.38,11.22,249404978
2015/1/16,12.1,12.6,12.9,12.06,327446096
2015/1/19,12,11.44,12.34,11.34,343042288
2015/1/20,11.61,11.83,12.04,11.43,247500975
2015/1/21,11.76,12.69,12.9,11.65,351314992
2015/1/22,12.61,12.63,12.82,12.39,249139322
2015/1/23,12.65,12.82,13.26,12.56,311384736
2015/1/26,12.68,13.09,13.2,12.54,232707550
2015/1/27,13.07,12.61,13.21,12.41,252416676
2015/1/28,12.44,12.25,12.55,12.2,167160586
2015/1/29,11.99,11.98,12.13,11.7,182113564
2015/1/30,12.04,11.64,12.11,11.61,141374048
2015/2/2,11.49,11.22,11.57,11.21,134274316
2015/2/3,11.42,11.69,11.77,11.22,168884648
2015/2/4,11.79,11.41,11.92,11.39,161537913
2015/2/5,11.63,11.15,11.64,11.14,148438560
2015/2/6,11.11,10.89,11.12,10.78,129164864
2015/2/9,10.79,11.03,11.17,10.7,110660468
2015/2/10,10.98,11.23,11.23,10.92,87253883
2015/2/11,11.25,11.16,11.28,11.11,59322742
2015/2/12,11.15,11.18,11.27,10.91,78547503
2015/2/13,11.19,11.18,11.43,11.11,117198101
2015/2/16,11.19,11.07,11.19,10.98,102752360
2015/2/17,11.09,11.08,11.17,11.05,72968924
2015/2/25,11.3,11.23,11.56,11.15,199745237
2015/2/26,11.16,11.34,11.35,10.9,165277605
2015/2/27,11.29,11.42,11.6,11.19,196104827
2015/3/2,11.44,11.32,11.46,11.23,146734546
2015/3/3,11.25,10.93,11.26,10.91,192965281
2015/3/4,10.92,10.92,11.1,10.76,113158533
2015/3/5,10.82,10.71,10.87,10.67,109298752
2015/3/6,10.66,10.77,10.85,10.66,68837346
2015/3/9,10.7,10.89,10.94,10.52,119690553
2015/3/10,10.82,10.77,10.84,10.71,72511933
2015/3/11,10.77,10.75,10.88,10.71,78045514
2015/3/12,10.8,11.03,11.14,10.71,169043739
2015/3/13,11.08,11.06,11.19,11,112534243
2015/3/16,11.08,11.2,11.21,11.03,149504394
2015/3/17,11.16,11.48,11.49,11.13,259456088
2015/3/18,11.48,11.65,11.7,11.33,256208025
2015/3/19,11.6,11.64,11.87,11.53,222508597
2015/3/20,11.6,11.68,11.85,11.45,236236351
2015/3/23,11.65,11.8,11.86,11.62,238049360
2015/3/24,11.75,11.59,11.84,11.45,210254488
2015/3/25,11.51,11.33,11.55,11.31,163900564
2015/3/26,11.3,11.99,12,11.25,388691472
2015/3/27,12.06,11.7,12.1,11.65,241169171
2015/3/30,11.66,11.88,11.92,11.61,239974198
2015/3/31,11.91,11.73,12.17,11.69,276463216
2015/4/1,11.71,11.86,11.89,11.63,175679724
2015/4/2,11.98,11.91,12.09,11.76,221555817
2015/4/3,11.8,11.84,11.89,11.71,174613920
2015/4/7,11.92,12.27,12.28,11.86,358964304
2015/4/8,12.27,12.51,12.69,11.95,474708144
2015/4/9,12.35,12.39,12.71,12.21,323054016
2015/4/10,12.35,12.46,12.5,12.23,248162048
2015/4/13,12.48,12.69,12.74,12.43,273635760
2015/4/14,12.61,12.51,12.67,12.4,232794803
2015/4/15,12.51,12.47,12.74,12.26,293677216
2015/4/16,12.53,13.01,13.25,12.41,455575968
2015/4/17,13.18,13.38,13.63,12.95,560664960
2015/4/20,13.2,12.8,13.45,12.78,430602864
2015/4/21,12.83,12.99,13,12.71,240213566
2015/4/22,12.96,13.22,13.26,12.9,317706288
2015/4/23,13.2,13.34,13.63,13.08,415148752
2015/4/24,13.16,13.32,13.9,13.1,513249952
2015/4/27,13.6,14.65,14.65,13.42,629974496
2015/4/28,14.46,14.33,15.36,14.05,850168256
2015/4/29,14.1,13.71,14.1,13.5,370461152
2015/4/30,13.71,13.39,13.84,13.36,255161144
2015/5/4,13.37,13.5,13.6,13.12,220610811
2015/5/5,13.52,13.01,13.98,12.99,338553072
2015/5/6,13,12.61,13.21,12.5,247620439
2015/5/7,12.6,12.17,12.6,12.1,190776491
2015/5/8,12.3,12.41,12.44,12.11,172211992
2015/5/11,12.45,12.66,12.67,12.3,205843393
2015/5/12,12.7,12.69,12.78,12.51,193729531
2015/5/13,12.69,12.43,12.69,12.3,185725373
2015/5/14,12.36,12.47,12.69,12.21,207588438
2015/5/15,12.41,12.11,12.44,12.08,159422190
2015/5/18,11.99,11.79,12.04,11.75,139756346
2015/5/19,11.77,12.19,12.19,11.75,150925600
2015/5/20,12.18,12.17,12.43,12.11,176444751
2015/5/21,12.17,12.22,12.24,12.07,132553476
2015/5/22,12.28,12.64,12.73,12.27,252557664
2015/5/25,12.61,12.98,12.99,12.55,246929009
2015/5/26,13.07,13.05,13.1,12.75,264892990
2015/5/27,13.19,13.35,13.59,13.19,325406704
2015/5/28,13.23,12.2,13.24,12.1,347162592
2015/5/29,12.17,11.92,12.28,11.7,234515926
2015/6/1,11.92,12.4,12.44,11.84,206188279
2015/6/2,12.35,12.37,12.4,12.15,186221316
2015/6/3,12.37,12.35,12.56,12.21,168860636
2015/6/4,12.34,12.61,12.63,11.81,259534143
2015/6/5,12.66,12.82,12.9,12.51,327034128
2015/6/8,12.77,13.33,13.45,12.71,428162992
2015/6/9,13.21,13.18,13.29,12.93,327958384
2015/6/10,13.08,12.98,13.1,12.9,216996537
2015/6/11,12.96,12.91,12.98,12.71,182365800
2015/6/12,13,12.96,13.08,12.88,213647183
2015/6/15,12.98,12.6,13.06,12.58,223867038
2015/6/16,12.4,12.09,12.5,12.03,192269036
2015/6/17,12.15,12.28,12.33,11.94,173834082
2015/6/18,12.18,11.8,12.3,11.76,163538819
2015/6/19,11.71,11.17,11.95,11.1,197947509
2015/6/23,11.2,11.49,11.57,10.9,164963024
2015/6/24,11.55,11.82,11.87,11.45,193141552
2015/6/25,11.78,11.32,11.83,11.26,164463206
2015/6/26,11.15,10.53,11.37,10.27,245942596
2015/6/29,10.75,10.95,11,9.81,276563456
2015/6/30,10.77,11.33,11.35,10.42,251346370
2015/7/1,11.13,10.74,11.25,10.72,184177473
2015/7/2,10.8,11.68,11.8,10.2,452276240
2015/7/3,11.31,11.83,12.16,11.22,462361856
2015/7/6,12.3,13.01,13.01,11.95,769667648
2015/7/7,13,13.56,14.25,12.54,731780464
2015/7/8,12.4,12.33,13.4,12.2,873562016
2015/7/9,11.48,12.87,13.17,11.02,437065424
2015/7/10,12.39,13.09,13.79,12.1,492499616
2015/7/13,12.68,12.53,12.96,12.31,331969936
2015/7/14,12.23,12.29,12.53,11.82,270624128
2015/7/15,12.1,13.52,13.52,12.01,549939888
2015/7/16,13.52,13.4,14.1,12.68,581416896
2015/7/17,13.05,13.17,13.4,12.9,380505792
2015/7/20,12.9,13.73,14.05,12.8,559375488
2015/7/21,13.47,13.48,13.86,13.21,377457584
2015/7/22,13.25,13.63,14,13.22,442769840
2015/7/23,13.46,13.66,13.75,13.32,358423136
2015/7/24,13.54,13.68,14.11,13.53,473956240
2015/7/27,13.43,12.37,13.65,12.31,422481776
2015/7/28,11.83,11.85,12.86,11.52,400822112
2015/7/29,11.65,11.65,11.87,11.31,293794224
2015/7/30,11.6,11.71,11.85,11.38,274002016
2015/7/31,11.5,11.09,11.6,10.94,226907965
2015/8/3,10.88,10.57,10.95,10.53,183054962
2015/8/4,10.59,10.82,10.89,10.5,158953096
2015/8/5,10.8,10.63,10.89,10.61,125702524
2015/8/6,10.49,10.48,10.65,10.43,91217650
2015/8/7,10.57,10.67,10.76,10.51,101491312
2015/8/10,10.69,11.07,11.13,10.65,192292111
2015/8/11,11.06,11.15,11.3,10.89,181876817
2015/8/12,10.99,10.99,11.1,10.95,103650983
2015/8/13,10.99,11.01,11.06,10.8,100427095
2015/8/14,11,10.98,11.16,10.9,117528968
2015/8/17,10.91,10.81,10.95,10.76,93895949
2015/8/18,10.82,11.13,11.4,10.8,316632688
2015/8/19,10.88,10.79,11.06,10.5,226135419
2015/8/20,10.59,10.32,10.6,10.31,141581054
2015/8/21,10.15,10,10.51,9.96,128401296
2015/8/24,9.8,9.51,10.49,9,249613571
2015/8/25,9.08,8.56,9.62,8.56,214238868
2015/8/26,8.6,8.58,8.79,8.03,188708460
2015/8/27,8.56,8.78,8.8,8.4,144269299
2015/8/28,8.95,9.14,9.17,8.85,165667990
2015/8/31,9,8.94,9.03,8.71,109078201
2015/9/1,9.04,9.21,9.36,9,193013376
2015/9/2,8.8,8.75,8.98,8.66,152899405
2015/9/7,8.75,8.63,8.92,8.59,97520161
2015/9/8,8.59,8.7,8.77,8.4,85961824
2015/9/9,8.73,9.01,9.1,8.67,148808057
2015/9/10,8.85,8.84,8.98,8.81,96554126
2015/9/11,8.88,8.81,8.91,8.78,52854605
2015/9/14,8.87,8.5,8.89,8.45,79215563
2015/9/15,8.41,8.48,8.72,8.35,88360997
2015/9/16,8.46,8.76,8.91,8.3,105103884
2015/9/17,8.66,8.57,8.85,8.56,90031274
2015/9/18,8.55,8.42,8.58,8.4,49351072
2015/9/21,8.38,8.47,8.49,8.29,50398141
2015/9/22,8.51,8.55,8.63,8.48,66349085
2015/9/23,8.46,8.36,8.5,8.35,52070080
2015/9/24,8.37,8.4,8.42,8.34,39336117
2015/9/25,8.38,8.53,8.58,8.35,94244682
2015/9/28,8.49,8.43,8.51,8.34,49029438
2015/9/29,8.33,8.26,8.37,8.22,47641434
2015/9/30,8.27,8.23,8.31,8.22,28206902
2015/10/8,8.56,8.44,8.6,8.42,64544238
2015/10/9,8.46,8.52,8.55,8.4,59280185
2015/10/12,8.54,8.77,8.78,8.5,100424485
2015/10/13,8.66,8.68,8.7,8.62,62600469
2015/10/14,8.64,8.73,8.79,8.62,86823259
2015/10/15,8.69,8.82,8.83,8.66,93173894
2015/10/16,8.85,8.95,9.03,8.82,132851706
2015/10/19,8.96,8.9,9.08,8.85,107808748
2015/10/20,8.85,8.97,8.99,8.76,91236265
2015/10/21,9,8.92,9.09,8.62,185126184
2015/10/22,8.72,8.82,8.84,8.72,84805701
2015/10/23,8.8,8.83,8.85,8.76,75521662
2015/10/26,8.87,8.89,9.01,8.83,96119183
2015/10/27,8.84,8.81,8.85,8.68,64998350
2015/10/28,8.77,8.79,8.93,8.75,83441687
2015/10/29,8.81,8.82,8.88,8.78,55365811
2015/10/30,8.77,8.75,8.92,8.66,69901412
2015/11/2,8.66,8.53,8.73,8.52,72050975
2015/11/3,8.53,8.47,8.56,8.43,37982306
2015/11/4,8.48,8.74,8.75,8.48,82773447
2015/11/5,8.7,8.98,9.21,8.66,199671788
2015/11/6,8.94,9.1,9.16,8.85,142950768
2015/11/9,9.06,9.24,9.46,9.06,157276078
2015/11/10,9.18,9.26,9.34,9.08,125169085
2015/11/11,9.22,9.2,9.33,9.13,86488933
2015/11/12,9.21,9.11,9.21,9.04,70945801
2015/11/13,9.04,8.94,9.1,8.93,65213894
2015/11/16,8.85,8.98,8.99,8.82,52982398
2015/11/17,9,9.04,9.14,8.96,84135785
2015/11/18,9.03,9.05,9.17,8.92,88825216
2015/11/19,9.03,9.04,9.05,8.94,77119095
2015/11/20,9.02,8.99,9.03,8.95,50086988
2015/11/23,8.97,8.92,9.03,8.91,59979003
2015/11/24,8.91,8.91,8.92,8.82,46292554
2015/11/25,8.96,8.98,9,8.91,60161407
2015/11/26,9,8.97,9.02,8.95,59862903
2015/11/27,8.92,8.46,8.94,8.45,96005431
2015/11/30,8.45,8.4,8.51,8.3,60963751
2015/12/1,8.4,8.41,8.45,8.35,40660515
2015/12/2,8.4,8.64,8.67,8.33,75711282
2015/12/3,8.58,8.82,8.95,8.52,86051597
2015/12/4,8.75,8.58,8.77,8.51,73344072
2015/12/7,8.54,8.55,8.6,8.51,32494090
2015/12/8,8.45,8.38,8.47,8.36,49953535
2015/12/9,8.38,8.35,8.44,8.32,40797653
2015/12/10,8.36,8.33,8.39,8.3,34599513
2015/12/11,8.32,8.3,8.34,8.25,33883265
2015/12/14,8.26,8.43,8.44,8.23,46332051
2015/12/15,8.41,8.37,8.43,8.35,31128169
2015/12/16,8.44,8.46,8.57,8.44,69301385
2015/12/17,8.43,8.48,8.52,8.42,75080566
2015/12/18,8.47,8.48,8.56,8.44,58596300
2015/12/21,8.43,8.53,8.55,8.39,73620271
2015/12/22,8.52,8.52,8.56,8.48,50951432
2015/12/23,8.53,8.54,8.64,8.51,85984764
2015/12/24,8.57,8.48,8.6,8.44,58327364
2015/12/25,8.54,8.48,8.54,8.41,32067281
2015/12/28,8.5,8.37,8.54,8.37,55537569
2015/12/29,8.37,8.42,8.43,8.36,32048501
2015/12/30,8.43,8.41,8.45,8.37,28609052
2015/12/31,8.39,8.35,8.42,8.33,27095492
2016/1/4,8.34,8.13,8.38,8.11,47720508
2016/1/5,8.04,8.07,8.21,7.98,63433603
2016/1/6,8.09,8.31,8.33,8.05,75100836
2016/1/7,8.17,7.83,8.2,7.7,20888300
2016/1/8,7.96,7.99,8.07,7.74,74852367
2016/1/11,7.9,7.7,7.97,7.69,55973597
2016/1/12,7.66,7.76,7.84,7.6,47167537
2016/1/13,7.8,7.61,7.81,7.59,43472024
2016/1/14,7.5,7.63,7.65,7.43,47428219
2016/1/15,7.62,7.34,7.62,7.3,52349872
2016/1/18,7.14,7.27,7.34,7.1,38355700
2016/1/19,7.27,7.42,7.44,7.26,42877859
2016/1/20,7.37,7.46,7.55,7.27,46859232
2016/1/21,7.34,7.26,7.47,7.22,33534429
2016/1/22,7.32,7.33,7.35,7.18,28710425
2016/1/25,7.47,7.43,7.54,7.36,35028851
2016/1/26,7.33,7.08,7.34,7.04,48112114
2016/1/27,7.15,7.28,7.41,6.99,74245609
2016/1/28,7.19,7.44,7.63,7.1,113452648
2016/1/29,7.4,7.46,7.49,7.34,75291201
2016/2/1,7.4,7.25,7.4,7.19,47818737
2016/2/2,7.24,7.32,7.35,7.17,43030580
2016/2/3,7.21,7.22,7.26,7.11,37465786
2016/2/4,7.28,7.26,7.35,7.24,36845307
2016/2/5,7.29,7.23,7.3,7.22,26956101
2016/2/15,7.13,7.18,7.23,7.09,21604074
2016/2/16,7.21,7.35,7.36,7.19,44786697
2016/2/17,7.3,7.52,7.54,7.29,75586618
2016/2/18,7.54,7.43,7.54,7.42,66232641
2016/2/19,7.43,7.42,7.47,7.38,30120694
2016/2/22,7.45,7.53,7.55,7.43,42859967
2016/2/23,7.57,7.48,7.58,7.46,39852146
2016/2/24,7.45,7.53,7.6,7.42,36077841
2016/2/25,7.52,7.08,7.52,7.07,69248311
2016/2/26,7.13,7.26,7.35,7.1,64139524
2016/2/29,7.21,7.28,7.3,7.08,65407555
2016/3/1,7.23,7.32,7.34,7.17,34079106
2016/3/2,7.32,7.54,7.55,7.31,71146975
2016/3/3,7.5,7.58,7.6,7.46,53766610
2016/3/4,7.57,7.82,7.85,7.52,137470105
2016/3/7,7.75,7.78,7.85,7.73,49994015
2016/3/8,7.83,7.82,7.86,7.68,53807243
2016/3/9,7.7,7.8,7.82,7.48,73103662
2016/3/10,7.69,7.69,7.72,7.6,32517986
2016/3/11,7.6,7.69,7.71,7.56,29608982
2016/3/14,7.72,7.75,7.81,7.64,39927692
2016/3/15,7.78,7.79,7.82,7.7,39703220
2016/3/16,7.76,7.89,7.94,7.73,82352375
2016/3/17,7.89,7.88,7.91,7.82,37373364
2016/3/18,7.92,7.88,7.94,7.83,72457901
2016/3/21,7.88,7.85,7.9,7.82,88362793
2016/3/22,7.83,7.79,7.85,7.77,47955441
2016/3/23,7.79,7.78,7.81,7.74,31238573
2016/3/24,7.74,7.63,7.74,7.62,42163774
2016/3/25,7.63,7.63,7.65,7.56,33624486
2016/3/28,7.63,7.59,7.68,7.57,38835537
2016/3/29,7.58,7.48,7.61,7.46,46606906
2016/3/30,7.51,7.67,7.75,7.49,79893974
2016/3/31,7.65,7.61,7.68,7.6,46671864
2016/4/1,7.58,7.66,7.68,7.51,57441359
2016/4/5,7.61,7.66,7.68,7.56,49314369
2016/4/6,7.64,7.7,7.83,7.63,83998180
2016/4/7,7.72,7.61,7.73,7.58,48421680
2016/4/8,7.58,7.52,7.59,7.49,38597504
2016/4/11,7.56,7.64,7.66,7.55,51481125
2016/4/12,7.65,7.65,7.68,7.62,36059951
2016/4/13,7.7,7.79,7.84,7.69,85861289
2016/4/14,7.84,7.77,7.85,7.74,40295730
2016/4/15,7.8,7.75,7.8,7.72,24313788
2016/4/18,7.68,7.59,7.68,7.56,34382036
2016/4/19,7.63,7.65,7.66,7.56,27505498
2016/4/20,7.65,7.59,7.69,7.43,63591807
2016/4/21,7.52,7.57,7.64,7.52,36131209
2016/4/22,7.53,7.58,7.63,7.5,25101957
2016/4/25,7.55,7.56,7.58,7.47,20461462
2016/4/26,7.58,7.54,7.58,7.49,18084995
2016/4/27,7.56,7.53,7.59,7.52,20805770
2016/4/28,7.54,7.53,7.58,7.47,22256871
2016/4/29,7.45,7.42,7.49,7.38,37414278
2016/5/3,7.4,7.51,7.51,7.39,29245563
2016/5/4,7.48,7.46,7.51,7.43,21305853
2016/5/5,7.45,7.46,7.48,7.42,17745527
2016/5/6,7.46,7.34,7.46,7.34,32726175
2016/5/9,7.32,7.2,7.32,7.18,34754111
2016/5/10,7.18,7.19,7.22,7.16,13713153
2016/5/11,7.21,7.22,7.25,7.18,14851902
2016/5/12,7.21,7.2,7.21,7.14,17221805
2016/5/13,7.2,7.19,7.25,7.16,21040632
2016/5/16,7.17,7.2,7.2,7.12,13220329
2016/5/17,7.21,7.24,7.25,7.2,17886829
2016/5/18,7.21,7.2,7.22,7.11,28808330
2016/5/19,7.18,7.18,7.23,7.15,16951884
2016/5/20,7.17,7.21,7.21,7.15,8715582
2016/5/23,7.21,7.2,7.23,7.19,10559126
2016/5/24,7.19,7.22,7.22,7.15,14916983
2016/5/25,7.22,7.19,7.24,7.19,11116979
2016/5/26,7.21,7.22,7.25,7.15,14301584
2016/5/27,7.21,7.2,7.22,7.17,9075211
2016/5/30,7.22,7.23,7.24,7.17,13372905
2016/5/31,7.22,7.37,7.38,7.21,39531789
2016/6/1,7.36,7.32,7.37,7.32,22588179
2016/6/2,7.33,7.33,7.34,7.3,11668389
2016/6/3,7.34,7.36,7.38,7.3,24646842
2016/6/6,7.35,7.34,7.36,7.32,10535149
2016/6/7,7.35,7.33,7.35,7.31,7962843
2016/6/8,7.32,7.3,7.32,7.27,13098401
2016/6/13,7.26,7.19,7.39,7.18,24259258
2016/6/14,7.19,7.19,7.21,7.17,12560103
2016/6/15,7.16,7.22,7.23,7.13,15492888
2016/6/16,7.18,7.17,7.21,7.15,18759101
2016/6/17,7.17,7.2,7.25,7.16,18670906
2016/6/20,7.2,7.21,7.22,7.17,10036464
2016/6/21,7.21,7.19,7.25,7.18,13018254
2016/6/22,7.19,7.22,7.22,7.18,10138443
2016/6/23,7.22,7.18,7.23,7.16,11776825
2016/6/24,7.19,7.12,7.21,7.08,29130368
2016/6/27,7.08,7.14,7.16,7.08,15491090
2016/6/28,7.13,7.19,7.19,7.12,17433718
2016/6/29,7.19,7.22,7.23,7.18,17209156
2016/6/30,7.22,7.23,7.24,7.21,16572047
2016/7/1,7.22,7.22,7.24,7.19,17463787
2016/7/4,7.21,7.29,7.29,7.2,26733964
2016/7/5,7.29,7.3,7.31,7.26,23300066
2016/7/6,7.26,7.27,7.28,7.21,21980553
2016/7/7,7.26,7.29,7.3,7.23,21218964
2016/7/8,7.26,7.25,7.27,7.23,13207612
2016/7/11,7.24,7.28,7.31,7.23,25484576
2016/7/12,7.27,7.37,7.38,7.25,49131342
2016/7/13,7.37,7.41,7.44,7.35,37263556
2016/7/14,7.38,7.37,7.4,7.35,19200859
2016/7/15,7.37,7.38,7.41,7.36,17813548
2016/7/18,7.37,7.38,7.4,7.35,18094111
2016/7/19,7.36,7.35,7.37,7.32,14914925
2016/7/20,7.33,7.32,7.37,7.32,12113542
2016/7/21,7.32,7.34,7.37,7.31,11994291
2016/7/22,7.34,7.29,7.34,7.28,15962080
2016/7/25,7.29,7.28,7.31,7.26,10728130
2016/7/26,7.28,7.33,7.33,7.28,11168554
2016/7/27,7.33,7.23,7.34,7.19,28483426
2016/7/28,7.22,7.22,7.23,7.19,18958830
2016/7/29,7.21,7.22,7.23,7.2,11617021
2016/8/1,7.21,7.22,7.23,7.17,13395195
2016/8/2,7.2,7.24,7.24,7.19,12309289
2016/8/3,7.21,7.22,7.23,7.19,10374929
2016/8/4,7.23,7.24,7.24,7.19,12408410
2016/8/5,7.23,7.24,7.25,7.21,12971914
2016/8/8,7.24,7.26,7.26,7.21,15223014
2016/8/9,7.26,7.28,7.29,7.22,16470023
2016/8/10,7.28,7.27,7.29,7.26,11481641
2016/8/11,7.27,7.3,7.3,7.26,22607484
2016/8/12,7.3,7.34,7.35,7.27,29687776
2016/8/15,7.35,7.45,7.46,7.33,54969999
2016/8/16,7.45,7.42,7.46,7.4,33481336
2016/8/17,7.42,7.42,7.44,7.4,20291614
2016/8/18,7.41,7.39,7.44,7.38,21412131
2016/8/19,7.41,7.41,7.46,7.39,27988030
2016/8/22,7.41,7.42,7.45,7.4,24902354
2016/8/23,7.41,7.42,7.43,7.39,18715607
2016/8/24,7.41,7.43,7.44,7.4,14867615
2016/8/25,7.41,7.41,7.42,7.37,23713080
2016/8/26,7.4,7.4,7.43,7.39,16373311
2016/8/29,7.39,7.42,7.43,7.37,16382167
2016/8/30,7.42,7.49,7.52,7.39,45669983
2016/8/31,7.49,7.54,7.54,7.47,35517025
2016/9/1,7.52,7.49,7.54,7.48,23787658
2016/9/2,7.48,7.47,7.5,7.45,15672692
2016/9/5,7.47,7.5,7.52,7.45,17818805
2016/9/6,7.49,7.49,7.5,7.46,13599174
2016/9/7,7.48,7.49,7.51,7.47,16613192
2016/9/8,7.5,7.46,7.5,7.45,11017031
2016/9/9,7.47,7.42,7.48,7.4,17406500
2016/9/12,7.37,7.31,7.38,7.26,35806293
2016/9/13,7.3,7.29,7.31,7.26,19273138
2016/9/14,7.27,7.28,7.3,7.26,19195172
2016/9/19,7.27,7.28,7.29,7.26,20736914
2016/9/20,7.28,7.27,7.28,7.25,13226799
2016/9/21,7.26,7.26,7.26,7.23,8671159
2016/9/22,7.27,7.26,7.28,7.26,16954596
2016/9/23,7.27,7.27,7.28,7.25,11294864
2016/9/26,7.25,7.19,7.25,7.18,25311402
2016/9/27,7.19,7.21,7.22,7.16,14626784
2016/9/28,7.21,7.19,7.21,7.18,8017825
2016/9/29,7.23,7.23,7.27,7.23,18350651
2016/9/30,7.23,7.22,7.24,7.21,14029480
2016/10/10,7.33,7.29,7.33,7.27,24455416
2016/10/11,7.31,7.31,7.33,7.29,18689622
2016/10/12,7.29,7.3,7.31,7.28,13139225
2016/10/13,7.3,7.28,7.31,7.27,13214875
2016/10/14,7.28,7.3,7.3,7.26,17225456
2016/10/17,7.29,7.26,7.3,7.25,16207562
2016/10/18,7.25,7.33,7.35,7.25,26004871
2016/10/19,7.33,7.33,7.36,7.31,21133623
2016/10/20,7.34,7.34,7.36,7.31,28331045
2016/10/21,7.32,7.36,7.37,7.31,27268805
2016/10/24,7.37,7.43,7.46,7.34,55889593
2016/10/25,7.41,7.39,7.43,7.38,25015959
2016/10/26,7.4,7.38,7.41,7.35,13907784
2016/10/27,7.37,7.37,7.4,7.35,13541596
2016/10/28,7.36,7.38,7.4,7.36,18958133
2016/10/31,7.35,7.34,7.36,7.29,21382023
2016/11/1,7.32,7.33,7.34,7.3,17066503
2016/11/2,7.31,7.28,7.33,7.26,21137616
2016/11/3,7.26,7.29,7.31,7.24,16550641
2016/11/4,7.28,7.26,7.31,7.26,18431630
2016/11/7,7.26,7.29,7.31,7.25,18057830
2016/11/8,7.3,7.32,7.32,7.3,20522247
2016/11/9,7.32,7.28,7.32,7.25,21646904
2016/11/10,7.3,7.34,7.35,7.28,36041037
2016/11/11,7.32,7.4,7.43,7.31,47275505
2016/11/14,7.38,7.44,7.46,7.37,49616961
2016/11/15,7.42,7.42,7.47,7.4,34282595
2016/11/16,7.43,7.43,7.44,7.38,27218146
2016/11/17,7.4,7.42,7.44,7.37,25416195
2016/11/18,7.41,7.4,7.43,7.38,16103326
2016/11/21,7.38,7.48,7.48,7.37,48437568
2016/11/22,7.51,7.67,7.73,7.48,128671500
2016/11/23,7.61,7.59,7.71,7.55,65243023
2016/11/24,7.57,7.55,7.61,7.53,39349299
2016/11/25,7.55,7.6,7.62,7.52,52084042
2016/11/28,7.58,7.67,7.69,7.57,52209563
2016/11/29,7.68,7.77,7.8,7.64,87072454
2016/11/30,7.75,7.62,7.76,7.58,56125175
2016/12/1,7.85,7.76,7.87,7.7,101227256
2016/12/2,7.78,7.86,8.14,7.76,154759796
2016/12/5,7.79,7.64,7.79,7.6,66091433
2016/12/6,7.61,7.6,7.69,7.59,34039640
2016/12/7,7.59,7.62,7.62,7.52,35063710
2016/12/8,7.6,7.58,7.62,7.57,22051771
2016/12/9,7.58,7.65,7.67,7.57,38110104
2016/12/12,7.75,7.57,7.79,7.55,60992352
2016/12/13,7.55,7.71,7.74,7.53,57066920
2016/12/14,7.71,7.75,7.91,7.69,76448869
2016/12/15,7.68,7.6,7.7,7.52,54311745
2016/12/16,7.56,7.61,7.63,7.53,29323274
2016/12/19,7.62,7.7,7.72,7.57,40421035
2016/12/20,7.71,7.63,7.71,7.58,31420238
2016/12/21,7.75,7.93,8.08,7.73,151024402
2016/12/22,7.9,8.16,8.28,7.86,166586747
2016/12/23,8.13,8.12,8.24,8.06,83108504
2016/12/26,8.07,8.1,8.13,7.93,68598146
2016/12/27,8.06,8.02,8.09,7.97,49385070
2016/12/28,8.05,8.03,8.19,8,66614894
2016/12/29,7.98,7.95,8.02,7.93,38574755
2016/12/30,7.95,7.95,7.98,7.9,24348142
2017/1/3,7.95,7.97,8.01,7.91,44793060
2017/1/4,7.96,8,8.04,7.92,39556853
2017/1/5,7.99,8.16,8.22,7.97,78716533
2017/1/6,8.17,8.36,8.42,8.15,116201023
2017/1/9,8.3,8.37,8.56,8.3,78487628
2017/1/10,8.35,8.4,8.44,8.22,47145986
2017/1/11,8.35,8.31,8.49,8.3,51345438
2017/1/12,8.31,8.32,8.42,8.29,38071438
2017/1/13,8.32,8.39,8.42,8.27,34979813
2017/1/16,8.36,8.52,8.55,8.27,91976630
2017/1/17,8.47,8.54,8.7,8.45,64948709
2017/1/18,8.53,8.57,8.61,8.49,21401405
2017/1/19,8.54,8.5,8.55,8.36,46730402
2017/1/20,8.46,8.45,8.48,8.4,25475108
2017/1/23,8.45,8.52,8.54,8.41,31749218
2017/1/24,8.52,8.76,8.83,8.49,58648360
2017/1/25,8.74,8.74,8.83,8.68,31191955
2017/1/26,8.69,8.65,8.76,8.59,50405831
2017/2/3,8.65,8.58,8.66,8.56,20339492
2017/2/6,8.58,8.55,8.6,8.49,55451194
2017/2/7,8.54,8.51,8.55,8.47,32696792
2017/2/8,8.49,8.41,8.5,8.34,72457918
2017/2/9,8.41,8.43,8.45,8.33,102334870
2017/2/10,8.4,8.44,8.46,8.38,81956660
2017/2/13,8.45,8.41,8.46,8.37,76056756
2017/2/14,8.4,8.39,8.4,8.35,38910834
2017/2/15,8.39,8.42,8.44,8.37,56435751
2017/2/16,8.4,8.32,8.41,8.26,83008496
2017/2/17,8.3,8.28,8.38,8.25,54263514
2017/2/20,8.28,8.35,8.36,8.26,52509917
2017/2/21,8.33,8.35,8.37,8.31,35756293
2017/2/22,8.36,8.4,8.42,8.35,55610341
2017/2/23,8.39,8.29,8.4,8.26,46345419
2017/2/24,8.29,8.26,8.31,8.18,66711214
2017/2/27,8.24,8.21,8.26,8.18,32652070
2017/2/28,8.2,8.23,8.25,8.2,22270942
2017/3/1,8.23,8.25,8.27,8.19,27920217
2017/3/2,8.24,8.18,8.28,8.17,33325821
2017/3/3,8.16,8.04,8.16,8.03,57076187
2017/3/6,8.05,8.06,8.06,8,27237504
2017/3/7,8.05,8.09,8.09,8.04,29338086
2017/3/8,8.08,8.09,8.12,8.03,44717164
2017/3/9,8.04,7.96,8.04,7.93,59621009
2017/3/10,7.93,7.93,7.96,7.92,28371475
2017/3/13,7.92,7.97,8.01,7.89,36611412
2017/3/14,7.97,7.99,8.03,7.94,30044331
2017/3/15,7.98,7.99,7.99,7.93,33036528
2017/3/16,7.99,8.04,8.05,7.99,33302385
2017/3/17,8.03,7.94,8.04,7.92,38998911
2017/3/20,7.91,8.02,8.02,7.91,51271325
2017/3/21,8,8.03,8.06,7.98,42249232
2017/3/22,7.98,7.98,8.02,7.94,36091109
2017/3/23,7.98,7.92,7.98,7.88,40859219
2017/3/24,7.9,7.96,7.98,7.88,37937493
2017/3/27,7.98,7.92,8.03,7.9,47234463
2017/3/28,7.92,7.85,7.94,7.81,47847276
2017/3/29,7.85,7.85,7.89,7.81,27479948
2017/3/30,7.84,7.86,7.89,7.72,55770291
2017/3/31,7.82,7.87,7.9,7.8,36702631
2017/4/5,7.87,7.97,7.98,7.85,54742973
2017/4/6,7.94,7.98,7.99,7.93,40905455
2017/4/7,8,8.05,8.13,7.98,81109305
2017/4/10,8.07,8.05,8.08,8.02,40336719
2017/4/11,8.04,8.02,8.06,7.95,43429243
2017/4/12,8.02,8.1,8.13,7.96,44529145
2017/4/13,8.08,8.06,8.11,8.03,29579233
2017/4/14,8.05,8.02,8.07,8,27295881
2017/4/17,7.99,8.05,8.07,7.95,34244924
2017/4/18,8.02,7.96,8.05,7.95,25706975
2017/4/19,7.9,7.8,7.92,7.75,37354420
2017/4/20,7.76,7.69,7.79,7.63,42239459
2017/4/21,7.68,7.79,7.8,7.66,28908705
2017/4/24,7.75,7.77,7.8,7.67,29130393
2017/4/25,7.73,7.74,7.78,7.7,17160668
2017/4/26,7.73,7.73,7.78,7.7,27034112
2017/4/27,7.72,7.8,7.81,7.71,27611438
2017/4/28,7.79,7.8,7.8,7.72,23258709
2017/5/2,7.77,7.69,7.78,7.68,25028726
2017/5/3,7.67,7.6,7.69,7.58,35171106
2017/5/4,7.6,7.58,7.6,7.5,33347081
2017/5/5,7.51,7.55,7.56,7.39,57696495
2017/5/8,7.5,7.48,7.55,7.42,34614069
2017/5/9,7.44,7.49,7.51,7.42,18008148
2017/5/10,7.48,7.44,7.5,7.43,17386400
2017/5/11,7.45,7.62,7.64,7.43,68966786
2017/5/12,7.55,7.6,7.62,7.55,33737585
2017/5/15,7.57,7.7,7.75,7.56,46707292
2017/5/16,7.67,7.69,7.73,7.63,25495558
2017/5/17,7.68,7.59,7.68,7.55,42407095
2017/5/18,7.55,7.62,7.63,7.52,26458652
2017/5/19,7.62,7.6,7.66,7.58,25690963
2017/5/22,7.67,7.69,7.71,7.63,37301795
2017/5/23,7.68,7.79,7.79,7.65,55761549
2017/5/24,7.75,7.75,7.79,7.68,30590213
2017/5/25,7.73,7.87,7.9,7.7,50157737
2017/5/26,7.79,7.8,7.85,7.77,41162958
2017/5/31,7.78,7.82,7.86,7.73,33158474
2017/6/1,7.78,7.85,7.88,7.75,43139929
2017/6/2,7.83,7.77,7.9,7.76,38275464
2017/6/5,7.74,7.74,7.76,7.65,36042371
2017/6/6,7.71,7.72,7.74,7.69,15206205
2017/6/7,7.73,7.75,7.75,7.69,27446830
2017/6/8,7.72,7.73,7.75,7.69,31988109
2017/6/9,7.71,7.73,7.79,7.7,27179738
2017/6/12,7.71,7.64,7.73,7.64,25840367
2017/6/13,7.61,7.65,7.66,7.6,16708856
2017/6/14,7.63,7.66,7.67,7.62,16544242
2017/6/15,7.63,7.65,7.67,7.59,19972561
2017/6/16,7.63,7.65,7.66,7.59,20319473
2017/6/19,7.64,7.65,7.67,7.63,17585815
2017/6/20,7.66,7.7,7.7,7.64,23515978
2017/6/21,7.7,7.72,7.73,7.65,22622756
2017/6/22,7.68,7.69,7.76,7.65,29045153
2017/6/23,7.64,7.74,7.75,7.62,33266978
2017/6/26,7.72,7.73,7.76,7.71,26395813
2017/6/27,7.72,7.7,7.74,7.66,24867905
2017/6/28,7.68,7.69,7.74,7.67,25155911
2017/6/29,7.7,7.69,7.72,7.65,24595993
2017/6/30,7.66,7.69,7.73,7.64,17653192
2017/7/3,7.7,7.74,7.74,7.67,19488606
2017/7/4,7.74,7.83,7.86,7.74,53288809
2017/7/5,7.82,7.81,7.83,7.78,20691776
2017/7/6,7.79,7.83,7.88,7.78,33832100
2017/7/7,7.81,7.8,7.84,7.78,18230510
2017/7/10,7.8,7.84,7.91,7.78,36944858
2017/7/11,7.84,7.84,7.9,7.82,28131084
2017/7/12,7.85,7.79,7.86,7.74,28920647
2017/7/13,7.79,7.89,7.89,7.77,43009209
2017/7/14,7.9,7.89,7.94,7.86,31718231
2017/7/17,7.88,8.13,8.14,7.78,127291134
2017/7/18,8.05,8.06,8.12,7.99,80143891
2017/7/19,8.02,8.11,8.12,8.01,67786007
2017/7/20,8.09,8.11,8.14,8.07,43466345
2017/7/21,8.1,8.03,8.12,8.01,33842063
2017/7/24,8,8.01,8.06,7.99,30547021
2017/7/25,8,8.07,8.15,7.99,48473302
2017/7/26,8.1,8.19,8.19,8.07,64278572
2017/7/27,8.28,8.15,8.3,8.12,65010618
2017/7/28,8.12,8.1,8.14,8.03,43078145
2017/7/31,8.1,8.13,8.16,8.07,32503149
2017/8/1,8.16,8.23,8.24,8.13,47033800
2017/8/2,8.19,8.14,8.2,8.12,40122876
2017/8/3,8.15,8.11,8.17,8.07,29118446
2017/8/4,8.07,8.18,8.26,8.07,48838636
2017/8/7,8.18,8.19,8.23,8.12,26026160
2017/8/8,8.17,8.18,8.2,8.13,23563131
2017/8/9,8.17,8.12,8.18,8.12,20122058
2017/8/10,8.13,8.09,8.16,8.03,37198009
2017/8/11,8.03,7.97,8.06,7.88,57845790
2017/8/14,7.94,7.95,7.96,7.9,28246231
2017/8/15,7.93,7.93,7.97,7.91,23089292
2017/8/16,7.93,7.9,7.94,7.88,27964493
2017/8/17,7.91,7.93,7.93,7.89,30690868
2017/8/18,7.89,7.95,7.97,7.87,31139822
2017/8/21,7.98,8.02,8.03,7.95,32544562
2017/8/22,8.02,8.01,8.04,7.97,21880526
2017/8/23,8.01,7.99,8.04,7.98,18377500
2017/8/24,8.01,7.96,8.03,7.95,19566103
2017/8/25,8.03,8.07,8.1,8,53153297
2017/8/28,8.1,8.2,8.23,8.08,63427127
2017/8/29,8.2,8.12,8.21,8.1,33692654
2017/8/30,8.11,8.13,8.19,8.09,27404019
2017/8/31,8.1,8.11,8.13,8.08,21613910
2017/9/1,8.14,8.09,8.15,8.07,32021967
2017/9/4,8.09,8.1,8.12,8.07,30874353
2017/9/5,8.09,8.08,8.13,8.05,23336691
2017/9/6,8.08,8.14,8.16,8.08,36160512
2017/9/7,8.15,8.09,8.16,8.08,27271901
2017/9/8,8.09,8.08,8.11,8.06,18564023
2017/9/11,8.06,8.08,8.1,8.05,20652343
2017/9/12,8.09,8.03,8.1,8.01,25260249
2017/9/13,8.01,8.03,8.05,8,14689265
2017/9/14,8.03,8.03,8.07,8.02,19559898
2017/9/15,7.99,7.98,8.01,7.95,21291532
2017/9/18,7.98,8,8.03,7.96,20191043
2017/9/19,7.98,7.97,8.01,7.95,16689203
2017/9/20,7.97,7.94,7.98,7.93,19783596
2017/9/21,7.94,7.97,7.98,7.94,12227359
2017/9/22,7.96,7.95,7.97,7.87,22784880
2017/9/25,7.91,8.06,8.09,7.89,56883099
2017/9/26,8.08,8.09,8.15,8.05,38019689
2017/9/27,8.07,8.05,8.1,8.04,22488757
2017/9/28,8.04,8,8.05,7.95,25997665
2017/9/29,8,7.99,8.02,7.95,17017022
2017/10/9,8.04,7.98,8.04,7.96,27263565
2017/10/10,7.98,8,8,7.96,17384518
2017/10/11,8,8,8.01,7.98,19773912
2017/10/12,8,7.97,8,7.95,17028397
2017/10/13,7.97,7.98,7.98,7.95,14901303
2017/10/16,7.98,8.05,8.06,7.97,43276196
2017/10/17,8.05,8.05,8.09,8.02,24339844
2017/10/18,8.05,8.25,8.28,8.03,100724114
2017/10/19,8.2,8.27,8.28,8.17,61444543
2017/10/20,8.21,8.15,8.22,8.13,34397721
2017/10/23,8.15,8.15,8.17,8.09,27878408
2017/10/24,8.13,8.17,8.23,8.12,41247155
2017/10/25,8.15,8.13,8.17,8.1,26901697
2017/10/26,8.13,8.17,8.17,8.09,29204612
2017/10/27,8.18,8.13,8.19,8.1,35602117
2017/10/30,8.15,8.3,8.35,8.11,101277166
2017/10/31,8.27,8.27,8.3,8.22,47719652
2017/11/1,8.27,8.39,8.43,8.25,82155133
2017/11/2,8.36,8.39,8.43,8.33,46492657
2017/11/3,8.39,8.32,8.5,8.27,68350588
2017/11/6,8.38,8.38,8.46,8.31,61862747
2017/11/7,8.45,8.59,8.67,8.44,115952801
2017/11/8,8.55,8.5,8.57,8.44,81422046
2017/11/9,8.49,8.52,8.53,8.44,38032806
2017/11/10,8.5,8.39,8.54,8.34,56177006
2017/11/13,8.4,8.4,8.45,8.31,49540379
2017/11/14,8.37,8.36,8.42,8.33,32852671
2017/11/15,8.3,8.15,8.3,8.14,57290210
2017/11/16,8.14,8.08,8.17,8.06,40260747
2017/11/17,8.1,8.12,8.13,8.04,60639415
2017/11/20,8.11,8.18,8.23,8.1,61241078
2017/11/21,8.14,8.22,8.27,8.06,63231898
2017/11/22,8.21,8.4,8.43,8.18,77470846
2017/11/23,8.41,8.29,8.47,8.28,77924571
2017/11/24,8.27,8.4,8.44,8.22,64856515
2017/11/27,8.4,8.34,8.55,8.32,58173563
2017/11/28,8.31,8.21,8.35,8.18,47254026
2017/11/29,8.21,8.24,8.34,8.19,42474295
2017/11/30,8.18,8.17,8.25,8.14,34723556
2017/12/1,8.18,8.16,8.21,8.12,27725425
2017/12/4,8.16,8.17,8.22,8.13,33240292
2017/12/5,8.15,8.22,8.24,8.1,55968596
2017/12/6,8.18,8.09,8.19,8.06,48636321
2017/12/7,8.04,8.05,8.1,8.02,34432327
2017/12/8,8.04,8.06,8.07,8,38839278
2017/12/11,8.06,8.09,8.14,8.05,30388336
2017/12/12,8.1,8.02,8.12,8,30919232
2017/12/13,8.01,8.02,8.05,8,24574783
2017/12/14,8.03,7.94,8.04,7.91,40182442
2017/12/15,7.94,7.87,7.94,7.86,28084231
2017/12/18,7.87,7.88,7.9,7.84,20861342
2017/12/19,7.88,7.89,7.91,7.86,16446764
2017/12/20,7.93,7.94,7.96,7.9,25688726
2017/12/21,7.94,7.98,8,7.89,26014290
2017/12/22,7.99,8.09,8.12,7.95,42492964
2017/12/25,8.08,8.04,8.12,8.01,21008030
2017/12/26,8.02,8.07,8.09,8.01,19729541
2017/12/27,8.09,8.09,8.18,8.08,37452602
2017/12/28,8.07,8.06,8.12,8.02,25125826
2017/12/29,8.06,8.09,8.13,8.05,23867187
2018/1/2,8.09,8.25,8.33,8.08,61396100
2018/1/3,8.23,8.27,8.37,8.21,47413835
2018/1/4,8.34,8.55,8.79,8.32,152277262
2018/1/5,8.53,8.59,8.66,8.48,102246129
2018/1/8,8.56,8.53,8.62,8.47,64196346
2018/1/9,8.51,8.51,8.62,8.45,47163969
2018/1/10,8.62,8.75,8.89,8.62,114198389
2018/1/11,8.77,8.76,8.88,8.68,62830332
2018/1/12,8.82,8.75,8.85,8.66,48109302
2018/1/15,8.78,8.81,8.95,8.67,83363259
2018/1/16,8.8,8.71,8.89,8.65,71529878
2018/1/17,8.68,8.82,9.01,8.66,126574027
2018/1/18,8.87,8.73,8.87,8.68,72627807
2018/1/19,8.73,9,9.05,8.71,127136151
2018/1/22,8.95,8.95,9.05,8.81,90575847
2018/1/23,9,9.19,9.19,8.93,145180593
2018/1/24,9.21,9.33,9.35,9.11,137967755
2018/1/25,9.4,9.25,9.58,9.24,119935716
2018/1/26,9.2,9.31,9.34,9.11,68851202
2018/1/29,9.33,9.3,9.5,9.24,90133576
2018/1/30,9.2,9.11,9.3,9.08,70810765
2018/1/31,8.96,9.01,9.07,8.91,70772517
2018/2/1,9.01,9,9.07,8.85,77571373
2018/2/2,8.98,9.3,9.37,8.88,112532139
2018/2/5,9.1,9.35,9.36,9.1,96703655
2018/2/6,9.2,8.82,9.3,8.75,108111513
2018/2/7,8.95,8.57,9.02,8.5,122267259
2018/2/8,8.44,8.36,8.49,8.28,86272754
2018/2/9,8.16,7.95,8.23,7.8,123110947
2018/2/12,7.95,7.98,8.04,7.87,53758010
2018/2/13,7.98,8,8.09,7.94,53744686
2018/2/14,7.99,8.02,8.05,7.93,36546485
2018/2/22,8.09,8.16,8.19,8.05,46657561
2018/2/23,8.16,8.19,8.25,8.13,46100296
2018/2/26,8.25,8.26,8.29,8.14,50709041
2018/2/27,8.24,8.13,8.27,8.1,41863711
2018/2/28,8.06,8,8.12,7.97,61704765
2018/3/1,7.94,8.02,8.04,7.89,34577083
2018/3/2,7.95,7.96,8,7.92,29344820
2018/3/5,7.96,8.01,8.04,7.96,30811614
2018/3/6,8.04,8.11,8.12,8,38147199
2018/3/7,8.08,8.02,8.11,8,32123743
2018/3/8,7.98,8.03,8.05,7.97,22977914
2018/3/9,8.01,8.03,8.03,7.99,29977389
2018/3/12,8.05,8.05,8.1,8.03,54201256
2018/3/13,8.03,7.99,8.05,7.98,30087890
2018/3/14,7.98,7.99,8.02,7.95,42141621
2018/3/15,7.95,7.95,7.99,7.92,33874348
2018/3/16,7.94,7.91,7.98,7.9,28499497
2018/3/19,7.91,7.97,7.97,7.9,36518156
2018/3/20,7.93,8.07,8.11,7.92,88404970
2018/3/21,8.11,8.03,8.16,7.99,70112133
2018/3/22,8.1,8.05,8.13,8.02,50222409
2018/3/23,7.92,7.83,7.92,7.73,86812077
2018/3/26,7.83,7.75,7.85,7.64,58109398
2018/3/27,7.79,7.79,7.8,7.74,40421540
2018/3/28,7.72,7.6,7.74,7.58,50868001
2018/3/29,7.6,7.7,7.72,7.56,37497239
2018/3/30,7.69,7.64,7.7,7.62,30485302
2018/4/2,7.65,7.65,7.72,7.61,33200341
2018/4/3,7.58,7.49,7.59,7.44,58530626
2018/4/4,7.52,7.46,7.54,7.44,40464146
2018/4/9,7.43,7.48,7.51,7.39,33908768
2018/4/10,7.5,7.59,7.6,7.43,38233491
2018/4/11,7.64,7.69,7.74,7.63,53413653
2018/4/12,7.71,7.73,7.76,7.68,52742929
2018/4/13,7.69,7.62,7.69,7.62,22017456
2018/4/16,7.67,7.55,7.7,7.53,29312898
2018/4/17,7.54,7.52,7.58,7.51,22182551
2018/4/18,7.57,7.64,7.64,7.51,29472874
2018/4/19,7.71,7.75,7.79,7.69,42992029
2018/4/20,7.71,7.64,7.75,7.63,29049936
2018/4/23,7.62,7.58,7.68,7.53,20325347
2018/4/24,7.6,7.71,7.73,7.6,38557151
2018/4/25,7.65,7.64,7.68,7.62,19819063
2018/4/26,7.66,7.55,7.68,7.54,23209555
2018/4/27,7.58,7.65,7.67,7.53,28942476
2018/5/2,7.65,7.61,7.66,7.56,23293699
2018/5/3,7.61,7.7,7.72,7.57,32940307
2018/5/4,7.67,7.7,7.71,7.65,19881475
2018/5/7,7.73,7.84,7.85,7.69,60944060
2018/5/8,7.8,7.84,7.85,7.79,35717174
2018/5/9,7.85,7.9,8.01,7.84,68161864
2018/5/10,8.03,8,8.08,7.95,66643106
2018/5/11,8.02,7.98,8.06,7.95,51546584
2018/5/14,7.96,7.99,8,7.92,30469283
2018/5/15,8.01,8,8.03,7.96,20034857
2018/5/16,7.98,7.89,7.98,7.86,30157030
2018/5/17,7.92,7.91,7.96,7.9,24870721
2018/5/18,7.92,8.49,8.5,7.92,155138679
2018/5/21,8.44,8.52,8.54,8.35,103062334
2018/5/22,8.5,8.56,8.57,8.38,61485537
2018/5/23,8.5,8.25,8.51,8.24,77444423
2018/5/24,8.26,8.25,8.31,8.21,36006479
2018/5/25,8.19,8.13,8.31,8.11,52018583
2018/5/28,8.02,8.13,8.16,8,61236906
2018/5/29,8.12,8.05,8.14,8.01,34800946
2018/5/30,7.96,7.81,8.01,7.81,50380202
2018/5/31,7.93,7.98,8.01,7.86,48218288
2018/6/1,7.95,8,8.05,7.89,33336428
2018/6/4,7.98,7.96,8.05,7.92,22227068
2018/6/5,7.93,7.98,8.02,7.87,28027050
2018/6/6,7.97,7.98,8.02,7.85,41026647
2018/6/7,7.96,7.93,7.98,7.92,21189415
2018/6/8,7.97,7.91,8.06,7.89,37353876
2018/6/11,7.87,7.77,7.88,7.72,33479407
2018/6/12,7.76,7.83,7.84,7.75,19724084
2018/6/13,7.8,7.78,7.85,7.75,17478131
2018/6/14,7.75,7.74,7.84,7.71,20318153
2018/6/15,7.74,7.75,7.78,7.72,23835860
2018/6/19,7.68,7.41,7.69,7.31,48737893
2018/6/20,7.37,7.42,7.44,7.33,31128782
2018/6/21,7.36,7.27,7.38,7.25,26832882
2018/6/22,7.25,7.3,7.36,7.17,20075710
2018/6/25,7.4,7.31,7.42,7.3,22509347
2018/6/26,7.25,7.33,7.37,7.2,22597268
2018/6/27,7.45,7.51,7.61,7.41,48040729
2018/6/28,7.62,7.71,7.78,7.6,51391929
2018/6/29,7.71,7.71,7.79,7.52,38134301
2018/7/2,7.65,7.51,7.68,7.45,30149938
2018/7/3,7.51,7.53,7.55,7.39,28187409
2018/7/4,7.49,7.49,7.58,7.46,22285214
2018/7/5,7.49,7.43,7.52,7.35,21114193
2018/7/6,7.39,7.45,7.46,7.34,25127370
2018/7/9,7.49,7.61,7.62,7.47,24663130
2018/7/10,7.65,7.76,7.76,7.52,35791971
2018/7/11,7.6,7.59,7.66,7.55,20520866
2018/7/12,7.49,7.64,7.65,7.46,27770002
2018/7/13,7.62,7.6,7.63,7.57,15564049
2018/7/16,7.58,7.49,7.61,7.45,20944197
2018/7/17,7.42,7.3,7.42,7.25,52269627
2018/7/18,7.3,7.28,7.31,7.25,30612047
2018/7/19,7.3,7.24,7.33,7.21,25424481
2018/7/20,7.25,7.36,7.38,7.21,31907575
2018/7/23,7.32,7.46,7.49,7.3,34229921
2018/7/24,7.43,7.57,7.67,7.41,43963078
2018/7/25,7.63,7.58,7.65,7.53,22543311
2018/7/26,7.6,7.58,7.62,7.54,21184808
2018/7/27,7.56,7.58,7.59,7.53,18691519
2018/7/30,7.56,7.59,7.66,7.51,29036451
2018/7/31,7.64,7.73,7.79,7.59,49392049
2018/8/1,7.67,7.58,7.73,7.57,31387618
2018/8/2,7.58,7.55,7.6,7.43,29504081
2018/8/3,7.56,7.61,7.72,7.55,42180322
2018/8/6,7.55,7.6,7.68,7.53,37551124
2018/8/7,7.64,7.94,7.98,7.63,68406961
2018/8/8,7.9,8.06,8.23,7.87,92042752
2018/8/9,7.95,8.06,8.09,7.86,43793964
2018/8/10,8.01,8.03,8.14,7.94,29285512
2018/8/13,8.01,7.99,8.12,7.88,32727735
2018/8/14,7.96,8.11,8.15,7.93,32949626
2018/8/15,8.08,8.08,8.16,8.01,32707669
2018/8/16,7.96,7.94,8.1,7.88,28431725
2018/8/17,7.94,7.99,8.1,7.94,33504213
2018/8/20,8.02,8.18,8.2,8,38555316
2018/8/21,8.18,8.17,8.27,8.09,30369034
2018/8/22,8.17,8,8.18,7.97,36115150
2018/8/23,8.03,8.06,8.09,7.98,21256309
2018/8/24,8.06,8.13,8.18,7.99,23183824
2018/8/27,8.13,8.26,8.28,8.12,29598420
2018/8/28,8.26,8.17,8.3,8.13,27212323
2018/8/29,8.17,8.17,8.2,8.1,17559209
2018/8/30,8.22,8.15,8.29,8.1,25711162
2018/8/31,8.16,8.04,8.16,7.97,34797845
2018/9/3,8,8.07,8.08,7.97,19513677
2018/9/4,8.06,8.24,8.28,8.04,35029245
2018/9/5,8.22,8.2,8.27,8.14,31444022
2018/9/6,8.18,8.25,8.33,8.15,33690393
2018/9/7,8.24,8.2,8.35,8.15,23272283
2018/9/10,8.17,8.18,8.26,8.15,18117599
2018/9/11,8.2,8.24,8.31,8.19,27877006
2018/9/12,8.31,8.27,8.35,8.18,31124968
2018/9/13,8.3,8.53,8.54,8.29,62509007
2018/9/14,8.49,8.66,8.71,8.4,66272544
2018/9/17,8.65,8.67,8.7,8.58,32906271
2018/9/18,8.61,8.61,8.68,8.44,33145779
2018/9/19,8.63,8.93,8.98,8.6,69839761
2018/9/20,8.93,8.96,8.96,8.86,31634448
2018/9/21,8.87,8.81,8.91,8.64,61564116
2018/9/25,8.86,8.89,9.1,8.86,53980250
2018/9/26,8.86,9.05,9.09,8.83,56594865
2018/9/27,9.03,9.11,9.17,8.99,47152820
2018/9/28,9.11,9.17,9.17,9.01,42977314
2018/10/8,9.11,8.83,9.3,8.81,85611062
2018/10/9,8.83,9.22,9.34,8.83,91499104
2018/10/10,9.2,9.33,9.34,9.13,50939564
2018/10/11,8.97,8.83,9.07,8.64,99412026
2018/10/12,8.72,8.91,8.95,8.6,60684024
2018/10/15,8.82,8.83,9.05,8.66,57934742
2018/10/16,8.79,8.92,9.08,8.75,49914400
2018/10/17,8.97,9.09,9.14,8.94,61819921
2018/10/18,8.93,8.37,8.94,8.35,107280410
2018/10/19,8.14,8.52,8.56,8.09,77360600
2018/10/22,8.47,8.7,8.79,8.44,93323289
2018/10/23,8.55,8.52,8.74,8.49,46629881
2018/10/24,8.21,8.3,8.41,8.11,76388165
2018/10/25,8.14,8.27,8.27,8.1,45625981
2018/10/26,8.3,8.24,8.37,8.21,41806777
2018/10/29,8.4,8.23,8.4,8.18,52577457
2018/10/30,8.23,8.26,8.28,8.06,48286283
2018/10/31,8.31,8.31,8.33,8.16,63014075
2018/11/1,8.24,8.2,8.35,8.19,71597755
2018/11/2,8.2,8.31,8.33,8.11,91912763
2018/11/5,8.22,8.29,8.3,8.18,56675656
2018/11/6,8.26,8.35,8.38,8.23,70961967
2018/11/7,8.3,8.19,8.32,8.16,59829537
2018/11/8,8.21,8.23,8.27,8.18,45737479
2018/11/9,8.14,8.09,8.18,8.09,39916683
2018/11/12,8.07,8.12,8.13,8.05,45400312
2018/11/13,8,8.06,8.07,7.92,68634394
2018/11/14,7.81,7.84,7.89,7.77,71342371
2018/11/15,7.86,7.87,7.87,7.81,53334064
2018/11/16,7.86,7.86,7.88,7.81,52418174
2018/11/19,7.85,7.91,7.91,7.82,57192650
2018/11/20,7.86,7.83,7.89,7.8,45706384
2018/11/21,7.69,7.71,7.72,7.65,50213616
2018/11/22,7.71,7.73,7.74,7.69,32902792
2018/11/23,7.71,7.64,7.72,7.62,41241096
2018/11/26,7.58,7.6,7.61,7.47,43105729
2018/11/27,7.61,7.56,7.62,7.53,30864244
2018/11/28,7.56,7.61,7.63,7.55,32650544
2018/11/29,7.58,7.56,7.65,7.55,35616646
2018/11/30,7.58,7.61,7.63,7.57,31384657
2018/12/3,7.72,7.73,7.8,7.65,80155247
2018/12/4,7.71,7.73,7.75,7.7,46475967
2018/12/5,7.65,7.67,7.73,7.65,30732771
2018/12/6,7.62,7.6,7.65,7.55,32009739
2018/12/7,7.59,7.57,7.6,7.55,23479823
2018/12/10,7.61,7.62,7.62,7.57,32301124
2018/12/11,7.57,7.58,7.6,7.56,21735291
2018/12/12,7.63,7.64,7.66,7.59,24058208
2018/12/13,7.62,7.71,7.74,7.61,34700069
2018/12/14,7.74,7.69,7.8,7.68,62583548
2018/12/17,7.65,7.72,7.75,7.64,32998682
2018/12/18,7.67,7.63,7.69,7.6,31488092
2018/12/19,7.59,7.47,7.59,7.47,39498704
2018/12/20,7.47,7.43,7.5,7.38,28768430
2018/12/21,7.39,7.4,7.4,7.35,30064568
2018/12/24,7.37,7.42,7.45,7.35,26398395
2018/12/25,7.32,7.27,7.32,7.2,41740830
2018/12/26,7.26,7.25,7.3,7.24,18835611
2018/12/27,7.42,7.22,7.47,7.15,79241604
2018/12/28,7.17,7.21,7.25,7.14,33628507
2019/1/2,7.21,7.16,7.24,7.12,33328559
2019/1/3,7.16,7.21,7.21,7.13,24736911
2019/1/4,7.2,7.29,7.3,7.17,35343961
2019/1/7,7.32,7.32,7.37,7.28,42101919
2019/1/8,7.33,7.33,7.35,7.3,26065223
2019/1/9,7.39,7.33,7.42,7.32,37616326
2019/1/10,7.4,7.35,7.4,7.34,30102473
2019/1/11,7.38,7.38,7.39,7.34,21461189
2019/1/14,7.35,7.31,7.39,7.3,21518889
2019/1/15,7.33,7.34,7.36,7.31,25392221
2019/1/16,7.36,7.34,7.38,7.33,25576338
2019/1/17,7.35,7.31,7.36,7.3,22346146
2019/1/18,7.34,7.35,7.36,7.28,44226865
2019/1/21,7.38,7.39,7.41,7.36,40927399
2019/1/22,7.42,7.32,7.44,7.3,39914280
2019/1/23,7.3,7.26,7.31,7.26,27745951
2019/1/24,7.27,7.28,7.29,7.22,26758065
2019/1/25,7.29,7.28,7.31,7.26,36675181
2019/1/28,7.3,7.27,7.33,7.26,36675630
2019/1/29,7.24,7.27,7.29,7.21,34698401
2019/1/30,7.28,7.25,7.29,7.24,25554568
2019/1/31,7.28,7.32,7.33,7.25,45899364
2019/2/1,7.33,7.35,7.35,7.28,45587096
2019/2/11,7.32,7.36,7.38,7.3,44861456
2019/2/12,7.36,7.41,7.41,7.33,48893700
2019/2/13,7.41,7.53,7.57,7.39,101185832
2019/2/14,7.51,7.51,7.53,7.47,50792784
2019/2/15,7.49,7.45,7.54,7.45,40684843
2019/2/18,7.49,7.57,7.58,7.49,81292828
2019/2/19,7.57,7.59,7.62,7.53,84884371
2019/2/20,7.6,7.58,7.6,7.54,49597457
2019/2/21,7.57,7.52,7.6,7.5,71477845
2019/2/22,7.49,7.57,7.57,7.45,75517309
2019/2/25,7.58,7.85,7.85,7.58,211625670
2019/2/26,7.8,7.8,7.89,7.73,159862765
2019/2/27,7.78,7.83,7.94,7.77,134180341
2019/2/28,7.86,7.83,7.87,7.78,90903349
2019/3/1,7.84,7.88,7.89,7.78,105034811
2019/3/4,7.88,7.91,8.02,7.84,194358740
2019/3/5,7.89,7.87,7.9,7.81,141783053
2019/3/6,7.86,7.98,8.02,7.85,200833682
2019/3/7,7.95,7.94,7.97,7.89,166033653
2019/3/8,7.88,7.66,7.89,7.66,154840494
2019/3/11,7.66,7.71,7.71,7.6,110432684
2019/3/12,7.73,7.75,7.84,7.7,149263216
2019/3/13,7.75,7.69,7.76,7.64,101263070
2019/3/14,7.72,7.67,7.79,7.63,99089540
2019/3/15,7.68,7.7,7.72,7.65,89442999
2019/3/18,7.69,7.81,7.82,7.67,126520789
2019/3/19,7.83,7.8,7.86,7.77,111315377
2019/3/20,7.8,7.77,7.82,7.71,98027619
2019/3/21,7.78,7.82,7.87,7.75,135233085
2019/3/22,7.82,7.77,7.83,7.72,99361867
2019/3/25,7.67,7.6,7.68,7.59,125930158
2019/3/26,7.63,7.54,7.64,7.52,82069556
2019/3/27,7.57,7.55,7.58,7.53,54435104
2019/3/28,7.51,7.49,7.53,7.48,56216556
2019/3/29,7.49,7.6,7.61,7.48,87857838
2019/4/1,7.58,7.69,7.71,7.56,225952407
2019/4/2,7.72,7.66,7.72,7.64,111855466
2019/4/3,7.65,7.73,7.74,7.64,128697591
2019/4/4,7.72,7.73,7.77,7.69,165772667
2019/4/8,7.79,7.77,7.82,7.71,193283701
2019/4/9,7.79,7.73,7.8,7.7,109721784
2019/4/10,7.71,7.69,7.71,7.64,104086471
2019/4/11,7.69,7.62,7.72,7.6,91052634
2019/4/12,7.61,7.64,7.64,7.59,68293665
2019/4/15,7.67,7.61,7.7,7.61,95604818
2019/4/16,7.58,7.73,7.73,7.53,124865356
2019/4/17,7.69,7.68,7.71,7.67,99635873
2019/4/18,7.67,7.67,7.73,7.65,74874496
2019/4/19,7.67,7.66,7.7,7.59,95548280
2019/4/22,7.68,7.73,7.83,7.64,209360734
2019/4/23,7.76,7.7,7.77,7.66,123347789
2019/4/24,7.7,7.65,7.71,7.61,92598979
2019/4/25,7.63,7.51,7.64,7.51,99542227
2019/4/26,7.49,7.42,7.5,7.42,91558751
2019/4/29,7.41,7.4,7.46,7.37,74652785
2019/4/30,7.39,7.41,7.43,7.37,56516854
2019/5/6,7.32,7.34,7.47,7.15,180438834
2019/5/7,7.3,7.29,7.32,7.25,71732293
2019/5/8,7.24,7.24,7.27,7.21,59923257
2019/5/9,7.21,7.21,7.26,7.2,53972965
2019/5/10,7.23,7.28,7.3,7.19,91288943
2019/5/13,7.25,7.24,7.34,7.18,111733150
2019/5/14,7.2,7.22,7.25,7.2,49887920
2019/5/15,7.23,7.27,7.28,7.2,99030589
2019/5/16,7.23,7.28,7.33,7.19,131814213
2019/5/17,7.26,7.2,7.27,7.19,81833435
2019/5/20,7.19,7.23,7.25,7.17,76025867
2019/5/21,7.21,7.23,7.25,7.2,55253158
2019/5/22,7.22,7.19,7.23,7.18,52820751
2019/5/23,7.17,7.2,7.2,7.12,132281535
2019/5/24,7.14,7.16,7.18,7.13,45428158
2019/5/27,7.15,7.18,7.19,7.14,45143882
2019/5/28,7.18,7.18,7.2,7.15,75671601
2019/5/29,7.16,7.15,7.18,7.15,42170829
2019/5/30,7.16,7.19,7.21,7.14,79113410
2019/5/31,7.17,7.15,7.19,7.15,45372108
2019/6/3,7.14,7.13,7.16,7.12,55275068
2019/6/4,7.13,7.1,7.14,7.08,47955483
2019/6/5,7.12,7.1,7.13,7.09,49377451
2019/6/6,7.1,7.03,7.1,7.02,57547868
2019/6/10,7.05,7.05,7.07,7.03,51282992
2019/6/11,7.05,7.11,7.13,7.03,111139114
2019/6/12,7.08,7.06,7.09,7.05,59802978
2019/6/13,7.04,7.06,7.06,7,85253361
2019/6/14,7.05,7,7.05,7,65323967
2019/6/17,7,7.01,7.02,6.99,51379526
2019/6/18,7,6.93,7.01,6.92,105195449
2019/6/19,6.98,6.94,6.99,6.93,115911936
2019/6/20,6.93,6.98,6.99,6.88,148395506
2019/6/21,7.01,7.03,7.03,6.99,138172446
2019/6/24,7.02,7.01,7.02,6.98,83597755
2019/6/25,7,6.96,7.01,6.93,88656608
2019/6/26,6.95,6.99,7,6.95,88704328
2019/6/27,7,6.99,7.02,6.97,107193628
2019/6/28,6.91,6.88,6.91,6.86,58735606
2019/7/1,6.91,6.93,6.93,6.89,123018849
2019/7/2,6.91,6.91,6.92,6.89,69220383
2019/7/3,6.9,6.88,6.9,6.86,73325455
2019/7/4,6.88,6.9,6.91,6.87,67376194
2019/7/5,6.89,6.86,6.9,6.83,115304483
2019/7/8,6.85,6.75,6.86,6.72,118396878
2019/7/9,6.74,6.71,6.75,6.7,67967523
2019/7/10,6.72,6.66,6.72,6.64,67042587
2019/7/11,6.68,6.67,6.71,6.66,67040408
2019/7/12,6.67,6.67,6.69,6.64,48044859
2019/7/15,6.66,6.64,6.67,6.57,72128654
2019/7/16,6.63,6.62,6.64,6.61,47802359
2019/7/17,6.6,6.6,6.62,6.58,48891363
2019/7/18,6.58,6.53,6.59,6.53,76040219
2019/7/19,6.54,6.55,6.58,6.53,57948291
2019/7/22,6.55,6.45,6.55,6.45,84994174
2019/7/23,6.45,6.45,6.47,6.43,50822041
2019/7/24,6.45,6.48,6.5,6.45,62202602
2019/7/25,6.47,6.47,6.47,6.44,43038711
2019/7/26,6.45,6.54,6.57,6.44,116335248
2019/7/29,6.52,6.54,6.56,6.51,56523870
2019/7/30,6.56,6.54,6.56,6.53,47269200
2019/7/31,6.54,6.51,6.55,6.5,40173380
2019/8/1,6.49,6.46,6.5,6.45,50752817
2019/8/2,6.38,6.33,6.38,6.31,95839322
2019/8/5,6.31,6.25,6.32,6.25,65246356
2019/8/6,6.17,6.16,6.19,6.13,90367104
2019/8/7,6.16,6.2,6.28,6.13,88996986
2019/8/8,6.17,6.17,6.2,6.16,57586013
2019/8/9,6.19,6.17,6.22,6.14,56478575
2019/8/12,6.17,6.19,6.19,6.15,41709671
2019/8/13,6.17,6.14,6.17,6.13,42810762
2019/8/14,6.17,6.14,6.19,6.13,48662603
2019/8/15,6.06,6.1,6.11,6.03,57756532
2019/8/16,6.09,6.1,6.12,6.07,44962180
2019/8/19,6.1,6.18,6.18,6.08,69927360
2019/8/20,6.17,6.19,6.22,6.15,52564402
2019/8/21,6.19,6.17,6.19,6.15,34287647
2019/8/22,6.17,6.15,6.18,6.13,37307378
2019/8/23,6.16,6.12,6.17,6.11,42795686
2019/8/26,6.03,6.07,6.07,6.02,47107708
2019/8/27,6.08,6.1,6.13,6.07,70802591
2019/8/28,6.11,6.09,6.12,6.09,40329236
2019/8/29,6.11,6.09,6.11,6.07,34150998
2019/8/30,6.12,6.12,6.16,6.09,68939478
2019/9/2,6.11,6.16,6.17,6.1,61856812
2019/9/3,6.16,6.15,6.16,6.13,39027877
2019/9/4,6.15,6.19,6.19,6.14,75308273
2019/9/5,6.21,6.23,6.29,6.21,100910130
2019/9/6,6.24,6.26,6.27,6.22,61343008
2019/9/9,6.29,6.33,6.33,6.25,98782834
2019/9/10,6.33,6.35,6.36,6.29,73980655
2019/9/11,6.35,6.32,6.35,6.31,54298036
2019/9/12,6.31,6.28,6.33,6.26,71761298
2019/9/16,6.54,6.5,6.59,6.46,310385184
2019/9/17,6.52,6.42,6.53,6.41,134806966
2019/9/18,6.36,6.33,6.36,6.32,104498812
2019/9/19,6.32,6.35,6.35,6.29,62429180
2019/9/20,6.35,6.38,6.4,6.33,56850312
2019/9/23,6.38,6.36,6.4,6.35,47942820
2019/9/24,6.3,6.26,6.3,6.25,40676470
2019/9/25,6.24,6.15,6.24,6.14,59373619
2019/9/26,6.15,6.1,6.17,6.1,47886279
2019/9/27,6.1,6.11,6.12,6.07,48293716
2019/9/30,6.19,6.19,6.25,6.17,83796756
2019/10/8,6.19,6.11,6.19,6.11,81068578
2019/10/9,6.09,6.1,6.1,6.06,54854341
2019/10/10,6.09,6.09,6.1,6.07,49054727
2019/10/11,6.1,6.17,6.19,6.09,84721229
2019/10/14,6.17,6.16,6.19,6.14,72654853
2019/10/15,6.15,6.11,6.15,6.1,45439229
2019/10/16,6.11,6.09,6.13,6.09,36113649
2019/10/17,6.09,6.11,6.12,6.09,30001051
2019/10/18,6.11,6.06,6.12,6.05,49443043
2019/10/21,6.06,6.06,6.07,6.03,40668292
2019/10/22,6.07,6.07,6.07,6.04,36311448
2019/10/23,6.08,6.05,6.08,6.05,31953065
2019/10/24,6.07,6.06,6.09,6.05,41772553
2019/10/25,6.07,6.06,6.07,6.03,56708948
2019/10/28,6.06,6.07,6.07,6.04,68466674
2019/10/29,6.05,6.03,6.06,6.03,38255615
2019/10/30,6.03,5.98,6.03,5.98,59737125
2019/10/31,5.95,5.88,5.96,5.88,105338295
2019/11/1,5.85,5.89,5.9,5.84,60434609
2019/11/4,5.91,5.89,5.92,5.87,55173803
2019/11/5,5.89,5.9,5.91,5.86,54681121
2019/11/6,5.89,5.85,5.89,5.85,41801207
2019/11/7,5.85,5.82,5.85,5.8,64844351
2019/11/8,5.83,5.79,5.84,5.78,62707932
2019/11/11,5.77,5.67,5.77,5.67,75264333
2019/11/12,5.67,5.63,5.68,5.61,61171693
2019/11/13,5.61,5.57,5.62,5.56,67345495
2019/11/14,5.57,5.6,5.62,5.56,54305552
2019/11/15,5.6,5.5,5.6,5.5,80373571
2019/11/18,5.51,5.52,5.54,5.49,58983471
2019/11/19,5.5,5.54,5.54,5.49,57197068
2019/11/20,5.52,5.52,5.53,5.5,46279256
2019/11/21,5.52,5.61,5.62,5.5,99407545
2019/11/22,5.62,5.61,5.63,5.58,62575487
2019/11/25,5.6,5.71,5.72,5.6,86356009
2019/11/26,5.7,5.66,5.7,5.65,62604113
2019/11/27,5.67,5.66,5.7,5.64,33188294
2019/11/28,5.67,5.62,5.68,5.6,37354154
2019/11/29,5.62,5.59,5.63,5.58,34877183
2019/12/2,5.57,5.56,5.59,5.55,31282800
2019/12/3,5.57,5.58,5.58,5.54,29182871
2019/12/4,5.56,5.58,5.58,5.55,26814545
2019/12/5,5.61,5.63,5.63,5.59,40544079
2019/12/6,5.63,5.64,5.64,5.61,30154291
2019/12/9,5.64,5.65,5.66,5.61,42943647
2019/12/10,5.64,5.65,5.66,5.6,48289410
2019/12/11,5.66,5.65,5.66,5.63,37683524
2019/12/12,5.65,5.63,5.66,5.63,38523075
2019/12/13,5.66,5.69,5.72,5.64,84648652
2019/12/16,5.71,5.77,5.78,5.68,72787069
2019/12/17,5.77,5.85,5.87,5.74,106313905
2019/12/18,5.85,5.82,5.86,5.81,53227076
2019/12/19,5.81,5.82,5.84,5.8,33502811
2019/12/20,5.83,5.8,5.85,5.8,40194898
2019/12/23,5.8,5.71,5.81,5.7,48299424
2019/12/24,5.71,5.73,5.74,5.7,29824820
2019/12/25,5.74,5.72,5.74,5.7,24126858
2019/12/26,5.71,5.73,5.73,5.7,30654684
2019/12/27,5.73,5.78,5.83,5.73,65523742
2019/12/30,5.78,5.82,5.83,5.75,51029015
2019/12/31,5.8,5.83,5.84,5.78,39722302
2020/1/2,5.86,5.87,5.88,5.84,72808500
2020/1/3,5.87,5.95,5.99,5.86,119856782
2020/1/6,6.03,6.23,6.28,6.02,301646128
2020/1/7,6.17,6.11,6.17,6.07,152681755
2020/1/8,6.26,6.23,6.3,6.15,215451333
2020/1/9,6.04,6.06,6.08,6,159983683
2020/1/10,6.04,5.99,6.04,5.96,92130621
2020/1/13,5.99,5.97,5.99,5.93,55118392
2020/1/14,5.95,5.95,5.98,5.94,44480419
2020/1/15,5.95,5.87,5.97,5.86,72014546
2020/1/16,5.88,5.83,5.89,5.81,57860992
2020/1/17,5.84,5.84,5.87,5.83,36667641
2020/1/20,5.85,5.85,5.86,5.81,53408389
2020/1/21,5.85,5.79,5.85,5.78,56028546
2020/1/22,5.76,5.74,5.77,5.71,66239738
2020/1/23,5.7,5.64,5.72,5.62,81444447
2020/2/3,5.14,5.13,5.29,5.08,227093729
2020/2/4,5.07,5.17,5.19,5.06,106459420
2020/2/5,5.17,5.21,5.27,5.13,102318674
2020/2/6,5.25,5.27,5.29,5.21,86647363
2020/2/7,5.24,5.28,5.28,5.21,61128263
2020/2/10,5.24,5.28,5.29,5.22,56130919
2020/2/11,5.27,5.3,5.34,5.26,71171722
2020/2/12,5.29,5.31,5.32,5.28,54500038
2020/2/13,5.33,5.28,5.35,5.28,53568587
2020/2/14,5.26,5.28,5.3,5.25,47917020
2020/2/17,5.29,5.38,5.38,5.27,84392095
2020/2/18,5.38,5.35,5.38,5.33,74201915
2020/2/19,5.35,5.33,5.36,5.32,74189083
2020/2/20,5.35,5.38,5.38,5.32,105637160
2020/2/21,5.35,5.37,5.38,5.34,113816298
2020/2/24,5.34,5.28,5.34,5.27,138156164
2020/2/25,5.2,5.19,5.22,5.15,150412876
2020/2/26,5.15,5.22,5.24,5.12,160220097
2020/2/27,5.2,5.17,5.21,5.16,136252257
2020/2/28,5.11,5.07,5.14,5.06,209149489
2020/3/2,5.11,5.17,5.18,5.1,139114686
2020/3/3,5.23,5.19,5.24,5.17,125035559
2020/3/4,5.18,5.18,5.19,5.15,89700352
2020/3/5,5.2,5.25,5.25,5.18,153980518
2020/3/6,5.2,5.2,5.22,5.17,109633592
2020/3/9,5.06,5.15,5.24,5.02,226621865
2020/3/10,5.1,5.15,5.16,5.06,135358732
2020/3/11,5.15,5.12,5.17,5.11,85888083
2020/3/12,5.08,5.07,5.11,5.06,94317442
2020/3/13,5,5.04,5.08,4.92,134749475
2020/3/16,5.05,5.03,5.13,5.02,117961612
2020/3/17,5.01,5.01,5.06,4.95,95482098
2020/3/18,5.01,4.95,5.03,4.95,86839957
2020/3/19,4.94,4.88,4.96,4.85,130684222
2020/3/20,4.92,4.91,4.94,4.87,103204371
2020/3/23,4.84,4.81,4.85,4.8,106705582
2020/3/24,4.84,4.84,4.87,4.8,105155949
2020/3/25,4.87,4.86,4.89,4.84,151650210
2020/3/26,4.85,4.79,4.85,4.78,155892679
2020/3/27,4.8,4.74,4.81,4.73,209053431
2020/3/30,4.69,4.62,4.69,4.61,146020918
2020/3/31,4.64,4.62,4.65,4.6,183554957
2020/4/1,4.61,4.55,4.62,4.54,186412968
2020/4/2,4.52,4.71,4.74,4.49,412537472
2020/4/3,4.73,4.63,4.73,4.61,279856000
2020/4/7,4.68,4.67,4.7,4.65,249824945
2020/4/8,4.64,4.64,4.66,4.61,193838632
2020/4/9,4.67,4.65,4.68,4.63,132237118
2020/4/10,4.65,4.6,4.65,4.58,164753045
2020/4/13,4.62,4.58,4.64,4.58,113647632
2020/4/14,4.59,4.59,4.6,4.56,128355795
2020/4/15,4.57,4.55,4.57,4.55,112297162
2020/4/16,4.53,4.53,4.54,4.51,116651794
2020/4/17,4.54,4.55,4.58,4.54,124297105
2020/4/20,4.53,4.55,4.57,4.51,102497802
2020/4/21,4.52,4.51,4.53,4.5,109960957
2020/4/22,4.47,4.46,4.47,4.43,136997191
2020/4/23,4.48,4.55,4.59,4.47,185032553
2020/4/24,4.55,4.48,4.56,4.48,106711101
2020/4/27,4.47,4.45,4.5,4.45,75706314
2020/4/28,4.44,4.36,4.45,4.33,128594575
2020/4/29,4.37,4.38,4.41,4.37,60415182
2020/4/30,4.38,4.44,4.46,4.37,85973295
2020/5/6,4.44,4.47,4.49,4.42,88177097
2020/5/7,4.47,4.45,4.48,4.44,61056105
2020/5/8,4.47,4.47,4.48,4.46,55870408
2020/5/11,4.48,4.47,4.49,4.46,55730677
2020/5/12,4.47,4.43,4.47,4.42,52202891
2020/5/13,4.43,4.43,4.43,4.4,44111721
2020/5/14,4.42,4.4,4.42,4.4,43927251
2020/5/15,4.42,4.42,4.43,4.41,41088010
2020/5/18,4.45,4.44,4.46,4.43,61974604
2020/5/19,4.48,4.46,4.51,4.46,89322364
2020/5/20,4.46,4.43,4.46,4.42,59975700
2020/5/21,4.45,4.45,4.47,4.42,76749769
2020/5/22,4.44,4.37,4.44,4.36,93991808
2020/5/25,4.37,4.34,4.37,4.33,61514353
2020/5/26,4.34,4.35,4.36,4.33,64205918
2020/5/27,4.35,4.31,4.35,4.3,69391811
2020/5/28,4.3,4.29,4.33,4.28,88980863
2020/5/29,4.28,4.25,4.29,4.22,139815262
2020/6/1,4.26,4.29,4.3,4.25,93876816
2020/6/2,4.29,4.31,4.31,4.28,67477346
2020/6/3,4.33,4.34,4.37,4.32,75972862
2020/6/4,4.34,4.32,4.35,4.3,57364217
2020/6/5,4.31,4.3,4.32,4.28,51673183
2020/6/8,4.35,4.34,4.36,4.33,80871474
2020/6/9,4.35,4.35,4.35,4.33,59692860
2020/6/10,4.34,4.32,4.35,4.31,50783402
2020/6/11,4.31,4.28,4.32,4.27,62477333
2020/6/12,4.23,4.26,4.27,4.22,81579721
2020/6/15,4.24,4.23,4.25,4.22,55518983
2020/6/16,4.25,4.27,4.28,4.23,62021404
2020/6/17,4.25,4.25,4.26,4.23,52009560
2020/6/18,4.24,4.29,4.32,4.23,79832736
2020/6/19,4.27,4.3,4.31,4.25,79035747
2020/6/22,4.3,4.27,4.31,4.27,60774765
2020/6/23,4.28,4.26,4.28,4.25,53115905
2020/6/24,4.26,4.26,4.27,4.25,52723594
2020/6/29,4.26,4.24,4.27,4.23,54861604
2020/6/30,4.2,4.19,4.2,4.18,47947188
2020/7/1,4.19,4.25,4.26,4.18,86165989
2020/7/2,4.24,4.32,4.33,4.23,153857647
2020/7/3,4.33,4.42,4.45,4.32,222616461
2020/7/6,4.44,4.72,4.74,4.44,443275184
2020/7/7,4.77,4.7,4.88,4.66,397893344
2020/7/8,4.67,4.67,4.69,4.58,270532624
2020/7/9,4.68,4.74,4.77,4.63,261168874
2020/7/10,4.7,4.6,4.7,4.59,202448610
2020/7/13,4.59,4.63,4.66,4.57,173551732
2020/7/14,4.62,4.56,4.62,4.52,176757915
2020/7/15,4.58,4.49,4.6,4.48,150545694
2020/7/16,4.5,4.41,4.52,4.4,174747849
2020/7/17,4.4,4.39,4.43,4.36,114824684
2020/7/20,4.4,4.49,4.5,4.38,130034110
2020/7/21,4.5,4.47,4.52,4.45,84861965
2020/7/22,4.5,4.61,4.65,4.5,283144144
2020/7/23,4.58,4.54,4.6,4.48,177301977
2020/7/24,4.62,4.5,4.66,4.49,216125883
2020/7/27,4.51,4.46,4.53,4.42,104263759
2020/7/28,4.47,4.47,4.51,4.46,79414097
2020/7/29,4.45,4.5,4.51,4.42,90811197
2020/7/30,4.5,4.46,4.51,4.45,69025380
2020/7/31,4.44,4.45,4.51,4.42,99610118
2020/8/3,4.45,4.48,4.5,4.43,124056138
2020/8/4,4.49,4.53,4.55,4.46,138654129
2020/8/5,4.53,4.5,4.53,4.46,107714697
2020/8/6,4.53,4.53,4.55,4.49,141514626
2020/8/7,4.5,4.45,4.51,4.44,115958049
2020/8/10,4.45,4.47,4.48,4.43,79108815
2020/8/11,4.49,4.45,4.5,4.44,92287648
2020/8/12,4.43,4.46,4.47,4.41,98193925
2020/8/13,4.46,4.47,4.5,4.45,72893696
2020/8/14,4.47,4.48,4.49,4.44,63621909
2020/8/17,4.47,4.54,4.55,4.47,158287650
2020/8/18,4.54,4.53,4.55,4.51,93325518
2020/8/19,4.53,4.52,4.56,4.5,97898016
2020/8/20,4.52,4.46,4.52,4.45,101289920
2020/8/21,4.47,4.46,4.48,4.45,57202289
2020/8/24,4.48,4.46,4.48,4.45,60808981
2020/8/25,4.47,4.45,4.47,4.43,55872314
2020/8/26,4.45,4.43,4.46,4.42,65748886
2020/8/27,4.42,4.43,4.44,4.41,47470328
2020/8/28,4.41,4.45,4.45,4.4,79414758
2020/8/31,4.44,4.43,4.46,4.42,63957297
2020/9/1,4.42,4.41,4.43,4.39,71032894
2020/9/2,4.4,4.35,4.4,4.34,107928308
2020/9/3,4.34,4.31,4.37,4.31,84640042
2020/9/4,4.29,4.31,4.31,4.27,72138413
2020/9/7,4.3,4.28,4.32,4.28,62805500
2020/9/8,4.29,4.31,4.31,4.28,68232926
2020/9/9,4.28,4.28,4.3,4.26,75194851
2020/9/10,4.3,4.24,4.3,4.23,80951505
2020/9/11,4.23,4.24,4.26,4.21,57173409
2020/9/14,4.25,4.26,4.27,4.24,38679581
2020/9/15,4.26,4.24,4.27,4.23,43619502
2020/9/16,4.25,4.25,4.29,4.24,70086386
2020/9/17,4.26,4.23,4.28,4.22,82148861
2020/9/18,4.25,4.27,4.28,4.23,90199282
2020/9/21,4.28,4.25,4.28,4.25,62860331
2020/9/22,4.16,4.14,4.18,4.13,80997216
2020/9/23,4.14,4.11,4.15,4.11,51865100
2020/9/24,4.1,4.1,4.11,4.07,65893121
2020/9/25,4.1,4.09,4.11,4.08,35983562
2020/9/28,4.09,4.1,4.13,4.09,43686826
2020/9/29,4.11,4.09,4.11,4.09,37578762
2020/9/30,4.09,4.11,4.12,4.07,61408409
2020/10/9,4.12,4.13,4.14,4.12,54100576
2020/10/12,4.13,4.18,4.19,4.12,93048731
2020/10/13,4.17,4.15,4.17,4.14,43817109
2020/10/14,4.14,4.11,4.15,4.1,65172620
2020/10/15,4.1,4.11,4.12,4.09,50961732
2020/10/16,4.11,4.11,4.13,4.1,47526356
2020/10/19,4.11,4.11,4.15,4.1,74216150
2020/10/20,4.1,4.1,4.1,4.08,38608445
2020/10/21,4.1,4.11,4.11,4.08,50575344
2020/10/22,4.1,4.1,4.11,4.08,35413200
2020/10/23,4.1,4.12,4.15,4.1,81067392
2020/10/26,4.11,4.11,4.12,4.09,57819936
2020/10/27,4.09,4.1,4.1,4.08,47797393
2020/10/28,4.09,4.09,4.1,4.07,52160005
2020/10/29,4.07,4.05,4.07,4.04,63573298
2020/10/30,4.08,4.07,4.11,4.06,95492446
2020/11/2,4.06,4.06,4.08,4.04,64819536
2020/11/3,4.07,4.12,4.14,4.06,95688649
2020/11/4,4.12,4.11,4.13,4.09,58295954
2020/11/5,4.12,4.12,4.14,4.1,77021348
2020/11/6,4.12,4.13,4.15,4.1,101192107
2020/11/9,4.15,4.18,4.19,4.14,127064599
2020/11/10,4.23,4.2,4.28,4.19,182402909
2020/11/11,4.2,4.27,4.27,4.2,142254503
2020/11/12,4.26,4.22,4.27,4.22,76485691
2020/11/13,4.21,4.18,4.22,4.16,78219909
2020/11/16,4.19,4.25,4.25,4.17,99182712
2020/11/17,4.26,4.28,4.32,4.24,121867196
2020/11/18,4.26,4.26,4.29,4.24,91598550
2020/11/19,4.25,4.24,4.26,4.22,72451736
2020/11/20,4.23,4.24,4.24,4.2,75679042
2020/11/23,4.24,4.31,4.34,4.23,196908319
2020/11/24,4.31,4.33,4.34,4.28,122229169
2020/11/25,4.38,4.31,4.44,4.31,222786687
2020/11/26,4.31,4.29,4.34,4.28,105128053
2020/11/27,4.29,4.3,4.31,4.25,125167949
2020/11/30,4.31,4.31,4.37,4.27,190298550
2020/12/1,4.28,4.3,4.32,4.25,103898018
2020/12/2,4.29,4.3,4.33,4.27,85786652
2020/12/3,4.31,4.3,4.33,4.28,76602424
2020/12/4,4.3,4.29,4.31,4.26,81127889
2020/12/7,4.29,4.24,4.29,4.23,84910509
2020/12/8,4.24,4.21,4.26,4.2,60007714
2020/12/9,4.21,4.18,4.23,4.18,60396677
2020/12/10,4.18,4.19,4.21,4.18,62846049
2020/12/11,4.22,4.22,4.24,4.19,90635718
2020/12/14,4.2,4.19,4.24,4.17,64564180
2020/12/15,4.18,4.15,4.19,4.13,68078348
2020/12/16,4.15,4.15,4.17,4.14,43062070
2020/12/17,4.16,4.22,4.22,4.14,77813308
2020/12/18,4.21,4.26,4.28,4.2,98544928
2020/12/21,4.26,4.25,4.28,4.24,73250859
2020/12/22,4.23,4.14,4.24,4.13,100900143
2020/12/23,4.14,4.14,4.16,4.13,65782985
2020/12/24,4.16,4.16,4.17,4.13,54134886
2020/12/25,4.15,4.17,4.18,4.14,42183070
2020/12/28,4.17,4.14,4.18,4.12,75957196
2020/12/29,4.14,4.13,4.16,4.1,75961009
2020/12/30,4.12,4.13,4.14,4.11,50012566
2020/12/31,4.13,4.15,4.16,4.12,61264087
2021/1/4,4.15,4.19,4.2,4.14,96907113
2021/1/5,4.17,4.18,4.18,4.13,81851611
2021/1/6,4.2,4.25,4.26,4.2,138665156
2021/1/7,4.25,4.25,4.25,4.19,113085133
2021/1/8,4.25,4.29,4.3,4.24,152421290
2021/1/11,4.29,4.22,4.3,4.21,119641410
2021/1/12,4.21,4.31,4.31,4.2,143888797
2021/1/13,4.31,4.36,4.4,4.29,185290946
2021/1/14,4.33,4.33,4.39,4.31,128560607
2021/1/15,4.35,4.28,4.37,4.27,146794503
2021/1/18,4.25,4.25,4.28,4.24,90718352
2021/1/19,4.25,4.26,4.29,4.24,74803843
2021/1/20,4.27,4.27,4.31,4.23,81031637
2021/1/21,4.25,4.25,4.28,4.24,71767521
2021/1/22,4.25,4.18,4.26,4.18,98588245
2021/1/25,4.18,4.15,4.18,4.13,79340697
2021/1/26,4.14,4.16,4.18,4.13,60511883
2021/1/27,4.16,4.15,4.18,4.14,72089555
2021/1/28,4.14,4.13,4.15,4.11,80810465
2021/1/29,4.13,4.09,4.13,4.08,85750155
2021/2/1,4.09,4.08,4.1,4.06,77991811
2021/2/2,4.09,4.09,4.12,4.08,63664326
2021/2/3,4.11,4.09,4.12,4.08,54129961
2021/2/4,4.11,4.09,4.11,4.05,81347240
2021/2/5,4.1,4.09,4.11,4.07,60496214
2021/2/8,4.1,4.12,4.12,4.08,70048415
2021/2/9,4.12,4.17,4.19,4.11,100174773
2021/2/10,4.16,4.2,4.22,4.15,89065007
2021/2/18,4.43,4.38,4.48,4.35,453701360
2021/2/19,4.34,4.32,4.36,4.29,209440542
2021/2/22,4.34,4.45,4.53,4.33,360095872
2021/2/23,4.51,4.48,4.54,4.45,262327277
2021/2/24,4.48,4.36,4.48,4.3,221193140
2021/2/25,4.43,4.43,4.5,4.41,190364182
2021/2/26,4.37,4.36,4.41,4.35,129860843
2021/3/1,4.39,4.37,4.4,4.33,112500173
2021/3/2,4.34,4.27,4.35,4.26,158120480
2021/3/3,4.28,4.31,4.33,4.26,103706925
2021/3/4,4.32,4.33,4.37,4.31,120797848
2021/3/5,4.39,4.42,4.43,4.34,212177099
2021/3/8,4.53,4.51,4.58,4.49,317476848
2021/3/9,4.48,4.47,4.52,4.41,198175668
2021/3/10,4.46,4.39,4.47,4.39,116971016
2021/3/11,4.42,4.44,4.45,4.39,106602200
2021/3/12,4.46,4.45,4.48,4.41,108147674
2021/3/15,4.43,4.51,4.52,4.43,143431847
2021/3/16,4.49,4.47,4.5,4.44,92965905
2021/3/17,4.45,4.44,4.45,4.39,92878001
2021/3/18,4.43,4.41,4.44,4.41,77613380
2021/3/19,4.32,4.32,4.36,4.3,146109801
2021/3/22,4.31,4.36,4.36,4.3,75187588
2021/3/23,4.35,4.32,4.35,4.31,63729753
2021/3/24,4.29,4.27,4.3,4.26,88091142
2021/3/25,4.3,4.28,4.32,4.28,65311351
2021/3/26,4.29,4.29,4.31,4.27,59173993
2021/3/29,4.31,4.3,4.34,4.29,85542117
2021/3/30,4.31,4.3,4.32,4.29,69064287
2021/3/31,4.29,4.3,4.31,4.27,73192943
2021/4/1,4.3,4.28,4.3,4.27,60253780
2021/4/2,4.3,4.28,4.3,4.27,65511675
2021/4/6,4.27,4.25,4.28,4.24,63693232
2021/4/7,4.24,4.27,4.28,4.24,69200985
2021/4/8,4.26,4.26,4.28,4.25,61459554
2021/4/9,4.25,4.27,4.29,4.25,70902434
2021/4/12,4.27,4.28,4.3,4.26,71342216
2021/4/13,4.28,4.25,4.29,4.23,72718016
2021/4/14,4.25,4.25,4.26,4.23,47314417
2021/4/15,4.27,4.27,4.27,4.25,61020370
2021/4/16,4.27,4.31,4.32,4.26,84298740
2021/4/19,4.31,4.29,4.31,4.28,92841650
2021/4/20,4.28,4.27,4.29,4.26,55123941
2021/4/21,4.26,4.23,4.27,4.23,81596140
2021/4/22,4.24,4.17,4.24,4.15,162949740
2021/4/23,4.17,4.17,4.18,4.15,56813040
2021/4/26,4.17,4.17,4.19,4.16,55434274
2021/4/27,4.17,4.14,4.17,4.12,59998330
2021/4/28,4.14,4.17,4.17,4.13,45653797
2021/4/29,4.18,4.2,4.21,4.17,69819050
2021/4/30,4.25,4.25,4.27,4.22,138481387
2021/5/6,4.28,4.38,4.41,4.27,270055040
2021/5/7,4.38,4.44,4.45,4.36,245375358
2021/5/10,4.47,4.58,4.59,4.47,321335776
2021/5/11,4.55,4.56,4.57,4.5,221170045
2021/5/12,4.56,4.69,4.69,4.55,246311948
2021/5/13,4.69,4.69,4.71,4.62,205380543
2021/5/14,4.64,4.65,4.68,4.58,203216228
2021/5/17,4.68,4.66,4.73,4.64,157231873
2021/5/18,4.71,4.87,4.89,4.69,286449856
2021/5/19,4.85,4.8,4.85,4.76,146280199
2021/5/20,4.71,4.66,4.71,4.61,180200326
2021/5/21,4.62,4.69,4.7,4.61,130572029
2021/5/24,4.71,4.62,4.73,4.6,136556725
2021/5/25,4.67,4.72,4.74,4.66,166266122
2021/5/26,4.71,4.68,4.71,4.66,99747776
2021/5/27,4.67,4.64,4.7,4.64,104585905
2021/5/28,4.67,4.67,4.71,4.65,78185313
2021/5/31,4.66,4.62,4.66,4.6,88406417
2021/6/1,4.63,4.71,4.72,4.61,128459929
2021/6/2,4.73,4.71,4.77,4.68,132293892
2021/6/3,4.76,4.75,4.82,4.74,132868875
2021/6/4,4.71,4.69,4.73,4.65,111174350
2021/6/7,4.73,4.75,4.76,4.72,106802570
2021/6/8,4.73,4.72,4.75,4.7,80919951
2021/6/9,4.76,4.89,4.9,4.75,228646166
2021/6/10,4.85,4.91,4.94,4.84,146494571
2021/6/11,4.93,5.19,5.31,4.92,439871264
2021/6/15,5.21,5.23,5.35,5.15,329884752
2021/6/16,5.33,5.31,5.43,5.21,327243840
2021/6/17,5.25,5.23,5.25,5.1,282219312
2021/6/18,5.15,5.15,5.21,5.09,196681969
2021/6/21,5.2,5.11,5.22,5.06,186233261
2021/6/22,5.2,5.38,5.45,5.19,301101536
2021/6/23,5.38,5.38,5.42,5.29,179770310
2021/6/24,5.38,5.39,5.42,5.32,132352359
2021/6/25,5.4,5.41,5.55,5.34,217172960
2021/6/28,5.48,5.35,5.52,5.35,160496395
2021/6/29,5.22,5.24,5.31,5.1,166082569
2021/6/30,5.25,5.29,5.31,5.2,104135616
2021/7/1,5.31,5.24,5.32,5.17,131834225
2021/7/2,5.35,5.23,5.44,5.21,228263366
2021/7/5,5.21,5.19,5.24,5.08,168500655
2021/7/6,5.24,5.25,5.27,5.21,108448875
2021/7/7,5.11,5.12,5.16,5.06,176769971
2021/7/8,5.05,4.99,5.09,4.94,201439206
2021/7/9,5.02,4.99,5.05,4.94,140322842
2021/7/12,5.05,4.93,5.06,4.92,151192147
2021/7/13,4.93,4.95,5,4.88,130243825
2021/7/14,4.95,4.88,4.96,4.86,132631065
2021/7/15,4.8,4.86,4.9,4.76,163533047
2021/7/16,4.82,4.82,4.86,4.8,109456278
2021/7/19,4.81,4.74,4.81,4.69,132306496
2021/7/20,4.65,4.7,4.71,4.58,189554043
2021/7/21,4.7,4.68,4.72,4.63,91956780
2021/7/22,4.75,4.74,4.84,4.72,168187865
2021/7/23,4.74,4.71,4.8,4.7,113808370
2021/7/26,4.71,4.63,4.72,4.6,140986148
2021/7/27,4.65,4.7,4.78,4.64,185250883
2021/7/28,4.65,4.65,4.73,4.58,156298096
2021/7/29,4.67,4.64,4.68,4.6,126760280
2021/7/30,4.64,4.68,4.73,4.6,120652888
2021/8/2,4.65,4.67,4.68,4.55,145445121
2021/8/3,4.6,4.58,4.63,4.57,128018000
2021/8/4,4.58,4.61,4.63,4.56,82971888
2021/8/5,4.57,4.56,4.6,4.55,99971248
2021/8/6,4.57,4.55,4.58,4.51,94095256
2021/8/9,4.51,4.54,4.57,4.5,80072142
2021/8/10,4.53,4.55,4.56,4.5,89859950
2021/8/11,4.57,4.61,4.64,4.57,143398923
2021/8/12,4.61,4.6,4.64,4.57,93787358
2021/8/13,4.6,4.55,4.61,4.54,95321927
2021/8/16,4.54,4.6,4.62,4.52,128490359
2021/8/17,4.59,4.53,4.62,4.51,141404592
2021/8/18,4.51,4.54,4.55,4.48,114550677
2021/8/19,4.5,4.44,4.51,4.43,141052508
2021/8/20,4.43,4.4,4.45,4.37,132496951
2021/8/23,4.39,4.43,4.46,4.39,100281056
2021/8/24,4.49,4.51,4.52,4.47,134590994
2021/8/25,4.54,4.61,4.61,4.5,136977460
2021/8/26,4.61,4.65,4.7,4.59,158848460
2021/8/27,4.67,4.73,4.73,4.65,164829467
2021/8/30,4.78,4.86,4.88,4.77,240349140
2021/8/31,4.84,4.94,4.95,4.78,216671818
2021/9/1,4.96,4.93,5,4.87,177335823
2021/9/2,4.92,4.96,4.99,4.89,147180093
2021/9/3,5.02,5.05,5.08,5.01,180042394
2021/9/6,5.03,5.01,5.1,5,133887827
2021/9/7,5.02,5.13,5.15,5,204743489
2021/9/8,5.1,5.16,5.23,5.08,143115301
2021/9/9,5.16,5.27,5.33,5.15,255254540
2021/9/10,5.24,5.19,5.3,5.16,211373070
2021/9/13,5.26,5.5,5.51,5.24,391445040
2021/9/14,5.53,5.71,5.99,5.46,660045920
2021/9/15,5.62,5.99,6.11,5.6,592728608
2021/9/16,6.15,5.95,6.19,5.86,541831232
2021/9/17,5.78,5.7,5.94,5.5,431724320
2021/9/22,5.63,6.11,6.15,5.58,490501184
2021/9/23,6.15,5.99,6.18,5.92,433737632
2021/9/24,6.05,5.97,6.25,5.94,370097504
2021/9/27,6.1,6.21,6.36,6.06,565182624
2021/9/28,6.3,6.49,6.49,6.09,558838752
2021/9/29,6.29,6.04,6.29,5.86,580119936
2021/9/30,5.94,6.01,6.07,5.79,331622528
2021/10/8,6.36,6.28,6.47,6.13,376290768
2021/10/11,6.33,6.15,6.39,6.11,263885657
2021/10/12,6.12,6,6.26,5.91,300847616
2021/10/13,5.9,5.75,5.93,5.54,383123760
2021/10/14,5.74,5.7,5.8,5.66,193726194
2021/10/15,5.75,5.95,6,5.68,301990128
2021/10/18,5.99,6.01,6.08,5.86,203643268
2021/10/19,5.9,5.96,5.99,5.84,180080788
2021/10/20,5.85,5.85,5.92,5.81,161208047
2021/10/21,5.91,5.88,5.98,5.85,154179771
2021/10/22,5.83,5.7,5.88,5.66,199879302
2021/10/25,5.76,5.91,6.02,5.7,215676103
2021/10/26,5.97,5.85,5.98,5.82,132676344
2021/10/27,5.82,5.81,5.9,5.74,148011878
2021/10/28,5.7,5.45,5.7,5.41,309001872
2021/10/29,5.51,5.48,5.53,5.33,216514984
2021/11/1,5.47,5.38,5.51,5.36,175052221
2021/11/2,5.43,5.27,5.44,5.16,208280649
2021/11/3,5.19,5.18,5.26,5.13,165409306
2021/11/4,5.1,5.07,5.11,5.01,204028543
2021/11/5,5.02,4.9,5.05,4.9,189981593
2021/11/8,4.95,4.93,5.03,4.91,154833469
2021/11/9,4.93,4.85,4.94,4.83,149191854
2021/11/10,4.9,4.85,4.91,4.79,178855653
2021/11/11,4.8,4.82,4.85,4.77,167893108
2021/11/12,4.83,4.81,4.85,4.78,145004216
2021/11/15,4.8,4.81,4.83,4.76,123106308
2021/11/16,4.81,4.77,4.85,4.77,172511911
2021/11/17,4.77,4.83,4.83,4.74,127566080
2021/11/18,4.78,4.77,4.81,4.76,136866113
2021/11/19,4.77,4.83,4.85,4.74,150205121
2021/11/22,4.79,4.85,4.85,4.78,171120839
2021/11/23,4.83,4.86,4.92,4.83,155065058
2021/11/24,4.92,4.95,5.02,4.92,170729997
2021/11/25,4.95,4.87,4.97,4.86,116386844
2021/11/26,4.85,4.77,4.85,4.75,154764664
2021/11/29,4.66,4.74,4.78,4.64,150200197
2021/11/30,4.73,4.71,4.78,4.69,120112740
2021/12/1,4.7,4.86,4.87,4.69,150573017
2021/12/2,4.83,4.89,4.95,4.82,125435150
2021/12/3,4.93,4.92,4.97,4.85,115217682
2021/12/6,4.91,4.89,4.97,4.88,100108172
2021/12/7,4.94,4.96,4.97,4.9,129564119
2021/12/8,4.99,5.01,5.04,4.97,140922137
2021/12/9,5.02,5.08,5.09,5,134619349
2021/12/10,5.06,4.97,5.06,4.93,159231077
2021/12/13,4.96,4.96,5.01,4.94,115811588
2021/12/14,4.94,4.86,4.94,4.82,158425015
2021/12/15,4.83,4.83,4.85,4.79,94357633
2021/12/16,4.85,4.94,4.95,4.84,134647190
2021/12/17,4.93,4.94,4.99,4.91,105737521
2021/12/20,4.9,4.85,4.92,4.85,106975700
2021/12/21,4.85,4.9,4.91,4.84,76004596
2021/12/22,4.93,4.89,4.99,4.89,109723930
2021/12/23,4.92,5.03,5.05,4.9,211651675
2021/12/24,5.04,4.94,5.05,4.93,107186965
2021/12/27,4.92,4.95,5,4.92,77364082
2021/12/28,5,4.93,5.02,4.91,114325369
2021/12/29,4.93,4.91,4.94,4.9,75112809
2021/12/30,4.92,4.9,4.95,4.9,90608053
2021/12/31,4.9,4.91,4.93,4.88,74548057
2022/1/4,4.92,4.94,4.95,4.9,124041416
2022/1/5,4.93,4.96,4.98,4.92,140126563
2022/1/6,4.94,4.98,5.02,4.92,143780027
2022/1/7,5.03,5.27,5.32,5.02,421615760
2022/1/10,5.23,5.3,5.37,5.17,270629776
2022/1/11,5.28,5.24,5.33,5.23,127473024
2022/1/12,5.38,5.33,5.44,5.29,280558624
2022/1/13,5.44,5.48,5.58,5.41,306367392
2022/1/14,5.46,5.29,5.46,5.28,210384911
2022/1/17,5.39,5.32,5.42,5.21,182212676
2022/1/18,5.32,5.49,5.52,5.3,240013773
2022/1/19,5.53,5.5,5.57,5.41,299087472
2022/1/20,5.29,5.4,5.44,5.25,273962816
2022/1/21,5.31,5.17,5.32,5.13,282994880
2022/1/24,5.2,5.3,5.32,5.16,156477117
2022/1/25,5.22,5.14,5.26,5.14,166905101
2022/1/26,5.25,5.28,5.29,5.18,180541543
2022/1/27,5.31,5.24,5.37,5.22,155682051
2022/1/28,5.23,5.02,5.27,4.99,290057104
2022/2/7,5.19,5.48,5.5,5.18,399682368
2022/2/8,5.41,5.53,5.55,5.39,247678610
2022/2/9,5.45,5.48,5.52,5.43,174885770
2022/2/10,5.49,5.52,5.61,5.43,217250216
2022/2/11,5.5,5.8,5.87,5.49,457650112
2022/2/14,5.99,5.82,6.04,5.76,331317040
2022/2/15,5.78,5.65,5.78,5.58,258532149
2022/2/16,5.5,5.64,5.67,5.45,237509303
2022/2/17,5.58,5.7,5.75,5.54,245660209
2022/2/18,5.61,5.63,5.67,5.54,188989889
2022/2/21,5.64,5.57,5.66,5.53,136993664
2022/2/22,5.7,5.8,5.8,5.64,370577472
2022/2/23,5.68,5.67,5.72,5.59,250608585
2022/2/24,5.67,5.91,6.08,5.63,607702752
2022/2/25,5.74,5.73,5.81,5.63,397493200
2022/2/28,5.75,5.77,5.88,5.73,258270622
2022/3/1,5.77,5.73,5.77,5.65,214210256
2022/3/2,5.92,5.84,5.96,5.81,327413552
2022/3/3,5.9,5.93,6.02,5.88,380417248
2022/3/4,5.85,5.81,5.89,5.75,244565628
2022/3/7,6,5.94,6.03,5.9,379340640
2022/3/8,5.88,5.9,6,5.76,306942768
2022/3/9,5.92,5.74,5.97,5.55,360225568
2022/3/10,5.55,5.66,5.68,5.5,296143424
2022/3/11,5.57,5.58,5.58,5.4,267913096
2022/3/14,5.46,5.46,5.63,5.45,177188189
2022/3/15,5.38,5,5.38,5,347531376
2022/3/16,5.02,5.08,5.1,4.86,283301712
2022/3/17,5.1,5.13,5.15,5.03,252972330
2022/3/18,5.21,5.25,5.3,5.19,235789522
2022/3/21,5.27,5.2,5.29,5.16,176933675
2022/3/22,5.27,5.35,5.37,5.27,210744022
2022/3/23,5.3,5.32,5.36,5.26,130049329
2022/3/24,5.41,5.35,5.47,5.34,157370770
2022/3/25,5.3,5.37,5.42,5.28,126648867
2022/3/28,5.4,5.56,5.64,5.36,249619217
2022/3/29,5.48,5.62,5.64,5.46,161280476
2022/3/30,5.6,5.53,5.6,5.45,200788855
2022/3/31,5.5,5.52,5.57,5.46,160490422
2022/4/1,5.4,5.47,5.5,5.34,178146739
2022/4/6,5.47,5.61,5.64,5.44,198105775
2022/4/7,5.56,5.56,5.68,5.55,159378475
2022/4/8,5.58,5.58,5.65,5.52,116766097
2022/4/11,5.6,5.5,5.66,5.47,144435608
2022/4/12,5.45,5.46,5.49,5.34,174259457
2022/4/13,5.51,5.52,5.59,5.5,158306477
2022/4/14,5.56,5.6,5.62,5.54,133318156
2022/4/15,5.67,5.54,5.7,5.54,130514686
2022/4/18,5.55,5.4,5.62,5.39,145985840
2022/4/19,5.4,5.6,5.61,5.37,218290612
2022/4/20,5.52,5.41,5.58,5.4,161246050
2022/4/21,5.41,5.16,5.46,5.12,279973216
2022/4/22,5.09,5.28,5.32,5.07,183162438
2022/4/25,5.18,5.05,5.26,5.04,217306551
2022/4/26,5.05,4.99,5.12,4.95,183424627
2022/4/27,4.99,5.08,5.09,4.96,185774041
2022/4/28,5.08,5.18,5.21,5.04,155100803
2022/4/29,5.25,5.38,5.39,5.17,203559721
2022/5/5,5.41,5.45,5.49,5.39,210120364
2022/5/6,5.34,5.29,5.37,5.24,138016440
2022/5/9,5.29,5.34,5.36,5.26,86649714
2022/5/10,5.15,5.18,5.2,5.07,224050374
2022/5/11,5.15,5.19,5.21,5.13,142339672
2022/5/12,5.21,5.13,5.23,5.1,127664030
2022/5/13,5.18,5.16,5.2,5.13,139908302
2022/5/16,5.2,5.17,5.21,5.13,104224779
2022/5/17,5.2,5.23,5.26,5.19,142940510
2022/5/18,5.2,5.18,5.21,5.13,124480813
2022/5/19,5.1,5.14,5.14,5.05,148689236
2022/5/20,5.15,5.22,5.22,5.13,158182090
2022/5/23,5.23,5.22,5.24,5.19,103424939
2022/5/24,5.23,5.18,5.29,5.17,158388401
2022/5/25,5.2,5.32,5.35,5.19,160125094
2022/5/26,5.35,5.36,5.38,5.28,113706252
2022/5/27,5.41,5.55,5.6,5.41,283364608
2022/5/30,5.59,5.53,5.63,5.49,150544309
2022/5/31,5.59,5.66,5.67,5.57,196761557
2022/6/1,5.6,5.55,5.61,5.5,119452325
2022/6/2,5.47,5.47,5.5,5.41,117270948
2022/6/6,5.58,5.5,5.58,5.45,168892065
2022/6/7,5.5,5.5,5.54,5.46,140688290
2022/6/8,5.53,5.64,5.64,5.52,176343726
2022/6/9,5.7,5.8,5.88,5.7,273842384
2022/6/10,5.74,5.89,5.91,5.72,209447419
2022/6/13,5.83,5.89,6.03,5.8,229769681
2022/6/14,5.84,6.21,6.22,5.82,414591968
2022/6/15,6.18,6.13,6.32,6.13,387524800
2022/6/16,6.1,5.92,6.14,5.89,297729648
2022/6/17,5.84,5.83,5.93,5.76,275674448
2022/6/20,5.69,5.45,5.69,5.39,516937376
2022/6/21,5.45,5.44,5.49,5.41,195210751
2022/6/22,5.45,5.32,5.46,5.31,227919033
2022/6/23,5.29,5.4,5.4,5.25,213141206
2022/6/24,5.37,5.34,5.39,5.3,165082240
2022/6/27,5.36,5.39,5.41,5.34,164277004
2022/6/28,5.34,5.36,5.36,5.3,145428839
2022/6/29,5.37,5.31,5.4,5.3,170405974
2022/6/30,5.28,5.3,5.31,5.28,122909343
2022/7/1,5.26,5.27,5.27,5.22,94472541
2022/7/4,5.27,5.31,5.32,5.27,99234192
2022/7/5,5.35,5.4,5.44,5.35,183166525
2022/7/6,5.24,5.22,5.27,5.17,260292699
2022/7/7,5.19,5.16,5.2,5.15,173513657
2022/7/8,5.22,5.19,5.24,5.17,101462729
2022/7/11,5.19,5.13,5.2,5.12,113981265
2022/7/12,5.13,5.12,5.15,5.11,84690184
2022/7/13,5.08,5.09,5.09,5.04,127989082
2022/7/14,5.08,5.07,5.08,5.04,80039653
2022/7/15,5.05,5.01,5.06,5,134534554
2022/7/18,5.06,5.15,5.16,5.06,131367035
2022/7/19,5.18,5.2,5.21,5.15,110816402
2022/7/20,5.24,5.24,5.28,5.23,101040301
2022/7/21,5.24,5.19,5.24,5.16,89275477
2022/7/22,5.17,5.2,5.24,5.16,77830958
2022/7/25,5.2,5.19,5.23,5.17,63440070
2022/7/26,5.21,5.25,5.26,5.21,79516911
2022/7/27,5.23,5.21,5.26,5.2,72627070
2022/7/28,5.26,5.25,5.29,5.23,79731660
2022/7/29,5.24,5.2,5.3,5.19,80701134
2022/8/1,5.2,5.22,5.24,5.17,74500032
2022/8/2,5.16,5.12,5.16,5.04,131903457
2022/8/3,5.11,5.08,5.16,5.08,81279874
2022/8/4,5.08,5.07,5.1,5.04,79798353
2022/8/5,5.05,5.05,5.06,5,150053692
2022/8/8,5.03,5.06,5.07,5.02,69201470
2022/8/9,5.07,5.1,5.13,5.06,76281323
2022/8/10,5.1,5.13,5.17,5.09,71448252
2022/8/11,5.16,5.19,5.2,5.14,69863960
2022/8/12,5.22,5.24,5.25,5.2,80357815
2022/8/15,5.17,5.19,5.23,5.13,85092028
2022/8/16,5.15,5.14,5.17,5.1,91282917
2022/8/17,5.14,5.16,5.17,5.11,55378378
2022/8/18,5.16,5.11,5.19,5.1,72538588
2022/8/19,5.14,5.18,5.22,5.13,101916616
2022/8/22,5.18,5.23,5.24,5.17,94546755
2022/8/23,5.23,5.3,5.32,5.19,143797003
2022/8/24,5.39,5.33,5.43,5.31,183026291
2022/8/25,5.37,5.49,5.49,5.35,237340566
2022/8/26,5.48,5.44,5.5,5.4,189349011
2022/8/29,5.43,5.48,5.49,5.4,136098240
2022/8/30,5.53,5.47,5.57,5.43,114007867
2022/8/31,5.38,5.34,5.39,5.31,135330257
2022/9/1,5.32,5.36,5.43,5.3,120335591
2022/9/2,5.36,5.42,5.45,5.34,101659702
2022/9/5,5.45,5.56,5.58,5.44,182015694
2022/9/6,5.57,5.61,5.63,5.53,143971049
2022/9/7,5.56,5.58,5.6,5.52,106307805
2022/9/8,5.51,5.53,5.57,5.44,132046776
2022/9/9,5.58,5.59,5.63,5.55,122927586
2022/9/13,5.63,5.55,5.65,5.55,104931206
2022/9/14,5.5,5.52,5.59,5.47,97692448
2022/9/15,5.56,5.54,5.6,5.47,104033135
2022/9/16,5.49,5.37,5.5,5.35,267740260
2022/9/19,5.34,5.35,5.37,5.27,132258592
2022/9/20,5.19,5.16,5.22,5.15,102096418
2022/9/21,5.14,5.23,5.24,5.09,100292430
2022/9/22,5.2,5.34,5.36,5.17,133156134
2022/9/23,5.31,5.44,5.52,5.31,198461171
2022/9/26,5.34,5.11,5.37,5.11,199024248
2022/9/27,5.11,5.1,5.17,5.03,160613542
2022/9/28,5.09,5.07,5.13,5.04,96626922
2022/9/29,5.14,5.11,5.18,5.06,94855711
2022/9/30,5.08,5.13,5.16,5.08,81957230
2022/10/10,5.29,5.27,5.37,5.24,189152408
2022/10/11,5.28,5.21,5.29,5.19,112114720
2022/10/12,5.18,5.2,5.21,5.13,109270714
2022/10/13,5.17,5.13,5.18,5.1,145112826
2022/10/14,5.17,5.17,5.19,5.15,110454219
2022/10/17,5.13,5.18,5.19,5.08,99963626
2022/10/18,5.16,5.16,5.19,5.13,71151860
2022/10/19,5.12,5.11,5.17,5.11,72631696
2022/10/20,5.13,5.16,5.17,5.1,93401874
2022/10/21,5.14,5.19,5.19,5.14,90678302
2022/10/24,5.19,5.17,5.23,5.12,110497188
2022/10/25,5.17,5.12,5.18,5.09,86514392
2022/10/26,5.12,5.08,5.14,5.07,116103963
2022/10/27,5.1,5.11,5.12,5.07,86330056
2022/10/28,5.12,5.07,5.15,5.07,131020648
2022/10/31,5.05,4.79,5.06,4.76,320579633
2022/11/1,4.77,4.85,4.85,4.77,135844778
2022/11/2,4.85,4.89,4.9,4.82,106095921
2022/11/3,4.86,4.89,4.91,4.85,97299473
2022/11/4,4.89,4.95,4.97,4.88,103384083
2022/11/7,4.97,5.05,5.08,4.97,118876054
2022/11/8,5.06,5.06,5.08,5.03,69175857
2022/11/9,5.02,5.02,5.06,5,60064063
2022/11/10,4.97,4.95,4.98,4.9,109540647
2022/11/11,5,5.05,5.05,4.98,114443125
2022/11/14,5.05,5.03,5.11,5.02,106260408
2022/11/15,5,5.03,5.05,4.98,78599168
2022/11/16,5.03,5.06,5.1,5.03,100522366
2022/11/17,5.06,5.04,5.06,5.01,78534512
2022/11/18,5.01,5,5.03,4.99,80496443
2022/11/21,4.98,4.97,4.99,4.94,67854887
2022/11/22,4.98,5.07,5.1,4.97,138939020
2022/11/23,5.1,5.14,5.18,5.09,153283904
2022/11/24,5.09,5.11,5.14,5.08,81120636
2022/11/25,5.12,5.18,5.2,5.1,111422854
2022/11/28,5.13,5.11,5.15,5.07,102115433
2022/11/29,5.14,5.19,5.2,5.12,126721093
2022/11/30,5.18,5.24,5.24,5.17,128176582
2022/12/1,5.27,5.19,5.28,5.19,104470111
2022/12/2,5.2,5.2,5.23,5.17,87684841
2022/12/5,5.23,5.32,5.35,5.22,171965499
2022/12/6,5.28,5.28,5.31,5.25,117608670
2022/12/7,5.24,5.19,5.25,5.17,129510662
2022/12/8,5.18,5.15,5.2,5.13,113714634
2022/12/9,5.16,5.14,5.18,5.12,95434070
2022/12/12,5.14,5.09,5.16,5.08,117512320
2022/12/13,5.11,5.1,5.13,5.08,89767943
2022/12/14,5.11,5.14,5.15,5.09,82193454
2022/12/15,5.16,5.09,5.17,5.08,76014605
2022/12/16,5.07,5.11,5.13,5.05,71833099
2022/12/19,5.1,5.02,5.11,5.01,90435893
2022/12/20,5.01,5,5.05,4.98,76654952
2022/12/21,5.01,4.99,5.02,4.98,50173534
2022/12/22,5.03,5,5.05,4.99,59682672
2022/12/23,4.98,4.98,5.01,4.97,59499670
2022/12/26,5,4.98,5.03,4.97,68345386
2022/12/27,5,5.01,5.01,4.98,57356738
2022/12/28,5,5.05,5.07,4.98,83727285
2022/12/29,5.03,4.96,5.03,4.96,124861888
2022/12/30,4.96,4.97,4.98,4.95,73679568
2023/1/3,4.98,5.01,5.01,4.95,74673018
2023/1/4,4.98,4.99,5,4.96,85407262
2023/1/5,4.97,4.98,4.99,4.96,76422070
2023/1/6,4.98,4.97,4.99,4.97,64045963
2023/1/9,4.99,4.98,4.99,4.97,66437661
2023/1/10,4.98,4.96,4.99,4.96,53017358
2023/1/11,4.97,4.97,5,4.96,76981535
2023/1/12,4.99,5.04,5.05,4.98,113467056
2023/1/13,5.04,5.09,5.1,5.03,103360976
2023/1/16,5.11,5.11,5.13,5.07,102921732
2023/1/17,5.11,5.08,5.11,5.06,73499427
2023/1/18,5.09,5.09,5.12,5.07,73749609
2023/1/19,5.09,5.1,5.1,5.06,83618404
2023/1/20,5.13,5.19,5.21,5.13,165726426
2023/1/30,5.24,5.21,5.25,5.17,139074398
2023/1/31,5.19,5.17,5.22,5.16,101993434
2023/2/1,5.18,5.2,5.21,5.16,118695254
2023/2/2,5.19,5.18,5.19,5.15,100102720
2023/2/3,5.16,5.17,5.18,5.13,110465588
2023/2/6,5.14,5.15,5.16,5.12,82479479
2023/2/7,5.16,5.17,5.19,5.15,68331685
2023/2/8,5.21,5.15,5.21,5.14,81475138
2023/2/9,5.16,5.17,5.18,5.15,55023501
2023/2/10,5.16,5.14,5.17,5.13,65802000
2023/2/13,5.15,5.15,5.17,5.13,77696687
2023/2/14,5.16,5.17,5.17,5.14,50960059
2023/2/15,5.16,5.15,5.17,5.13,69021272
2023/2/16,5.15,5.15,5.21,5.14,145396169
2023/2/17,5.15,5.15,5.19,5.14,81773943
2023/2/20,5.15,5.24,5.25,5.14,151956987
2023/2/21,5.24,5.26,5.3,5.23,126627588
2023/2/22,5.25,5.24,5.28,5.23,71010801
2023/2/23,5.25,5.25,5.28,5.22,93199281
2023/2/24,5.25,5.23,5.26,5.21,70626710
2023/2/27,5.22,5.21,5.25,5.21,61928471
2023/2/28,5.22,5.23,5.23,5.19,78091859
2023/3/1,5.22,5.28,5.29,5.21,119014626
2023/3/2,5.28,5.36,5.39,5.26,191389157
2023/3/3,5.37,5.5,5.52,5.35,239504045
2023/3/6,5.52,5.51,5.62,5.48,198012047
2023/3/7,5.53,5.64,5.84,5.52,448196726
2023/3/8,5.55,5.57,5.6,5.51,192283334
2023/3/9,5.55,5.57,5.67,5.55,153406399
2023/3/10,5.54,5.44,5.59,5.43,179783988
2023/3/13,5.48,5.68,5.68,5.47,251070616
2023/3/14,5.64,5.55,5.68,5.51,204665763
2023/3/15,5.55,5.65,5.72,5.5,223151492
2023/3/16,5.55,5.48,5.57,5.47,239996822
2023/3/17,5.51,5.83,5.89,5.49,523508836
2023/3/20,5.8,5.77,5.99,5.74,426152516
2023/3/21,5.8,5.68,5.84,5.62,225596445
2023/3/22,5.7,5.7,5.78,5.66,149398910
2023/3/23,5.69,5.77,5.79,5.66,185728109
2023/3/24,5.74,5.64,5.74,5.63,182370863
2023/3/27,5.6,5.58,5.6,5.5,158995323
2023/3/28,5.65,5.67,5.73,5.59,174559798
2023/3/29,5.71,5.61,5.71,5.59,123527183
2023/3/30,5.7,6,6.03,5.69,574240950
2023/3/31,5.99,5.92,6.01,5.9,208251836
2023/4/3,6.05,6,6.18,5.97,341157713
2023/4/4,6.04,6.17,6.24,6,294045568
2023/4/6,6.12,6.18,6.2,6.08,182910017
2023/4/7,6.16,6.15,6.21,6.11,119806394
2023/4/10,6.16,6.46,6.49,6.16,338428346
2023/4/11,6.42,6.56,6.6,6.37,276352128
2023/4/12,6.57,6.83,6.87,6.57,311541327
2023/4/13,6.86,6.78,7.14,6.74,454045641
2023/4/14,6.78,6.9,6.94,6.7,275387997
2023/4/17,6.87,7.34,7.37,6.82,425572372
2023/4/18,7.29,7.29,7.34,7.16,270398992
2023/4/19,7.24,7.19,7.45,7.16,255674917
2023/4/20,7.12,7.32,7.36,7.06,280152765
2023/4/21,7.25,7.29,7.52,7.19,274566805
2023/4/24,7.29,7.32,7.42,7.21,234465186
2023/4/25,7.36,7.62,7.63,7.35,338419760
2023/4/26,7.5,7.54,7.6,7.38,258525790
2023/4/27,7.41,7.5,7.55,7.3,206108477
2023/4/28,7.47,7.89,7.89,7.43,274782821
2023/5/4,7.59,8.01,8.16,7.55,355548901
2023/5/5,8.01,7.97,8.04,7.79,236169561
2023/5/8,8.02,8.58,8.58,8.02,349088043
2023/5/9,8.59,8.09,8.64,8.09,412498864
2023/5/10,8.09,7.77,8.13,7.64,413916289
2023/5/11,7.75,7.63,7.78,7.57,201756976
2023/5/12,7.66,7.5,7.84,7.49,268904603
2023/5/15,7.42,7.47,7.51,7.24,294277031
2023/5/16,7.45,7.52,7.75,7.42,217459551
2023/5/17,7.43,7.47,7.55,7.32,123544342
2023/5/18,7.55,7.71,7.82,7.55,203892037
2023/5/19,7.68,7.53,7.71,7.48,149611355
2023/5/22,7.49,7.49,7.59,7.38,129673636
2023/5/23,7.49,7.35,7.58,7.35,122260329
2023/5/24,7.32,7.22,7.38,7.19,162257214
2023/5/25,7.2,7.16,7.27,7.02,228173645
2023/5/26,7.15,7.11,7.2,7.01,124126220
2023/5/29,7.25,7.62,7.71,7.23,269256722
2023/5/30,7.58,7.67,7.9,7.55,216972952
2023/5/31,7.58,7.5,7.69,7.4,188431686
2023/6/1,7.53,7.63,7.79,7.49,180321308
2023/6/2,7.71,7.65,7.81,7.62,143249684
2023/6/5,7.72,7.72,7.85,7.7,138072732
2023/6/6,7.67,7.66,7.8,7.63,123733318
2023/6/7,7.6,7.66,7.71,7.5,102944041
2023/6/8,7.66,7.82,7.87,7.57,169108414
2023/6/9,7.78,7.86,7.86,7.72,172568767
2023/6/12,7.8,7.78,8.05,7.74,184586940
2023/6/13,7.74,7.61,7.76,7.45,205049159
2023/6/14,7.68,7.6,7.77,7.57,136019260
2023/6/15,7.53,7.56,7.58,7.44,124400510
2023/6/16,7.62,7.58,7.68,7.5,159342885
2023/6/19,7.59,7.52,7.59,7.44,115489213
2023/6/20,7.55,7.37,7.55,7.3,148095946
2023/6/21,7.34,7.52,7.65,7.29,242941656
2023/6/26,7.45,7.46,7.59,7.41,156712777
2023/6/27,7.48,7.73,7.81,7.42,216718488
2023/6/28,7.53,7.54,7.59,7.46,150864596
2023/6/29,7.55,7.47,7.59,7.45,96594306
2023/6/30,7.47,7.47,7.55,7.43,76316433
2023/7/3,7.49,7.82,7.85,7.47,172080619
2023/7/4,7.81,7.79,8.04,7.74,139681924
2023/7/5,7.82,7.79,7.9,7.72,79614915
2023/7/6,7.79,7.75,7.85,7.7,94931872
2023/7/7,7.71,7.73,7.84,7.6,103496295
2023/7/10,7.79,7.63,7.82,7.6,111697319
2023/7/11,7.67,7.64,7.67,7.58,72391189
2023/7/12,7.68,7.78,7.87,7.66,143731897
2023/7/13,7.82,8.24,8.24,7.79,261837143
2023/7/14,8.22,8.24,8.35,8.18,124415864
2023/7/17,8.22,8.13,8.23,8.06,80565548
2023/7/18,8.14,8.06,8.14,7.99,76312091
2023/7/19,8.08,8.14,8.24,8.06,85057974
2023/7/20,8.13,8.02,8.17,7.99,87135471
2023/7/21,8,8.01,8.07,7.94,58732449
2023/7/24,7.95,7.96,8.04,7.86,63284445
2023/7/25,8.14,8.03,8.21,8,133645029
2023/7/26,8.02,7.86,8.05,7.81,139892937
2023/7/27,7.87,7.87,8.02,7.84,104170795
2023/7/28,7.84,7.97,7.97,7.77,123084921
2023/7/31,7.91,7.92,8.06,7.83,140341628
2023/8/1,7.93,8.08,8.08,7.93,129472883
2023/8/2,8.09,7.63,8.1,7.56,335115364
2023/8/3,7.55,7.58,7.65,7.46,152392216
2023/8/4,7.62,7.62,7.77,7.6,154400322
2023/8/7,7.65,7.69,7.75,7.59,77311884
2023/8/8,7.65,7.79,7.82,7.6,105964849
2023/8/9,7.78,7.8,7.84,7.71,80913618
2023/8/10,7.87,7.92,7.98,7.85,109298395
2023/8/11,7.91,7.79,7.94,7.78,76412621
2023/8/14,7.73,7.84,7.88,7.72,80889613
2023/8/15,7.84,7.84,7.87,7.76,62627910
2023/8/16,7.79,7.65,7.8,7.6,99103702
2023/8/17,7.62,7.69,7.71,7.55,59523333
2023/8/18,7.66,7.68,7.77,7.66,57790105
2023/8/21,7.69,7.56,7.72,7.56,64894982
2023/8/22,7.56,7.73,7.78,7.5,116979027
2023/8/23,7.73,7.75,7.83,7.7,87824350
2023/8/24,7.73,7.66,7.79,7.64,81838220
2023/8/25,7.63,7.71,7.75,7.6,74605010
2023/8/28,8.02,7.83,8.03,7.73,177925690
2023/8/29,7.8,7.75,7.85,7.72,110674140
2023/8/30,7.79,7.76,7.89,7.76,93948485
2023/8/31,7.79,7.75,7.82,7.67,96246053
2023/9/1,7.75,7.76,7.81,7.71,102925169
2023/9/4,7.8,7.95,7.96,7.8,157466215
2023/9/5,7.93,7.95,7.98,7.89,92497864
2023/9/6,8.02,8.08,8.11,7.88,156405331
2023/9/7,8.06,8.24,8.31,8.06,162363779
2023/9/8,8.21,8.06,8.23,8.02,103851001
2023/9/11,8.09,8.13,8.21,8.06,106728215
2023/9/12,8.15,8.1,8.22,8.06,87792804
2023/9/13,8.19,8.27,8.31,8.14,137736612
2023/9/14,8.28,8.34,8.37,8.22,150251517
2023/9/15,8.42,8.29,8.58,8.25,203396112
2023/9/18,8.29,8.23,8.33,8.12,166906416
2023/9/19,8.22,8.32,8.34,8.2,117834115
2023/9/20,8.14,8.12,8.2,8.08,126761183
2023/9/21,8.12,7.99,8.18,7.99,106301536
2023/9/22,8.02,8.11,8.12,7.97,111140349
2023/9/25,8.13,8,8.16,7.98,121591134
2023/9/26,8,7.98,8.03,7.96,89133151
2023/9/27,8.03,8,8.05,7.98,75460401
2023/9/28,8.15,7.98,8.18,7.96,125017238
2023/10/9,7.79,7.91,7.94,7.61,180669164
2023/10/10,7.92,7.79,7.97,7.75,98931610
2023/10/11,7.81,7.66,7.82,7.63,98997263
2023/10/12,7.66,7.67,7.7,7.6,82617642
2023/10/13,7.61,7.67,7.7,7.54,93665239
2023/10/16,7.75,7.8,7.84,7.71,131471663
2023/10/17,7.76,7.93,7.95,7.71,108574513
2023/10/18,7.93,7.98,8.02,7.91,97031682
2023/10/19,7.98,7.74,7.98,7.71,119845867
2023/10/20,7.78,7.69,7.8,7.67,85874483
2023/10/23,7.63,7.57,7.69,7.51,86469385
2023/10/24,7.56,7.76,7.77,7.55,118757154
2023/10/25,7.79,7.33,7.8,7.31,220826914
2023/10/26,7.3,7.45,7.48,7.29,118143698
2023/10/27,7.42,7.42,7.52,7.4,94954882
2023/10/30,7.41,7.13,7.42,7.05,241307776
2023/10/31,7.1,7.12,7.15,7,157033421
2023/11/1,7.11,7.16,7.18,7.05,121749147
2023/11/2,7.2,7.25,7.3,7.16,117605696
2023/11/3,7.28,7.33,7.38,7.22,106822248
2023/11/6,7.28,7.09,7.28,7.03,263012279
2023/11/7,7.04,7.09,7.13,6.91,166397408
2023/11/8,6.99,7.03,7.05,6.95,101630303
2023/11/9,6.99,7.09,7.11,6.97,102899954
2023/11/10,7.08,7.08,7.12,7,71698689
2023/11/13,7.11,7.14,7.15,7.02,83948451
2023/11/14,7.15,7.1,7.21,7.08,69723886
2023/11/15,7.11,7.18,7.18,7.1,83414343
2023/11/16,7.14,7.13,7.21,7.12,50110679
2023/11/17,7.06,7.04,7.07,6.95,108065708
2023/11/20,7.07,7.1,7.14,7.05,84335958
2023/11/21,7.14,7.13,7.23,7.11,95362948
2023/11/22,7.14,7.12,7.2,7.11,57726017
2023/11/23,7.1,7.11,7.14,7.05,60476278
2023/11/24,7.11,7.12,7.17,7.09,52717602
2023/11/27,7.13,7.13,7.16,7.04,85257795
2023/11/28,7.12,7.07,7.13,7.05,85311276
2023/11/29,7.09,7.06,7.11,7.01,101349510
2023/11/30,7.07,7.18,7.21,7.05,154368132
2023/12/1,7.18,7.18,7.23,7.13,98164655
2023/12/4,7.18,7.2,7.29,7.17,77899338
2023/12/5,7.18,7.06,7.21,7.05,73755536
2023/12/6,7.05,6.81,7.09,6.81,187473333
2023/12/7,6.76,6.78,6.82,6.71,104999643
2023/12/8,6.79,6.87,6.97,6.76,116201497
2023/12/11,6.87,6.86,6.91,6.67,113547547
2023/12/12,6.85,6.91,6.92,6.77,83779197
2023/12/13,6.84,6.76,6.86,6.75,90668816
2023/12/14,6.79,6.75,6.82,6.74,59099659
2023/12/15,6.8,6.73,6.82,6.71,71770339
2023/12/18,6.71,6.76,6.8,6.68,58715226
2023/12/19,6.78,6.77,6.79,6.71,60456234
2023/12/20,6.77,6.77,6.85,6.75,77317422
2023/12/21,6.75,6.77,6.8,6.71,64711609
2023/12/22,6.77,6.83,6.87,6.76,93739184
2023/12/25,6.8,6.92,6.94,6.79,79472698
2023/12/26,6.92,6.99,7.03,6.89,94953825
2023/12/27,7,7.12,7.17,6.97,107788964
2023/12/28,7.13,7.06,7.18,7.01,116720455
2023/12/29,7.02,7.06,7.12,6.96,118854125
