,601899.SH,601899.SH,601899.SH,601899.SH,601899.SH
,紫金矿业,紫金矿业,紫金矿业,紫金矿业,紫金矿业
date,open,close,high,low,volume
2014/1/2,2.3,2.33,2.36,2.28,54957512
2014/1/3,2.33,2.3,2.33,2.29,33051678
2014/1/6,2.3,2.27,2.31,2.25,38442131
2014/1/7,2.26,2.27,2.27,2.25,17938583
2014/1/8,2.26,2.24,2.27,2.23,29600436
2014/1/9,2.23,2.21,2.24,2.21,24297581
2014/1/10,2.21,2.2,2.25,2.2,34123448
2014/1/13,2.21,2.24,2.25,2.21,31824868
2014/1/14,2.24,2.23,2.24,2.21,19570205
2014/1/15,2.22,2.22,2.23,2.2,14610356
2014/1/16,2.21,2.23,2.25,2.2,30922603
2014/1/17,2.22,2.21,2.23,2.2,25751984
2014/1/20,2.21,2.21,2.22,2.2,19599999
2014/1/21,2.21,2.22,2.23,2.2,18583974
2014/1/22,2.21,2.25,2.25,2.21,38418404
2014/1/23,2.23,2.23,2.25,2.22,22797579
2014/1/24,2.24,2.27,2.28,2.23,51598967
2014/1/27,2.25,2.26,2.29,2.23,43650301
2014/1/28,2.24,2.25,2.26,2.23,26386052
2014/1/29,2.25,2.25,2.25,2.24,18035322
2014/1/30,2.25,2.24,2.26,2.23,16953670
2014/2/7,2.22,2.23,2.23,2.19,23159842
2014/2/10,2.23,2.25,2.26,2.22,65431602
2014/2/11,2.26,2.31,2.33,2.25,107034091
2014/2/12,2.3,2.29,2.31,2.28,65575596
2014/2/13,2.31,2.41,2.52,2.3,293942944
2014/2/14,2.4,2.41,2.44,2.37,112764595
2014/2/17,2.46,2.43,2.5,2.42,96207235
2014/2/18,2.44,2.37,2.44,2.36,80299367
2014/2/19,2.37,2.38,2.4,2.35,47940768
2014/2/20,2.37,2.39,2.44,2.36,64230216
2014/2/21,2.39,2.37,2.4,2.35,45616122
2014/2/24,2.37,2.33,2.37,2.3,43592478
2014/2/25,2.34,2.32,2.37,2.3,45735594
2014/2/26,2.32,2.43,2.47,2.32,132850664
2014/2/27,2.4,2.36,2.4,2.34,75141582
2014/2/28,2.36,2.38,2.42,2.34,78420797
2014/3/3,2.39,2.42,2.43,2.38,80274674
2014/3/4,2.44,2.43,2.51,2.42,171535445
2014/3/5,2.4,2.35,2.4,2.32,98944358
2014/3/6,2.34,2.34,2.35,2.31,39425150
2014/3/7,2.36,2.35,2.38,2.33,45937479
2014/3/10,2.32,2.26,2.32,2.25,54835474
2014/3/11,2.26,2.26,2.28,2.24,35558454
2014/3/12,2.26,2.29,2.31,2.26,41159209
2014/3/13,2.33,2.31,2.33,2.29,44403521
2014/3/14,2.31,2.3,2.32,2.28,27428983
2014/3/17,2.31,2.31,2.32,2.29,30168046
2014/3/18,2.29,2.29,2.29,2.26,43060802
2014/3/19,2.27,2.27,2.28,2.26,23499150
2014/3/20,2.25,2.25,2.27,2.24,35815525
2014/3/21,2.24,2.28,2.29,2.23,46097323
2014/3/24,2.28,2.3,2.3,2.27,43267923
2014/3/25,2.28,2.3,2.31,2.27,40409359
2014/3/26,2.29,2.29,2.3,2.28,24994297
2014/3/27,2.27,2.26,2.28,2.25,34381336
2014/3/28,2.26,2.27,2.28,2.25,30296719
2014/3/31,2.27,2.25,2.28,2.25,27184767
2014/4/1,2.25,2.26,2.28,2.25,20958524
2014/4/2,2.27,2.27,2.28,2.26,26957303
2014/4/3,2.28,2.26,2.28,2.26,21841842
2014/4/4,2.26,2.26,2.27,2.24,21897145
2014/4/8,2.26,2.29,2.29,2.25,42344795
2014/4/9,2.29,2.29,2.31,2.28,50738061
2014/4/10,2.29,2.31,2.32,2.27,66164572
2014/4/11,2.31,2.29,2.31,2.28,42333948
2014/4/14,2.29,2.3,2.3,2.28,27053572
2014/4/15,2.29,2.27,2.29,2.26,31640168
2014/4/16,2.26,2.27,2.28,2.25,20353139
2014/4/17,2.27,2.26,2.27,2.25,25617269
2014/4/18,2.26,2.26,2.26,2.24,19442022
2014/4/21,2.25,2.24,2.27,2.24,25300459
2014/4/22,2.24,2.23,2.25,2.22,24298683
2014/4/23,2.23,2.23,2.24,2.22,23616957
2014/4/24,2.23,2.23,2.24,2.22,22549997
2014/4/25,2.23,2.21,2.24,2.2,32452852
2014/4/28,2.22,2.2,2.22,2.19,36151716
2014/4/29,2.2,2.2,2.21,2.19,23711767
2014/4/30,2.2,2.22,2.24,2.2,24814422
2014/5/5,2.22,2.23,2.24,2.21,30248669
2014/5/6,2.23,2.22,2.24,2.21,23730968
2014/5/7,2.22,2.2,2.22,2.19,27499766
2014/5/8,2.19,2.2,2.22,2.18,33001124
2014/5/9,2.2,2.22,2.23,2.19,35709929
2014/5/12,2.22,2.27,2.29,2.21,105647271
2014/5/13,2.27,2.25,2.27,2.24,51542727
2014/5/14,2.24,2.24,2.25,2.22,33420013
2014/5/15,2.24,2.21,2.24,2.21,31326000
2014/5/16,2.21,2.21,2.22,2.2,26323509
2014/5/19,2.2,2.21,2.21,2.19,30360043
2014/5/20,2.21,2.21,2.23,2.2,20211420
2014/5/21,2.2,2.21,2.22,2.19,18020517
2014/5/22,2.21,2.2,2.23,2.2,23246467
2014/5/23,2.21,2.22,2.22,2.2,14493561
2014/5/26,2.22,2.21,2.22,2.2,28595674
2014/5/27,2.2,2.2,2.21,2.19,24733375
2014/5/28,2.19,2.2,2.21,2.18,25647802
2014/5/29,2.2,2.19,2.21,2.18,28649600
2014/5/30,2.19,2.19,2.2,2.18,22774864
2014/6/3,2.19,2.19,2.2,2.18,22115941
2014/6/4,2.19,2.18,2.19,2.17,23781155
2014/6/5,2.18,2.19,2.19,2.17,19940353
2014/6/6,2.19,2.17,2.19,2.17,21899725
2014/6/9,2.17,2.17,2.18,2.16,19773369
2014/6/10,2.17,2.17,2.18,2.16,31132304
2014/6/11,2.17,2.17,2.18,2.16,25544011
2014/6/12,2.17,2.16,2.18,2.16,31743645
2014/6/13,2.17,2.16,2.18,2.16,55137322
2014/6/16,2.17,2.19,2.19,2.17,44283568
2014/6/17,2.18,2.18,2.19,2.16,38577168
2014/6/18,2.17,2.17,2.18,2.16,33602413
2014/6/19,2.16,2.14,2.17,2.12,41367039
2014/6/20,2.17,2.16,2.19,2.15,56402977
2014/6/23,2.15,2.17,2.19,2.14,56402465
2014/6/24,2.16,2.16,2.17,2.15,34647591
2014/6/25,2.16,2.16,2.16,2.15,21151679
2014/6/26,2.16,2.17,2.17,2.15,31578858
2014/6/27,2.16,2.16,2.17,2.15,39265759
2014/6/30,2.16,2.18,2.18,2.15,40127543
2014/7/1,2.18,2.21,2.24,2.17,93031370
2014/7/2,2.2,2.19,2.21,2.18,41742799
2014/7/3,2.2,2.21,2.22,2.2,56320206
2014/7/4,2.21,2.21,2.22,2.19,45532139
2014/7/7,2.14,2.13,2.14,2.12,41103061
2014/7/8,2.13,2.13,2.13,2.11,31766317
2014/7/9,2.12,2.12,2.13,2.11,28031486
2014/7/10,2.12,2.11,2.12,2.11,27158862
2014/7/11,2.12,2.13,2.14,2.12,34002816
2014/7/14,2.13,2.14,2.14,2.11,39027136
2014/7/15,2.12,2.14,2.14,2.12,38449059
2014/7/16,2.13,2.16,2.17,2.12,92251137
2014/7/17,2.15,2.15,2.16,2.13,37310918
2014/7/18,2.15,2.16,2.17,2.15,54002430
2014/7/21,2.15,2.13,2.15,2.13,33766514
2014/7/22,2.13,2.16,2.17,2.13,68018013
2014/7/23,2.16,2.16,2.18,2.15,65304790
2014/7/24,2.16,2.19,2.21,2.15,116230000
2014/7/25,2.17,2.23,2.25,2.17,175469319
2014/7/28,2.23,2.27,2.29,2.23,201155599
2014/7/29,2.27,2.25,2.27,2.24,116184275
2014/7/30,2.24,2.25,2.27,2.23,82635503
2014/7/31,2.24,2.41,2.48,2.23,331630944
2014/8/1,2.35,2.33,2.38,2.32,191338032
2014/8/4,2.33,2.36,2.36,2.3,104462093
2014/8/5,2.36,2.36,2.36,2.33,80087008
2014/8/6,2.35,2.4,2.42,2.33,174580711
2014/8/7,2.44,2.37,2.46,2.35,156356413
2014/8/8,2.36,2.43,2.46,2.36,202803963
2014/8/11,2.41,2.43,2.43,2.4,97392315
2014/8/12,2.42,2.4,2.42,2.37,109389601
2014/8/13,2.38,2.38,2.39,2.35,93425746
2014/8/14,2.37,2.34,2.38,2.33,75410871
2014/8/15,2.33,2.35,2.36,2.33,73043395
2014/8/18,2.35,2.36,2.38,2.34,73795114
2014/8/19,2.36,2.38,2.39,2.35,89185370
2014/8/20,2.37,2.37,2.38,2.35,65238822
2014/8/21,2.36,2.35,2.37,2.33,62226033
2014/8/22,2.34,2.34,2.35,2.33,50957090
2014/8/25,2.35,2.32,2.35,2.31,56004765
2014/8/26,2.32,2.3,2.34,2.28,57655215
2014/8/27,2.29,2.28,2.3,2.27,59303938
2014/8/28,2.28,2.26,2.28,2.25,46942084
2014/8/29,2.26,2.28,2.29,2.26,40939659
2014/9/1,2.29,2.31,2.31,2.28,44288789
2014/9/2,2.31,2.33,2.33,2.26,83620445
2014/9/3,2.31,2.34,2.35,2.3,107408932
2014/9/4,2.34,2.36,2.36,2.31,111956425
2014/9/5,2.35,2.37,2.37,2.34,117108118
2014/9/9,2.37,2.38,2.39,2.36,137585613
2014/9/10,2.37,2.36,2.38,2.35,70925796
2014/9/11,2.36,2.37,2.4,2.35,120454170
2014/9/12,2.36,2.4,2.4,2.35,124683388
2014/9/15,2.39,2.41,2.41,2.38,108996875
2014/9/16,2.41,2.46,2.61,2.4,460425520
2014/9/17,2.45,2.51,2.57,2.43,371983776
2014/9/18,2.48,2.46,2.5,2.45,215021470
2014/9/19,2.46,2.44,2.46,2.41,137991150
2014/9/22,2.42,2.38,2.43,2.37,126862990
2014/9/23,2.38,2.41,2.41,2.37,82012405
2014/9/24,2.4,2.47,2.48,2.39,189256744
2014/9/25,2.46,2.44,2.49,2.43,141528274
2014/9/26,2.44,2.46,2.47,2.43,89736183
2014/9/29,2.46,2.45,2.47,2.44,112808779
2014/9/30,2.46,2.48,2.49,2.45,131806555
2014/10/8,2.48,2.47,2.48,2.43,116073836
2014/10/9,2.47,2.54,2.59,2.45,303852304
2014/10/10,2.52,2.51,2.55,2.5,182508879
2014/10/13,2.51,2.56,2.58,2.5,218435795
2014/10/14,2.55,2.54,2.56,2.52,136062258
2014/10/15,2.54,2.56,2.59,2.5,173718998
2014/10/16,2.56,2.6,2.68,2.54,413233744
2014/10/17,2.58,2.56,2.6,2.48,218387067
2014/10/20,2.55,2.58,2.6,2.51,139287935
2014/10/21,2.57,2.57,2.6,2.53,143394747
2014/10/22,2.55,2.51,2.56,2.5,90807853
2014/10/23,2.49,2.43,2.5,2.42,138344720
2014/10/24,2.42,2.45,2.49,2.41,101637762
2014/10/27,2.43,2.43,2.44,2.42,68132106
2014/10/28,2.44,2.49,2.49,2.44,113604908
2014/10/29,2.48,2.55,2.57,2.47,303110528
2014/10/30,2.53,2.64,2.75,2.52,590640224
2014/10/31,2.6,2.63,2.64,2.58,309244352
2014/11/3,2.61,2.66,2.71,2.6,420874800
2014/11/4,2.7,2.72,2.74,2.66,461618720
2014/11/5,2.69,2.62,2.7,2.61,329363536
2014/11/6,2.6,2.64,2.65,2.59,181606863
2014/11/7,2.61,2.58,2.64,2.57,201576393
2014/11/10,2.61,2.67,2.69,2.58,295023536
2014/11/11,2.66,2.62,2.71,2.6,344037600
2014/11/12,2.6,2.66,2.66,2.58,158538136
2014/11/13,2.65,2.7,2.74,2.6,359199376
2014/11/14,2.68,2.65,2.7,2.63,204121458
2014/11/17,2.69,2.63,2.72,2.63,165174502
2014/11/18,2.63,2.61,2.64,2.59,131553022
2014/11/19,2.62,2.61,2.63,2.59,75260785
2014/11/20,2.6,2.59,2.6,2.58,81323965
2014/11/21,2.59,2.62,2.62,2.57,99216420
2014/11/24,2.64,2.67,2.69,2.62,258592763
2014/11/25,2.67,2.82,2.85,2.65,695383392
2014/11/26,2.8,2.78,2.81,2.74,404967600
2014/11/27,2.78,2.79,2.8,2.73,269000592
2014/11/28,2.8,2.8,2.83,2.74,319098720
2014/12/1,2.77,2.8,2.85,2.75,377081664
2014/12/2,2.85,2.86,2.89,2.83,429633216
2014/12/3,2.86,3.06,3.15,2.84,820547472
2014/12/4,3.06,3.13,3.13,3.03,645356160
2014/12/5,3.13,3.05,3.19,2.92,596742416
2014/12/8,3,3.16,3.19,2.93,572304688
2014/12/9,3.16,3.1,3.34,3.06,841567936
2014/12/10,3.2,3.23,3.25,3.1,453272240
2014/12/11,3.22,3.22,3.22,3.13,407926832
2014/12/12,3.22,3.27,3.33,3.21,377334064
2014/12/15,3.3,3.28,3.3,3.18,310733648
2014/12/16,3.26,3.27,3.29,3.2,309894704
2014/12/17,3.25,3.22,3.26,3.18,319639632
2014/12/18,3.22,3.22,3.27,3.18,357951936
2014/12/19,3.2,3.33,3.36,3.19,717712208
2014/12/22,3.35,3.6,3.66,3.35,1105783184
2014/12/23,3.48,3.37,3.52,3.35,578733488
2014/12/24,3.36,3.24,3.37,3.2,405593520
2014/12/25,3.24,3.32,3.32,3.21,301420112
2014/12/26,3.32,3.4,3.43,3.28,398414048
2014/12/29,3.44,3.37,3.48,3.32,399399296
2014/12/30,3.34,3.29,3.37,3.26,269356368
2014/12/31,3.31,3.38,3.42,3.31,321906336
2015/1/5,3.39,3.65,3.68,3.39,891583200
2015/1/6,3.65,3.75,3.84,3.55,833516208
2015/1/7,3.8,3.98,4.1,3.75,857230000
2015/1/8,3.9,3.8,3.94,3.78,538367072
2015/1/9,3.78,3.74,3.86,3.72,384060400
2015/1/12,3.73,3.76,3.82,3.7,323777856
2015/1/13,3.8,3.72,3.87,3.66,302321792
2015/1/14,3.72,3.59,3.72,3.53,322081216
2015/1/15,3.56,3.63,3.64,3.45,266723669
2015/1/16,3.9,3.77,3.98,3.71,454817744
2015/1/19,3.69,3.6,3.91,3.45,584717552
2015/1/20,3.57,3.64,3.68,3.51,336777152
2015/1/21,3.69,3.77,3.79,3.68,398977184
2015/1/22,3.72,3.92,4.05,3.7,797800752
2015/1/23,3.99,3.84,4.05,3.81,533135424
2015/1/26,3.84,3.87,3.89,3.8,269623744
2015/1/27,3.81,3.79,3.84,3.7,373438000
2015/1/28,3.79,3.74,3.81,3.72,182745800
2015/1/29,3.69,3.65,3.7,3.61,228083694
2015/1/30,3.6,3.59,3.65,3.58,225513092
2015/2/2,3.59,3.58,3.63,3.51,160405567
2015/2/3,3.59,3.63,3.63,3.54,151232126
2015/2/4,3.6,3.54,3.62,3.53,182335970
2015/2/5,3.61,3.49,3.62,3.48,177340408
2015/2/6,3.46,3.34,3.46,3.3,241806649
2015/2/9,3.3,3.31,3.35,3.23,168774608
2015/2/10,3.3,3.37,3.37,3.28,104103985
2015/2/11,3.37,3.38,3.41,3.35,104109032
2015/2/12,3.36,3.37,3.39,3.31,106621051
2015/2/13,3.38,3.44,3.47,3.38,159839850
2015/2/16,3.46,3.46,3.47,3.42,94884898
2015/2/17,3.47,3.49,3.49,3.47,93534993
2015/2/25,3.46,3.42,3.46,3.4,143189495
2015/2/26,3.42,3.52,3.52,3.38,178096396
2015/2/27,3.52,3.55,3.56,3.48,169401851
2015/3/2,3.58,3.64,3.67,3.56,245758304
2015/3/3,3.61,3.55,3.61,3.53,212337566
2015/3/4,3.54,3.54,3.57,3.51,132991254
2015/3/5,3.54,3.46,3.54,3.43,156009872
2015/3/6,3.44,3.5,3.55,3.41,179095950
2015/3/9,3.44,3.49,3.5,3.4,151802856
2015/3/10,3.47,3.47,3.49,3.45,108641164
2015/3/11,3.46,3.45,3.5,3.44,107621902
2015/3/12,3.44,3.48,3.48,3.39,163747364
2015/3/13,3.48,3.5,3.52,3.45,163468085
2015/3/16,3.5,3.57,3.57,3.49,225966677
2015/3/17,3.58,3.67,3.69,3.55,470348944
2015/3/18,3.69,3.86,3.93,3.68,638974224
2015/3/19,3.9,3.91,4.05,3.83,756980704
2015/3/20,3.94,3.88,3.96,3.85,427618304
2015/3/23,3.95,4,4.04,3.94,605057120
2015/3/24,4.03,4.4,4.4,3.98,1403644128
2015/3/25,4.49,4.52,4.66,4.45,1436268640
2015/3/26,4.51,4.41,4.51,4.31,711915344
2015/3/27,4.46,4.43,4.53,4.41,469180688
2015/3/30,4.41,4.45,4.49,4.3,597394320
2015/3/31,4.44,4.32,4.44,4.31,489626032
2015/4/1,4.32,4.36,4.38,4.31,302148352
2015/4/2,4.41,4.44,4.46,4.36,464026064
2015/4/3,4.42,4.46,4.54,4.38,482667104
2015/4/7,4.52,4.56,4.58,4.5,618877920
2015/4/8,4.56,4.47,4.57,4.4,516419888
2015/4/9,4.47,4.33,4.49,4.3,487326384
2015/4/10,4.31,4.38,4.39,4.26,326217792
2015/4/13,4.4,4.47,4.49,4.37,474582480
2015/4/14,4.47,4.62,4.65,4.4,812016768
2015/4/15,4.61,4.6,4.72,4.51,748187584
2015/4/16,4.58,4.86,4.95,4.52,851053872
2015/4/17,4.86,5,5.06,4.8,911478128
2015/4/20,5.01,5.2,5.46,4.86,1116098464
2015/4/21,5.12,5.24,5.28,5.08,642433072
2015/4/22,5.24,5.24,5.24,5.24,0
2015/4/23,5.24,5.24,5.24,5.24,0
2015/4/24,5.24,5.24,5.24,5.24,0
2015/4/27,5.24,5.24,5.24,5.24,0
2015/4/28,5.24,5.24,5.24,5.24,0
2015/4/29,5.24,5.24,5.24,5.24,0
2015/4/30,5.24,5.24,5.24,5.24,0
2015/5/4,5.24,5.24,5.24,5.24,0
2015/5/5,5.24,5.24,5.24,5.24,0
2015/5/6,5.24,5.24,5.24,5.24,0
2015/5/7,5.24,5.24,5.24,5.24,0
2015/5/8,5.24,5.24,5.24,5.24,0
2015/5/11,5.24,5.24,5.24,5.24,0
2015/5/12,5.24,5.24,5.24,5.24,0
2015/5/13,5.24,5.24,5.24,5.24,0
2015/5/14,5.24,5.24,5.24,5.24,0
2015/5/15,5.24,5.24,5.24,5.24,0
2015/5/18,5.24,5.24,5.24,5.24,0
2015/5/19,5.24,5.24,5.24,5.24,0
2015/5/20,5.24,5.24,5.24,5.24,0
2015/5/21,5.24,5.24,5.24,5.24,0
2015/5/22,5.24,5.24,5.24,5.24,0
2015/5/25,5.24,5.24,5.24,5.24,0
2015/5/26,5.24,5.24,5.24,5.24,0
2015/5/27,5.76,5.76,5.76,5.76,12555648
2015/5/28,6.34,6.34,6.34,6.34,22088067
2015/5/29,6.97,6.97,6.97,6.7,1004750208
2015/6/1,7.49,7.18,7.49,6.71,2230625248
2015/6/2,7.07,6.97,7.08,6.86,1033601216
2015/6/3,6.96,6.72,6.96,6.5,874227792
2015/6/4,6.64,6.52,6.64,6.1,738324928
2015/6/5,6.56,6.78,7,6.56,891516560
2015/6/8,6.79,6.64,6.81,6.53,806015696
2015/6/9,6.63,6.57,6.64,6.5,516154592
2015/6/10,6.5,6.55,6.64,6.4,493908752
2015/6/11,6.52,6.46,6.52,6.4,457194256
2015/6/12,6.46,6.44,6.49,6.4,460186816
2015/6/15,6.44,6.52,6.59,6.28,751497744
2015/6/16,6.4,6.3,6.49,6.27,451756704
2015/6/17,6.29,6.29,6.34,6,492771200
2015/6/18,6.26,6.18,6.4,6.16,460462512
2015/6/19,6.11,5.6,6.26,5.56,500172064
2015/6/23,5.58,5.58,5.67,5.11,523896208
2015/6/24,5.62,5.88,5.94,5.56,594155200
2015/6/25,5.94,5.58,5.97,5.5,444122864
2015/6/26,5.43,5.04,5.44,5.02,519033440
2015/6/29,5.21,4.75,5.28,4.54,603030416
2015/6/30,4.6,5.12,5.13,4.39,617124208
2015/7/1,5.09,4.83,5.17,4.75,465107648
2015/7/2,4.95,4.49,4.95,4.43,412634736
2015/7/3,4.47,4.08,4.55,4.04,511173248
2015/7/6,4.47,4.28,4.49,4,614351952
2015/7/7,4.15,4.1,4.26,3.85,714081056
2015/7/8,3.79,3.69,3.95,3.69,474635792
2015/7/9,3.69,3.97,3.97,3.38,652695696
2015/7/10,4.1,4.37,4.37,4,573978496
2015/7/13,4.51,4.81,4.81,4.42,835873024
2015/7/14,4.81,4.57,4.92,4.51,752993312
2015/7/15,4.45,4.11,4.48,4.11,506826544
2015/7/16,4.11,4.24,4.34,3.94,374981136
2015/7/17,4.25,4.45,4.51,4.24,408807584
2015/7/20,4.45,4.42,4.54,4.35,390828336
2015/7/21,4.32,4.45,4.54,4.26,385268768
2015/7/22,4.38,4.36,4.44,4.27,321975856
2015/7/23,4.34,4.5,4.54,4.28,498165280
2015/7/24,4.46,4.39,4.57,4.34,561858448
2015/7/27,4.3,3.95,4.34,3.95,428726224
2015/7/28,3.85,3.88,3.99,3.64,431287728
2015/7/29,3.92,4.13,4.14,3.89,267022894
2015/7/30,4.11,3.99,4.17,3.93,243191779
2015/7/31,3.92,4.01,4.05,3.91,179810774
2015/8/3,3.98,4,4.03,3.83,211761566
2015/8/4,3.99,4.11,4.14,3.99,234423990
2015/8/5,4.08,4,4.1,3.98,189060568
2015/8/6,3.9,3.95,3.99,3.9,122470514
2015/8/7,4.05,4.04,4.08,4.01,172432346
2015/8/10,4.05,4.22,4.25,4.04,374356496
2015/8/11,4.25,4.64,4.64,4.22,945460720
2015/8/12,4.61,4.71,4.94,4.47,1085489376
2015/8/13,4.6,4.65,4.75,4.5,588221984
2015/8/14,4.6,4.52,4.62,4.51,442381168
2015/8/17,4.52,4.57,4.63,4.48,333349136
2015/8/18,4.57,4.11,4.6,4.11,504204176
2015/8/19,3.98,4.25,4.26,3.91,383445248
2015/8/20,4.31,4.26,4.5,4.21,439041104
2015/8/21,4.37,4.17,4.44,4.05,393665568
2015/8/24,3.97,3.75,4.29,3.75,591401248
2015/8/25,3.46,3.38,3.67,3.38,404135168
2015/8/26,3.46,3.37,3.54,3.16,381325792
2015/8/27,3.39,3.49,3.49,3.3,274190832
2015/8/28,3.55,3.72,3.73,3.48,327418272
2015/8/31,3.67,3.56,3.67,3.51,233063067
2015/9/1,3.56,3.65,3.76,3.42,408213792
2015/9/2,3.5,3.56,3.69,3.45,244084224
2015/9/7,3.56,3.59,3.7,3.53,179135027
2015/9/8,3.57,3.64,3.68,3.48,160306400
2015/9/9,3.66,3.75,3.79,3.62,289907536
2015/9/10,3.69,3.64,3.7,3.61,164183537
2015/9/11,3.64,3.6,3.67,3.56,117087875
2015/9/14,3.6,3.63,3.65,3.31,258006589
2015/9/15,3.54,3.35,3.54,3.31,125712941
2015/9/16,3.36,3.59,3.65,3.36,159235927
2015/9/17,3.59,3.5,3.64,3.5,176930625
2015/9/18,3.57,3.51,3.59,3.47,91210033
2015/9/21,3.48,3.55,3.56,3.45,94221739
2015/9/22,3.54,3.57,3.6,3.52,129201700
2015/9/23,3.5,3.44,3.51,3.4,117795483
2015/9/24,3.44,3.47,3.49,3.43,67723753
2015/9/25,3.52,3.51,3.6,3.42,219541705
2015/9/28,3.48,3.47,3.49,3.41,86560786
2015/9/29,3.41,3.37,3.43,3.36,79785192
2015/9/30,3.38,3.38,3.41,3.37,48290619
2015/10/8,3.49,3.48,3.53,3.46,97307281
2015/10/9,3.48,3.55,3.58,3.45,161211079
2015/10/12,3.57,3.74,3.83,3.54,300109648
2015/10/13,3.67,3.7,3.7,3.64,182631249
2015/10/14,3.72,3.67,3.79,3.66,224167437
2015/10/15,3.71,3.74,3.75,3.67,216669468
2015/10/16,3.74,3.74,3.76,3.69,221357042
2015/10/19,3.73,3.7,3.73,3.68,166261838
2015/10/20,3.68,3.73,3.74,3.65,173974049
2015/10/21,3.84,3.73,3.99,3.69,573766144
2015/10/22,3.65,3.77,3.78,3.61,282112864
2015/10/23,3.77,3.78,3.79,3.7,228381377
2015/10/26,3.81,3.77,3.84,3.74,205996737
2015/10/27,3.74,3.73,3.75,3.62,150263012
2015/10/28,3.71,3.71,3.77,3.67,165754946
2015/10/29,3.69,3.69,3.72,3.66,117518234
2015/10/30,3.65,3.65,3.68,3.61,103037416
2015/11/2,3.61,3.56,3.63,3.55,116486422
2015/11/3,3.55,3.56,3.59,3.52,80967717
2015/11/4,3.53,3.68,3.68,3.53,166961389
2015/11/5,3.67,3.73,3.83,3.64,367719456
2015/11/6,3.71,3.78,3.79,3.69,263951653
2015/11/9,3.73,3.79,3.82,3.71,290743760
2015/11/10,3.77,3.88,3.97,3.75,487440176
2015/11/11,3.84,3.81,3.86,3.77,289907296
2015/11/12,3.8,3.77,3.85,3.76,215737021
2015/11/13,3.73,3.67,3.74,3.66,199186505
2015/11/16,3.69,3.79,3.79,3.69,244552801
2015/11/17,3.77,3.74,3.79,3.72,195248600
2015/11/18,3.71,3.69,3.73,3.68,113022597
2015/11/19,3.7,3.72,3.72,3.69,84219324
2015/11/20,3.73,3.73,3.74,3.7,121761351
2015/11/23,3.71,3.68,3.72,3.66,123697259
2015/11/24,3.67,3.66,3.68,3.62,92395553
2015/11/25,3.7,3.72,3.74,3.69,144152025
2015/11/26,3.7,3.69,3.76,3.67,158609173
2015/11/27,3.68,3.49,3.69,3.46,177298841
2015/11/30,3.49,3.46,3.53,3.35,142718874
2015/12/1,3.47,3.48,3.5,3.43,78210723
2015/12/2,3.48,3.55,3.55,3.43,122495964
2015/12/3,3.5,3.56,3.56,3.49,93727884
2015/12/4,3.56,3.51,3.58,3.5,93824373
2015/12/7,3.55,3.55,3.58,3.53,94588142
2015/12/8,3.52,3.46,3.52,3.45,79628772
2015/12/9,3.46,3.48,3.52,3.45,67104488
2015/12/10,3.45,3.44,3.48,3.42,68761390
2015/12/11,3.41,3.45,3.49,3.38,96496935
2015/12/14,3.42,3.66,3.74,3.41,333227120
2015/12/15,3.58,3.57,3.61,3.55,158222222
2015/12/16,3.58,3.6,3.67,3.56,131990051
2015/12/17,3.62,3.62,3.64,3.59,145465276
2015/12/18,3.59,3.58,3.61,3.54,123793207
2015/12/21,3.58,3.64,3.65,3.58,155465930
2015/12/22,3.64,3.65,3.68,3.63,133338379
2015/12/23,3.65,3.59,3.65,3.58,108082295
2015/12/24,3.59,3.57,3.6,3.55,66954188
2015/12/25,3.58,3.58,3.59,3.56,49785641
2015/12/28,3.59,3.51,3.59,3.51,89571453
2015/12/29,3.5,3.56,3.57,3.48,70058186
2015/12/30,3.55,3.56,3.57,3.54,60339124
2015/12/31,3.55,3.52,3.56,3.51,64946996
2016/1/4,3.52,3.31,3.52,3.3,78948461
2016/1/5,3.25,3.4,3.46,3.25,150737963
2016/1/6,3.4,3.57,3.6,3.38,196385320
2016/1/7,3.55,3.29,3.57,3.26,57720415
2016/1/8,3.46,3.52,3.54,3.31,224142486
2016/1/11,3.45,3.39,3.58,3.36,194671392
2016/1/12,3.34,3.29,3.4,3.21,169386049
2016/1/13,3.29,3.25,3.35,3.24,81994942
2016/1/14,3.2,3.28,3.29,3.18,97559615
2016/1/15,3.25,3.13,3.25,3.11,117921284
2016/1/18,3.09,3.12,3.14,3.05,69446862
2016/1/19,3.11,3.19,3.19,3.08,87382445
2016/1/20,3.17,3.2,3.28,3.12,117898165
2016/1/21,3.18,3.1,3.24,3.1,92670954
2016/1/22,3.1,3.12,3.14,3.06,69176654
2016/1/25,3.13,3.13,3.15,3.09,60622572
2016/1/26,3.13,2.96,3.14,2.92,107475537
2016/1/27,2.96,2.87,2.99,2.78,114824677
2016/1/28,2.86,2.71,2.88,2.7,75180778
2016/1/29,2.7,2.79,2.82,2.7,72782376
2016/2/1,2.8,2.78,2.84,2.73,68809404
2016/2/2,2.79,2.83,2.85,2.79,58388625
2016/2/3,2.82,2.85,2.87,2.8,65577014
2016/2/4,2.88,2.94,2.99,2.88,116190211
2016/2/5,2.98,3.02,3.1,2.95,142354248
2016/2/15,3.3,3.32,3.32,3.2,342817904
2016/2/16,3.28,3.37,3.43,3.21,345751088
2016/2/17,3.28,3.33,3.34,3.26,200629434
2016/2/18,3.31,3.26,3.32,3.25,141206344
2016/2/19,3.3,3.18,3.32,3.16,184514829
2016/2/22,3.19,3.22,3.25,3.18,114512112
2016/2/23,3.2,3.27,3.28,3.17,181716644
2016/2/24,3.25,3.33,3.45,3.21,322372768
2016/2/25,3.33,3.11,3.38,3.07,261159609
2016/2/26,3.13,3.17,3.19,3.08,131817083
2016/2/29,3.12,3.13,3.17,3.01,131519399
2016/3/1,3.15,3.3,3.35,3.13,298599664
2016/3/2,3.22,3.37,3.39,3.21,312441600
2016/3/3,3.37,3.46,3.47,3.28,443810592
2016/3/4,3.53,3.48,3.58,3.42,550527728
2016/3/7,3.51,3.58,3.61,3.45,402628192
2016/3/8,3.58,3.5,3.58,3.41,308727840
2016/3/9,3.34,3.36,3.39,3.29,223947744
2016/3/10,3.32,3.3,3.39,3.28,144474514
2016/3/11,3.4,3.34,3.4,3.32,147939554
2016/3/14,3.27,3.42,3.43,3.26,224419160
2016/3/15,3.36,3.36,3.42,3.3,145925270
2016/3/16,3.33,3.38,3.4,3.31,156329526
2016/3/17,3.42,3.39,3.42,3.36,152083640
2016/3/18,3.42,3.41,3.44,3.39,203864820
2016/3/21,3.4,3.42,3.42,3.38,240538002
2016/3/22,3.39,3.4,3.42,3.34,171438015
2016/3/23,3.37,3.35,3.39,3.33,122497758
2016/3/24,3.3,3.26,3.3,3.26,125745909
2016/3/25,3.25,3.27,3.28,3.24,57429111
2016/3/28,3.27,3.27,3.3,3.26,60696932
2016/3/29,3.26,3.25,3.28,3.23,60610958
2016/3/30,3.29,3.3,3.3,3.26,77731443
2016/3/31,3.28,3.27,3.29,3.26,58961971
2016/4/1,3.27,3.29,3.29,3.25,65147912
2016/4/5,3.27,3.3,3.31,3.25,88872141
2016/4/6,3.3,3.28,3.32,3.27,69287409
2016/4/7,3.28,3.25,3.29,3.25,63465649
2016/4/8,3.26,3.31,3.33,3.25,132947337
2016/4/11,3.32,3.35,3.39,3.29,175198454
2016/4/12,3.35,3.36,3.41,3.33,159217996
2016/4/13,3.37,3.4,3.44,3.35,237503489
2016/4/14,3.37,3.35,3.38,3.33,139237157
2016/4/15,3.33,3.33,3.36,3.31,85382812
2016/4/18,3.33,3.29,3.33,3.28,64992959
2016/4/19,3.29,3.32,3.33,3.27,69016981
2016/4/20,3.35,3.25,3.37,3.18,170372194
2016/4/21,3.23,3.32,3.33,3.21,151760878
2016/4/22,3.25,3.24,3.27,3.21,107062221
2016/4/25,3.21,3.19,3.22,3.16,54887648
2016/4/26,3.2,3.19,3.22,3.16,52032042
2016/4/27,3.21,3.23,3.24,3.18,91606594
2016/4/28,3.19,3.18,3.2,3.15,85550272
2016/4/29,3.2,3.21,3.26,3.2,126928902
2016/5/3,3.26,3.29,3.32,3.24,139894752
2016/5/4,3.25,3.25,3.27,3.23,80650901
2016/5/5,3.24,3.25,3.28,3.23,59367632
2016/5/6,3.24,3.17,3.26,3.16,100214222
2016/5/9,3.17,3.09,3.18,3.08,83461928
2016/5/10,3.06,3.08,3.08,3.04,47562635
2016/5/11,3.08,3.1,3.12,3.04,48154656
2016/5/12,3.08,3.09,3.1,3.05,43851541
2016/5/13,3.06,3.1,3.13,3.06,59868522
2016/5/16,3.09,3.17,3.22,3.05,88397670
2016/5/17,3.15,3.12,3.18,3.12,57684408
2016/5/18,3.13,3.09,3.16,3.06,63968252
2016/5/19,3.05,3.07,3.09,3.05,51153811
2016/5/20,3.05,3.06,3.07,3.03,37634879
2016/5/23,3.06,3.06,3.07,3.05,34903142
2016/5/24,3.06,3.06,3.06,3.02,37334871
2016/5/25,3.04,3.02,3.05,3.02,34868632
2016/5/26,3.02,3.03,3.04,2.99,35084260
2016/5/27,3.01,3.02,3.03,3,25805038
2016/5/30,3.01,2.99,3.01,2.98,28217281
2016/5/31,2.99,3.06,3.06,2.99,57917119
2016/6/1,3.05,3.06,3.08,3.04,48332303
2016/6/2,3.05,3.06,3.07,3.04,37720771
2016/6/3,3.05,3.05,3.06,3.03,40570206
2016/6/6,3.13,3.11,3.17,3.1,107371617
2016/6/7,3.12,3.08,3.14,3.07,44457043
2016/6/8,3.09,3.09,3.1,3.07,40324493
2016/6/13,3.14,3.15,3.22,3.11,210869679
2016/6/14,3.13,3.09,3.15,3.06,98802749
2016/6/15,3.06,3.16,3.18,3.05,128242793
2016/6/16,3.17,3.48,3.48,3.15,562083584
2016/6/17,3.35,3.42,3.49,3.35,449439792
2016/6/20,3.42,3.38,3.43,3.34,150420366
2016/6/21,3.38,3.27,3.38,3.23,257176477
2016/6/22,3.23,3.27,3.29,3.2,98108715
2016/6/23,3.26,3.27,3.29,3.23,102096693
2016/6/24,3.32,3.51,3.59,3.25,640612496
2016/6/27,3.48,3.44,3.52,3.41,312238560
2016/6/28,3.43,3.4,3.44,3.37,178128298
2016/6/29,3.37,3.39,3.4,3.35,147393602
2016/6/30,3.37,3.37,3.43,3.36,115735058
2016/7/1,3.39,3.41,3.5,3.37,276661392
2016/7/4,3.46,3.51,3.62,3.42,467692336
2016/7/5,3.51,3.48,3.51,3.44,192994782
2016/7/6,3.52,3.68,3.81,3.51,932497664
2016/7/7,3.68,3.68,3.68,3.68,0
2016/7/8,3.68,3.68,3.68,3.68,0
2016/7/11,3.78,4.05,4.05,3.73,1045503056
2016/7/12,3.97,3.93,4,3.85,612313536
2016/7/13,3.8,3.93,3.94,3.78,427065424
2016/7/14,3.94,3.84,3.97,3.81,274462544
2016/7/15,3.81,3.85,3.9,3.78,211468928
2016/7/18,3.8,3.83,3.92,3.75,228394358
2016/7/19,3.76,3.79,3.85,3.75,199912947
2016/7/20,3.8,3.73,3.85,3.72,182761563
2016/7/21,3.68,3.68,3.7,3.65,177268247
2016/7/22,3.68,3.56,3.68,3.54,175365810
2016/7/25,3.51,3.48,3.53,3.46,172871148
2016/7/26,3.49,3.57,3.58,3.49,179827357
2016/7/27,3.56,3.5,3.56,3.37,211580648
2016/7/28,3.54,3.54,3.56,3.5,177970324
2016/7/29,3.52,3.47,3.55,3.42,147770754
2016/8/1,3.52,3.56,3.65,3.51,240097718
2016/8/2,3.56,3.58,3.58,3.51,103446535
2016/8/3,3.64,3.62,3.67,3.61,172364609
2016/8/4,3.58,3.56,3.58,3.51,121183213
2016/8/5,3.56,3.56,3.57,3.53,73755778
2016/8/8,3.45,3.48,3.48,3.42,145205929
2016/8/9,3.47,3.48,3.48,3.45,75598956
2016/8/10,3.5,3.55,3.57,3.5,200535816
2016/8/11,3.5,3.5,3.52,3.48,90658751
2016/8/12,3.48,3.52,3.52,3.46,62746131
2016/8/15,3.51,3.54,3.56,3.49,181238091
2016/8/16,3.54,3.55,3.57,3.46,277923248
2016/8/17,3.52,3.49,3.52,3.48,155382164
2016/8/18,3.51,3.49,3.52,3.48,100188935
2016/8/19,3.48,3.47,3.49,3.45,80914985
2016/8/22,3.44,3.43,3.45,3.42,104213932
2016/8/23,3.42,3.44,3.44,3.41,79267891
2016/8/24,3.44,3.41,3.44,3.4,70957191
2016/8/25,3.38,3.36,3.38,3.32,120739639
2016/8/26,3.35,3.37,3.38,3.35,55424504
2016/8/29,3.35,3.34,3.35,3.32,85714002
2016/8/30,3.34,3.34,3.36,3.33,80682429
2016/8/31,3.32,3.34,3.34,3.31,63987384
2016/9/1,3.33,3.33,3.37,3.32,87232488
2016/9/2,3.33,3.34,3.37,3.33,76484956
2016/9/5,3.36,3.36,3.37,3.34,60374303
2016/9/6,3.35,3.36,3.36,3.32,69808167
2016/9/7,3.39,3.39,3.42,3.38,140925243
2016/9/8,3.37,3.37,3.38,3.34,65789020
2016/9/9,3.34,3.34,3.35,3.33,58047556
2016/9/12,3.3,3.22,3.3,3.19,159933998
2016/9/13,3.23,3.22,3.24,3.2,55898334
2016/9/14,3.19,3.24,3.24,3.15,103682449
2016/9/19,3.2,3.22,3.23,3.2,44964817
2016/9/20,3.22,3.22,3.24,3.21,45631359
2016/9/21,3.22,3.25,3.25,3.21,53908996
2016/9/22,3.28,3.26,3.31,3.25,94790911
2016/9/23,3.27,3.23,3.28,3.22,45503295
2016/9/26,3.22,3.17,3.23,3.16,61056612
2016/9/27,3.18,3.21,3.21,3.17,56337165
2016/9/28,3.19,3.18,3.19,3.17,38678891
2016/9/29,3.18,3.18,3.19,3.17,36188342
2016/9/30,3.18,3.21,3.21,3.17,43361477
2016/10/10,3.12,3.18,3.18,3.1,105657856
2016/10/11,3.17,3.19,3.19,3.15,74291433
2016/10/12,3.17,3.18,3.18,3.16,42980449
2016/10/13,3.17,3.18,3.19,3.16,67334564
2016/10/14,3.17,3.17,3.18,3.15,58885773
2016/10/17,3.17,3.24,3.27,3.16,150963549
2016/10/18,3.21,3.25,3.25,3.2,99447985
2016/10/19,3.25,3.25,3.29,3.23,106341843
2016/10/20,3.25,3.24,3.26,3.23,60592583
2016/10/21,3.23,3.24,3.24,3.21,66354809
2016/10/24,3.23,3.27,3.27,3.22,94130954
2016/10/25,3.26,3.3,3.32,3.25,117685802
2016/10/26,3.32,3.28,3.32,3.27,97827563
2016/10/27,3.27,3.25,3.27,3.24,54930309
2016/10/28,3.26,3.24,3.27,3.23,65178097
2016/10/31,3.25,3.28,3.29,3.25,105435970
2016/11/1,3.28,3.29,3.3,3.25,85874041
2016/11/2,3.32,3.43,3.46,3.31,427629920
2016/11/3,3.44,3.39,3.44,3.36,221493301
2016/11/4,3.37,3.34,3.39,3.33,151398590
2016/11/7,3.3,3.35,3.36,3.29,137382215
2016/11/8,3.31,3.37,3.37,3.31,153773604
2016/11/9,3.35,3.59,3.65,3.33,772258688
2016/11/10,3.4,3.48,3.53,3.4,439591536
2016/11/11,3.44,3.58,3.64,3.4,576321056
2016/11/14,3.48,3.62,3.78,3.46,815498784
2016/11/15,3.64,3.63,3.73,3.6,422443904
2016/11/16,3.6,3.59,3.64,3.52,269822432
2016/11/17,3.56,3.58,3.59,3.53,129613405
2016/11/18,3.57,3.5,3.63,3.49,234488254
2016/11/21,3.5,3.5,3.52,3.44,222565321
2016/11/22,3.51,3.54,3.55,3.47,176891129
2016/11/23,3.52,3.51,3.54,3.49,141084054
2016/11/24,3.48,3.52,3.59,3.47,247751339
2016/11/25,3.51,3.51,3.55,3.45,211991665
2016/11/28,3.56,3.7,3.8,3.56,570817776
2016/11/29,3.68,3.66,3.69,3.62,246067068
2016/11/30,3.63,3.56,3.67,3.53,241377750
2016/12/1,3.53,3.65,3.66,3.52,188884714
2016/12/2,3.64,3.57,3.66,3.55,202560619
2016/12/5,3.53,3.5,3.54,3.48,163266262
2016/12/6,3.51,3.47,3.54,3.45,125910993
2016/12/7,3.47,3.48,3.48,3.41,181125727
2016/12/8,3.49,3.52,3.57,3.48,218171716
2016/12/9,3.5,3.52,3.54,3.47,124494395
2016/12/12,3.49,3.41,3.53,3.4,152726171
2016/12/13,3.4,3.44,3.44,3.37,97684662
2016/12/14,3.42,3.55,3.6,3.41,277689488
2016/12/15,3.42,3.48,3.52,3.42,194086096
2016/12/16,3.46,3.46,3.48,3.41,120906156
2016/12/19,3.47,3.46,3.48,3.42,69879631
2016/12/20,3.44,3.39,3.45,3.37,126043869
2016/12/21,3.38,3.42,3.43,3.36,94281877
2016/12/22,3.41,3.39,3.41,3.37,76783248
2016/12/23,3.39,3.34,3.39,3.33,77726640
2016/12/26,3.33,3.3,3.34,3.24,102474643
2016/12/27,3.29,3.3,3.33,3.26,96052298
2016/12/28,3.31,3.3,3.32,3.28,75457656
2016/12/29,3.32,3.34,3.36,3.31,101348457
2016/12/30,3.37,3.34,3.39,3.32,72380384
2017/1/3,3.33,3.36,3.38,3.32,68200156
2017/1/4,3.36,3.37,3.38,3.34,71716774
2017/1/5,3.38,3.41,3.42,3.37,106678038
2017/1/6,3.41,3.38,3.42,3.36,83070256
2017/1/9,3.37,3.37,3.39,3.34,74292309
2017/1/10,3.38,3.4,3.42,3.36,89850694
2017/1/11,3.4,3.41,3.45,3.39,127231420
2017/1/12,3.41,3.4,3.44,3.38,65327833
2017/1/13,3.4,3.41,3.44,3.38,93620581
2017/1/16,3.41,3.45,3.48,3.36,208386617
2017/1/17,3.43,3.49,3.5,3.41,115334243
2017/1/18,3.49,3.49,3.54,3.47,124184194
2017/1/19,3.46,3.42,3.47,3.42,72496805
2017/1/20,3.42,3.44,3.45,3.39,61454964
2017/1/23,3.46,3.51,3.53,3.45,108756480
2017/1/24,3.52,3.49,3.52,3.48,82270141
2017/1/25,3.48,3.51,3.53,3.48,85767064
2017/1/26,3.5,3.58,3.59,3.48,192555703
2017/2/3,3.62,3.57,3.64,3.55,118628545
2017/2/6,3.57,3.54,3.59,3.52,112262992
2017/2/7,3.58,3.58,3.6,3.54,150379406
2017/2/8,3.55,3.55,3.58,3.53,126882001
2017/2/9,3.57,3.58,3.58,3.55,126753361
2017/2/10,3.54,3.55,3.57,3.53,146372377
2017/2/13,3.61,3.6,3.69,3.6,232152006
2017/2/14,3.6,3.63,3.63,3.57,111211725
2017/2/15,3.6,3.55,3.62,3.55,108767911
2017/2/16,3.56,3.62,3.66,3.55,168226530
2017/2/17,3.62,3.57,3.64,3.55,98759019
2017/2/20,3.55,3.62,3.63,3.54,135871591
2017/2/21,3.62,3.64,3.65,3.62,96313423
2017/2/22,3.64,3.63,3.65,3.62,76407950
2017/2/23,3.64,3.64,3.68,3.61,125046688
2017/2/24,3.66,3.61,3.66,3.56,145993559
2017/2/27,3.61,3.57,3.65,3.57,130474890
2017/2/28,3.56,3.57,3.58,3.54,75580748
2017/3/1,3.55,3.57,3.59,3.53,89169381
2017/3/2,3.56,3.53,3.57,3.53,76853145
2017/3/3,3.5,3.45,3.5,3.43,144520454
2017/3/6,3.46,3.47,3.47,3.44,71277967
2017/3/7,3.46,3.46,3.46,3.44,69486916
2017/3/8,3.44,3.44,3.44,3.42,63176685
2017/3/9,3.41,3.39,3.41,3.38,98834860
2017/3/10,3.38,3.4,3.41,3.37,51034883
2017/3/13,3.4,3.46,3.46,3.39,100126928
2017/3/14,3.45,3.44,3.46,3.43,55696381
2017/3/15,3.43,3.46,3.47,3.42,55938487
2017/3/16,3.5,3.48,3.51,3.46,86167602
2017/3/17,3.48,3.45,3.5,3.44,61361000
2017/3/20,3.45,3.5,3.52,3.45,99115773
2017/3/21,3.49,3.47,3.5,3.45,64973674
2017/3/22,3.49,3.46,3.5,3.44,92110439
2017/3/23,3.46,3.46,3.48,3.42,90045247
2017/3/24,3.44,3.42,3.45,3.4,125655432
2017/3/27,3.43,3.47,3.48,3.42,125514511
2017/3/28,3.45,3.44,3.46,3.43,64817253
2017/3/29,3.44,3.46,3.47,3.44,75753919
2017/3/30,3.46,3.4,3.46,3.36,126224790
2017/3/31,3.38,3.38,3.4,3.36,99857543
2017/4/5,3.39,3.42,3.42,3.39,123210632
2017/4/6,3.41,3.46,3.47,3.4,138195288
2017/4/7,3.46,3.56,3.62,3.45,387706784
2017/4/10,3.5,3.51,3.52,3.48,143286724
2017/4/11,3.49,3.57,3.6,3.48,242283433
2017/4/12,3.62,3.57,3.64,3.55,213761460
2017/4/13,3.6,3.58,3.61,3.56,98934558
2017/4/14,3.59,3.62,3.65,3.57,247270337
2017/4/17,3.58,3.53,3.59,3.49,157567308
2017/4/18,3.51,3.47,3.52,3.47,80474039
2017/4/19,3.5,3.49,3.55,3.44,170506485
2017/4/20,3.46,3.43,3.47,3.4,107461822
2017/4/21,3.44,3.44,3.45,3.42,57359468
2017/4/24,3.42,3.36,3.43,3.36,97540764
2017/4/25,3.37,3.36,3.38,3.33,87296703
2017/4/26,3.35,3.35,3.36,3.34,63032035
2017/4/27,3.35,3.35,3.36,3.28,84042353
2017/4/28,3.34,3.38,3.39,3.33,61427904
2017/5/2,3.36,3.37,3.38,3.33,74337638
2017/5/3,3.35,3.36,3.37,3.33,55269404
2017/5/4,3.33,3.33,3.35,3.31,61721550
2017/5/5,3.3,3.3,3.32,3.25,115237000
2017/5/8,3.28,3.29,3.3,3.25,72756470
2017/5/9,3.27,3.27,3.28,3.24,52688495
2017/5/10,3.26,3.23,3.28,3.22,57427780
2017/5/11,3.22,3.2,3.22,3.14,83853376
2017/5/12,3.19,3.2,3.21,3.17,58277711
2017/5/15,3.19,3.21,3.24,3.18,52100420
2017/5/16,3.21,3.25,3.25,3.18,58007906
2017/5/17,3.25,3.24,3.27,3.24,52994998
2017/5/18,3.29,3.27,3.32,3.26,83288592
2017/5/19,3.23,3.24,3.25,3.22,48323582
2017/5/22,3.25,3.23,3.26,3.2,38530197
2017/5/23,3.23,3.27,3.27,3.16,76899850
2017/5/24,3.23,3.25,3.26,3.19,40707022
2017/5/25,3.25,3.27,3.29,3.23,55886547
2017/5/26,3.27,3.28,3.29,3.25,41373596
2017/5/31,3.28,3.28,3.3,3.27,47092484
2017/6/1,3.27,3.27,3.28,3.22,68817023
2017/6/2,3.25,3.26,3.26,3.23,37102332
2017/6/5,3.28,3.28,3.3,3.27,68072332
2017/6/6,3.27,3.3,3.31,3.26,62333828
2017/6/7,3.3,3.32,3.33,3.3,62959715
2017/6/8,3.31,3.29,3.32,3.28,42844816
2017/6/9,3.28,3.3,3.31,3.27,48223517
2017/6/12,3.28,3.25,3.29,3.24,71804062
2017/6/13,3.24,3.31,3.33,3.23,110969964
2017/6/14,3.31,3.31,3.33,3.3,73225240
2017/6/15,3.31,3.35,3.35,3.3,82003807
2017/6/16,3.34,3.35,3.36,3.32,62151172
2017/6/19,3.34,3.35,3.36,3.33,48645772
2017/6/20,3.34,3.33,3.35,3.31,49698158
2017/6/21,3.34,3.34,3.34,3.32,39578100
2017/6/22,3.34,3.35,3.36,3.33,71678807
2017/6/23,3.34,3.36,3.36,3.28,77749439
2017/6/26,3.35,3.37,3.37,3.34,44362351
2017/6/27,3.35,3.36,3.37,3.32,53293381
2017/6/28,3.35,3.37,3.38,3.34,53236135
2017/6/29,3.37,3.39,3.4,3.36,67122050
2017/6/30,3.37,3.43,3.44,3.37,78596350
2017/7/3,3.43,3.44,3.45,3.39,76418222
2017/7/4,3.41,3.45,3.46,3.41,84382858
2017/7/5,3.44,3.47,3.48,3.43,64575573
2017/7/6,3.47,3.49,3.5,3.45,80725767
2017/7/7,3.48,3.51,3.52,3.45,120817513
2017/7/10,3.49,3.54,3.55,3.49,106350999
2017/7/11,3.54,3.47,3.54,3.46,101452764
2017/7/12,3.47,3.47,3.5,3.45,62290249
2017/7/13,3.47,3.55,3.64,3.46,169804393
2017/7/14,3.54,3.55,3.57,3.51,80888332
2017/7/17,3.57,3.58,3.61,3.46,170097887
2017/7/18,3.55,3.6,3.61,3.54,105948989
2017/7/19,3.61,3.64,3.7,3.6,412481184
2017/7/20,3.63,3.59,3.65,3.59,176336861
2017/7/21,3.6,3.54,3.6,3.51,190360360
2017/7/24,3.54,3.56,3.57,3.53,111936875
2017/7/25,3.56,3.56,3.56,3.51,83429038
2017/7/26,3.61,3.67,3.7,3.61,334504976
2017/7/27,3.67,3.66,3.71,3.62,185763332
2017/7/28,3.65,3.65,3.66,3.62,73353019
2017/7/31,3.66,3.73,3.75,3.65,254215302
2017/8/1,3.73,3.76,3.8,3.71,190882553
2017/8/2,3.74,3.74,3.8,3.7,174631668
2017/8/3,3.72,3.76,3.78,3.71,130941092
2017/8/4,3.72,3.79,3.85,3.7,285711760
2017/8/7,3.75,3.75,3.78,3.7,189560153
2017/8/8,3.75,3.9,3.98,3.75,346885520
2017/8/9,3.96,4.06,4.06,3.9,388759696
2017/8/10,4.1,4.04,4.13,3.94,334823616
2017/8/11,4.03,3.88,4.13,3.85,396294864
2017/8/14,3.86,3.79,3.9,3.76,306003248
2017/8/15,3.76,3.73,3.76,3.68,208219832
2017/8/16,3.71,3.66,3.72,3.64,176159598
2017/8/17,3.77,3.82,3.83,3.74,298267312
2017/8/18,3.77,3.76,3.78,3.69,133647237
2017/8/21,3.77,3.78,3.78,3.71,122319456
2017/8/22,3.77,3.75,3.79,3.73,102040385
2017/8/23,3.73,3.67,3.73,3.66,127874012
2017/8/24,3.67,3.64,3.7,3.63,70797731
2017/8/25,3.65,3.7,3.72,3.64,114121793
2017/8/28,3.71,3.74,3.76,3.67,206350110
2017/8/29,3.78,3.79,3.82,3.76,223368910
2017/8/30,3.77,3.77,3.82,3.74,198967999
2017/8/31,3.76,3.75,3.77,3.71,117638656
2017/9/1,3.77,4.04,4.09,3.77,521784160
2017/9/4,4.2,4.3,4.32,4.08,578001840
2017/9/5,4.24,4.27,4.32,4.16,348337760
2017/9/6,4.28,4.38,4.46,4.22,463099280
2017/9/7,4.29,4.17,4.34,4.15,258237080
2017/9/8,4.22,4.29,4.37,4.18,336567248
2017/9/11,4.18,4.16,4.2,4.06,435950336
2017/9/12,4.11,4.14,4.19,4.08,306246624
2017/9/13,4.11,4.05,4.13,4.03,233460021
2017/9/14,4.01,4.01,4.05,3.98,212775283
2017/9/15,4.04,4.01,4.07,3.99,183356615
2017/9/18,3.97,3.95,3.98,3.9,192424188
2017/9/19,3.96,3.99,4,3.93,173006890
2017/9/20,3.99,4.05,4.07,3.95,218979416
2017/9/21,4,3.9,4.02,3.89,242811970
2017/9/22,3.86,3.92,3.93,3.81,236761309
2017/9/25,3.9,3.91,3.92,3.85,142163375
2017/9/26,3.93,3.93,3.95,3.9,90603975
2017/9/27,3.88,3.91,3.92,3.87,85686490
2017/9/28,3.88,3.87,3.9,3.83,139863352
2017/9/29,3.87,3.87,3.9,3.83,148353094
2017/10/9,3.89,3.9,3.95,3.87,177652527
2017/10/10,3.91,3.9,3.92,3.86,106008102
2017/10/11,3.9,3.87,3.91,3.85,96735024
2017/10/12,3.87,3.87,3.88,3.83,107810208
2017/10/13,3.86,3.9,3.91,3.86,99248592
2017/10/16,3.91,4.01,4.03,3.88,310989040
2017/10/17,3.98,3.91,3.99,3.9,182118475
2017/10/18,3.9,3.93,3.94,3.87,155694383
2017/10/19,3.89,3.94,3.95,3.83,159974866
2017/10/20,3.91,3.94,3.98,3.89,102684245
2017/10/23,3.91,3.9,3.94,3.89,72708561
2017/10/24,3.89,3.96,3.96,3.89,139159203
2017/10/25,3.93,3.97,4,3.92,137557586
2017/10/26,3.98,3.87,3.99,3.84,355855328
2017/10/27,3.85,3.72,3.86,3.7,347776960
2017/10/30,3.73,3.7,3.74,3.59,215911768
2017/10/31,3.67,3.69,3.7,3.66,76374077
2017/11/1,3.69,3.68,3.72,3.66,102050484
2017/11/2,3.69,3.7,3.72,3.67,91943573
2017/11/3,3.69,3.7,3.71,3.59,173395116
2017/11/6,3.66,3.68,3.68,3.64,77774958
2017/11/7,3.69,3.73,3.78,3.68,166134055
2017/11/8,3.71,3.72,3.74,3.7,100270130
2017/11/9,3.72,3.73,3.74,3.71,75738618
2017/11/10,3.73,3.7,3.75,3.69,75185943
2017/11/13,3.68,3.67,3.7,3.65,101846018
2017/11/14,3.66,3.65,3.69,3.64,76848462
2017/11/15,3.63,3.66,3.67,3.61,106398894
2017/11/16,3.64,3.6,3.64,3.6,87145894
2017/11/17,3.59,3.69,3.7,3.58,186846771
2017/11/20,3.69,3.71,3.73,3.66,109315395
2017/11/21,3.68,3.68,3.69,3.66,69630462
2017/11/22,3.68,3.73,3.74,3.67,103081951
2017/11/23,3.75,3.79,3.88,3.75,292812240
2017/11/24,3.76,3.83,3.83,3.7,177639932
2017/11/27,3.82,3.84,3.89,3.78,196440575
2017/11/28,3.83,3.84,3.86,3.75,147555385
2017/11/29,3.8,3.95,3.98,3.79,354085456
2017/11/30,3.93,3.95,3.99,3.89,197653479
2017/12/1,3.92,3.94,3.95,3.85,141984107
2017/12/4,3.9,3.94,3.98,3.9,143716151
2017/12/5,3.94,4.01,4.03,3.91,387557216
2017/12/6,3.95,3.9,3.95,3.85,221685893
2017/12/7,3.88,3.9,3.94,3.86,122767333
2017/12/8,3.85,3.86,3.88,3.82,123442958
2017/12/11,3.85,3.87,3.87,3.82,78779478
2017/12/12,3.86,3.85,3.9,3.84,80284273
2017/12/13,3.84,3.88,3.88,3.78,123419572
2017/12/14,3.89,3.93,3.99,3.88,172302731
2017/12/15,3.93,3.98,3.98,3.92,160180859
2017/12/18,3.98,3.99,3.99,3.94,130037227
2017/12/19,3.99,3.99,4.02,3.96,110923162
2017/12/20,3.98,3.99,4.01,3.91,138165696
2017/12/21,4,4.05,4.07,3.97,189735197
2017/12/22,4.04,4.16,4.24,4.03,302081104
2017/12/25,4.2,4.18,4.23,4.11,185549902
2017/12/26,4.16,4.18,4.22,4.13,181912753
2017/12/27,4.22,4.26,4.38,4.22,341053504
2017/12/28,4.25,4.69,4.69,4.24,932802624
2017/12/29,4.69,4.59,4.72,4.53,493022176
2018/1/2,4.66,4.61,4.78,4.48,904969248
2018/1/3,4.61,4.63,4.78,4.55,800586912
2018/1/4,4.56,4.69,4.75,4.5,745690608
2018/1/5,4.7,4.63,4.85,4.61,709989440
2018/1/8,4.58,4.85,4.9,4.55,750815232
2018/1/9,4.83,4.81,4.96,4.75,555580464
2018/1/10,4.78,4.82,4.92,4.76,409991184
2018/1/11,4.82,4.72,4.89,4.68,366501664
2018/1/12,4.7,4.64,4.71,4.6,365856912
2018/1/15,4.69,4.71,4.78,4.6,421465792
2018/1/16,4.71,4.7,4.73,4.62,311944432
2018/1/17,4.63,4.46,4.63,4.45,444916720
2018/1/18,4.42,4.48,4.52,4.4,248575487
2018/1/19,4.48,4.51,4.52,4.4,317515504
2018/1/22,4.48,4.56,4.57,4.45,280803440
2018/1/23,4.57,4.61,4.63,4.49,302481152
2018/1/24,4.55,4.52,4.55,4.42,398778768
2018/1/25,4.75,4.9,4.96,4.69,876609248
2018/1/26,4.81,4.88,4.9,4.78,417327696
2018/1/29,4.88,5.04,5.12,4.87,662433568
2018/1/30,4.98,4.94,5.12,4.9,450541952
2018/1/31,4.87,5.13,5.15,4.82,511292656
2018/2/1,5.13,5.08,5.23,5.01,577300304
2018/2/2,5.02,5.38,5.5,4.83,595392544
2018/2/5,5.21,5.41,5.53,5.18,586541200
2018/2/6,5.3,5.3,5.55,5.1,722180192
2018/2/7,5.39,5.12,5.43,4.98,611264224
2018/2/8,4.89,4.69,4.95,4.61,577049296
2018/2/9,4.46,4.37,4.55,4.22,649434384
2018/2/12,4.34,4.39,4.45,4.16,336628208
2018/2/13,4.45,4.42,4.51,4.35,328270192
2018/2/14,4.53,4.59,4.62,4.44,325366480
2018/2/22,4.65,4.77,4.82,4.58,319993792
2018/2/23,4.83,4.82,4.88,4.68,260541903
2018/2/26,4.85,4.89,4.95,4.72,338513152
2018/2/27,4.88,4.7,4.88,4.66,368811456
2018/2/28,4.57,4.6,4.71,4.51,279989616
2018/3/1,4.55,4.68,4.69,4.52,251600854
2018/3/2,4.6,4.61,4.68,4.55,170169220
2018/3/5,4.62,4.61,4.65,4.56,178464875
2018/3/6,4.62,4.59,4.65,4.44,399975536
2018/3/7,4.62,4.54,4.65,4.49,228842371
2018/3/8,4.62,4.82,4.94,4.62,635166624
2018/3/9,4.78,4.77,4.8,4.7,341002784
2018/3/12,4.83,4.81,4.89,4.74,413033856
2018/3/13,4.76,4.77,4.83,4.73,226292637
2018/3/14,4.75,4.88,4.91,4.74,372302256
2018/3/15,4.86,4.84,4.94,4.79,282543312
2018/3/16,4.8,4.72,4.82,4.72,225419309
2018/3/19,4.66,4.58,4.66,4.54,261132788
2018/3/20,4.54,4.57,4.58,4.51,170123686
2018/3/21,4.55,4.62,4.65,4.52,213658188
2018/3/22,4.65,4.57,4.68,4.51,209454663
2018/3/23,4.41,4.54,4.59,4.31,519486464
2018/3/26,4.56,4.52,4.68,4.47,316902896
2018/3/27,4.55,4.61,4.64,4.48,295866992
2018/3/28,4.52,4.49,4.58,4.45,217563114
2018/3/29,4.46,4.4,4.48,4.32,298277952
2018/3/30,4.42,4.35,4.43,4.32,270815568
2018/4/2,4.33,4.42,4.43,4.33,291633136
2018/4/3,4.4,4.34,4.46,4.33,244083959
2018/4/4,4.32,4.35,4.4,4.31,204173242
2018/4/9,4.34,4.28,4.36,4.28,201918931
2018/4/10,4.29,4.39,4.4,4.28,242576599
2018/4/11,4.45,4.52,4.54,4.4,351698880
2018/4/12,4.5,4.47,4.55,4.45,252202090
2018/4/13,4.4,4.37,4.43,4.36,187450385
2018/4/16,4.41,4.33,4.42,4.3,178887348
2018/4/17,4.36,4.21,4.36,4.17,218257133
2018/4/18,4.24,4.14,4.25,4.06,212365928
2018/4/19,4.2,4.27,4.3,4.2,199515833
2018/4/20,4.21,4.21,4.24,4.1,178399448
2018/4/23,4.16,4.12,4.18,4.1,111312115
2018/4/24,4.09,4.15,4.18,4.08,123523286
2018/4/25,4.12,4.14,4.17,4.09,114519246
2018/4/26,4.12,4.12,4.16,4.06,128055471
2018/4/27,4.12,4.12,4.14,4.05,117512377
2018/5/2,4.08,3.99,4.1,3.98,136097114
2018/5/3,3.99,3.96,4.01,3.88,144132119
2018/5/4,3.95,3.96,3.99,3.93,86444077
2018/5/7,3.95,3.99,4,3.93,105286276
2018/5/8,3.98,4.08,4.1,3.97,160479333
2018/5/9,4.07,4.07,4.11,4.05,94121958
2018/5/10,4.09,4.1,4.12,4.08,91203595
2018/5/11,4.12,4.12,4.16,4.09,116731693
2018/5/14,4.12,4.1,4.13,4.07,86524457
2018/5/15,4.1,4.06,4.11,3.99,132618822
2018/5/16,4,3.96,4,3.95,127135495
2018/5/17,3.96,3.92,3.97,3.9,105165087
2018/5/18,3.91,3.97,3.97,3.9,92607473
2018/5/21,3.98,4,4.02,3.97,88436197
2018/5/22,4.01,3.95,4.02,3.93,82182634
2018/5/23,3.96,3.93,3.99,3.92,93606992
2018/5/24,3.9,3.89,3.93,3.88,85591156
2018/5/25,3.92,3.88,3.93,3.81,121488320
2018/5/28,3.85,3.81,3.86,3.77,99800165
2018/5/29,3.79,3.82,3.83,3.76,98206205
2018/5/30,3.79,3.84,3.88,3.76,147489263
2018/5/31,3.78,3.75,3.81,3.71,170948486
2018/6/1,3.74,3.68,3.74,3.66,126384236
2018/6/4,3.68,3.66,3.7,3.63,106601581
2018/6/5,3.65,3.72,3.73,3.65,102980832
2018/6/6,3.77,3.96,3.99,3.77,348214736
2018/6/7,4.03,3.96,4.09,3.93,267608747
2018/6/8,3.96,3.9,4.04,3.88,193883622
2018/6/11,3.92,4.02,4.04,3.92,197254925
2018/6/12,3.99,4.05,4.06,3.96,165167658
2018/6/13,4,4,4.01,3.96,106974656
2018/6/14,3.98,3.95,4.02,3.93,105299261
2018/6/15,3.93,3.96,3.98,3.75,199486650
2018/6/19,3.82,3.97,4,3.79,363722960
2018/6/20,3.91,3.85,3.92,3.78,183578570
2018/6/21,3.82,3.78,3.92,3.77,119725731
2018/6/22,3.76,3.8,3.82,3.71,73246225
2018/6/25,3.85,3.73,3.85,3.72,81521208
2018/6/26,3.67,3.66,3.68,3.6,122799870
2018/6/27,3.64,3.66,3.67,3.61,88045681
2018/6/28,3.63,3.64,3.66,3.61,70000601
2018/6/29,3.56,3.61,3.63,3.52,95240469
2018/7/2,3.6,3.48,3.6,3.45,108042332
2018/7/3,3.45,3.47,3.47,3.4,98470146
2018/7/4,3.47,3.56,3.59,3.46,152350864
2018/7/5,3.51,3.57,3.6,3.42,233961495
2018/7/6,3.52,3.53,3.56,3.48,104495672
2018/7/9,3.53,3.58,3.59,3.52,93213680
2018/7/10,3.56,3.57,3.62,3.55,99712288
2018/7/11,3.48,3.4,3.49,3.36,172747618
2018/7/12,3.37,3.45,3.46,3.36,112418876
2018/7/13,3.44,3.41,3.45,3.4,83051585
2018/7/16,3.41,3.39,3.42,3.37,55170415
2018/7/17,3.37,3.37,3.38,3.34,74982768
2018/7/18,3.35,3.31,3.36,3.3,110973017
2018/7/19,3.32,3.27,3.33,3.26,80229812
2018/7/20,3.25,3.28,3.29,3.21,113083940
2018/7/23,3.34,3.41,3.42,3.33,197011234
2018/7/24,3.39,3.57,3.6,3.38,296322592
2018/7/25,3.62,3.59,3.62,3.54,169175839
2018/7/26,3.59,3.56,3.62,3.52,126354595
2018/7/27,3.53,3.55,3.58,3.51,73858620
2018/7/30,3.57,3.52,3.6,3.52,83509977
2018/7/31,3.54,3.54,3.56,3.53,58153102
2018/8/1,3.54,3.47,3.57,3.46,69700287
2018/8/2,3.44,3.36,3.44,3.3,128103124
2018/8/3,3.33,3.3,3.35,3.29,77910253
2018/8/6,3.3,3.28,3.35,3.25,88518903
2018/8/7,3.28,3.39,3.41,3.22,160752217
2018/8/8,3.36,3.39,3.44,3.33,141103558
2018/8/9,3.36,3.46,3.48,3.35,122494361
2018/8/10,3.44,3.43,3.46,3.39,83895519
2018/8/13,3.38,3.41,3.41,3.35,65728554
2018/8/14,3.37,3.39,3.4,3.35,50637856
2018/8/15,3.37,3.31,3.38,3.31,66431764
2018/8/16,3.25,3.24,3.31,3.21,88496235
2018/8/17,3.26,3.23,3.3,3.21,66970601
2018/8/20,3.23,3.28,3.28,3.23,55659941
2018/8/21,3.28,3.32,3.33,3.28,59473421
2018/8/22,3.32,3.3,3.32,3.29,34221031
2018/8/23,3.29,3.3,3.32,3.28,41309905
2018/8/24,3.29,3.31,3.32,3.27,39982015
2018/8/27,3.37,3.43,3.44,3.36,129243921
2018/8/28,3.45,3.43,3.46,3.41,89970171
2018/8/29,3.42,3.43,3.47,3.41,90383591
2018/8/30,3.43,3.39,3.47,3.38,71431588
2018/8/31,3.4,3.4,3.43,3.36,68925152
2018/9/3,3.4,3.37,3.4,3.34,57869087
2018/9/4,3.37,3.4,3.43,3.37,61418167
2018/9/5,3.38,3.37,3.42,3.36,58111361
2018/9/6,3.41,3.39,3.46,3.38,114259985
2018/9/7,3.38,3.44,3.46,3.38,101482056
2018/9/10,3.44,3.35,3.45,3.35,80334977
2018/9/11,3.35,3.33,3.36,3.29,71288918
2018/9/12,3.32,3.32,3.35,3.29,48056571
2018/9/13,3.37,3.4,3.41,3.35,75581208
2018/9/14,3.39,3.45,3.47,3.38,105338132
2018/9/17,3.42,3.4,3.44,3.38,56436193
2018/9/18,3.4,3.45,3.47,3.36,95041737
2018/9/19,3.45,3.55,3.58,3.44,178428653
2018/9/20,3.54,3.53,3.58,3.52,106961357
2018/9/21,3.56,3.61,3.63,3.54,145793098
2018/9/25,3.61,3.6,3.67,3.57,112969413
2018/9/26,3.6,3.59,3.65,3.57,115448165
2018/9/27,3.61,3.55,3.62,3.55,94159472
2018/9/28,3.52,3.57,3.58,3.51,87367883
2018/10/8,3.51,3.47,3.57,3.45,105933154
2018/10/9,3.49,3.59,3.63,3.46,152155785
2018/10/10,3.63,3.69,3.73,3.6,218598038
2018/10/11,3.61,3.6,3.74,3.51,233582752
2018/10/12,3.69,3.65,3.73,3.6,210741355
2018/10/15,3.64,3.58,3.64,3.54,146955681
2018/10/16,3.57,3.34,3.59,3.28,208346562
2018/10/17,3.33,3.37,3.41,3.31,107280833
2018/10/18,3.34,3.29,3.35,3.25,101001739
2018/10/19,3.26,3.4,3.43,3.24,129329428
2018/10/22,3.42,3.5,3.55,3.41,186047967
2018/10/23,3.48,3.48,3.51,3.39,143088697
2018/10/24,3.45,3.51,3.55,3.44,134741366
2018/10/25,3.46,3.56,3.57,3.45,171463192
2018/10/26,3.52,3.55,3.59,3.51,113865773
2018/10/29,3.51,3.42,3.55,3.41,134893375
2018/10/30,3.39,3.41,3.44,3.35,95908276
2018/10/31,3.41,3.42,3.44,3.36,98727312
2018/11/1,3.42,3.5,3.52,3.39,155805569
2018/11/2,3.54,3.54,3.58,3.49,187295266
2018/11/5,3.53,3.55,3.58,3.52,114472927
2018/11/6,3.53,3.55,3.55,3.5,81464032
2018/11/7,3.54,3.56,3.63,3.53,134390284
2018/11/8,3.54,3.48,3.55,3.47,97301177
2018/11/9,3.45,3.42,3.49,3.4,78866534
2018/11/12,3.39,3.44,3.44,3.37,108277904
2018/11/13,3.4,3.46,3.48,3.39,99813597
2018/11/14,3.44,3.44,3.49,3.43,97716861
2018/11/15,3.46,3.48,3.48,3.43,88172759
2018/11/16,3.47,3.46,3.48,3.44,104465398
2018/11/19,3.47,3.47,3.48,3.45,100314835
2018/11/20,3.46,3.54,3.55,3.45,212665738
2018/11/21,3.52,3.53,3.54,3.48,126890818
2018/11/22,3.53,3.51,3.54,3.5,61350805
2018/11/23,3.5,3.39,3.52,3.38,127364673
2018/11/26,3.37,3.34,3.4,3.32,88107285
2018/11/27,3.34,3.34,3.37,3.32,56393802
2018/11/28,3.33,3.34,3.34,3.29,99836942
2018/11/29,3.38,3.38,3.45,3.37,163190285
2018/11/30,3.36,3.39,3.39,3.32,83990033
2018/12/3,3.42,3.44,3.44,3.39,112694896
2018/12/4,3.43,3.44,3.44,3.4,119089025
2018/12/5,3.4,3.41,3.45,3.39,143883036
2018/12/6,3.42,3.4,3.45,3.39,97294809
2018/12/7,3.39,3.4,3.42,3.38,50006667
2018/12/10,3.44,3.46,3.49,3.43,155008925
2018/12/11,3.43,3.48,3.49,3.43,96102612
2018/12/12,3.47,3.43,3.48,3.41,80943899
2018/12/13,3.43,3.43,3.45,3.4,91535730
2018/12/14,3.42,3.38,3.43,3.37,86016139
2018/12/17,3.36,3.41,3.43,3.35,62025925
2018/12/18,3.41,3.42,3.46,3.4,99574674
2018/12/19,3.42,3.42,3.44,3.39,61950662
2018/12/20,3.39,3.37,3.41,3.35,94984629
2018/12/21,3.4,3.38,3.44,3.35,108557282
2018/12/24,3.38,3.39,3.41,3.36,59325844
2018/12/25,3.4,3.39,3.42,3.36,95503961
2018/12/26,3.37,3.37,3.39,3.34,92924792
2018/12/27,3.38,3.32,3.39,3.31,92075056
2018/12/28,3.32,3.34,3.34,3.31,54649258
2019/1/2,3.29,3.01,3.29,3.01,344893936
2019/1/3,2.96,3.05,3.06,2.94,223657048
2019/1/4,3.04,3.08,3.09,3.02,136524076
2019/1/7,3.08,3.08,3.1,3.05,140964202
2019/1/8,3.08,3.04,3.08,3.03,111505464
2019/1/9,3.04,3.06,3.09,3.03,102030136
2019/1/10,3.07,3.07,3.09,3.05,82158912
2019/1/11,3.06,3.05,3.07,3.04,65781950
2019/1/14,3.06,3.05,3.07,3.03,76629224
2019/1/15,3.04,3.05,3.05,3.01,97828330
2019/1/16,3.04,2.99,3.05,2.97,140584685
2019/1/17,3,3,3.02,2.97,113644594
2019/1/18,3,3.03,3.03,2.98,127583959
2019/1/21,3.03,3.01,3.03,3,95026517
2019/1/22,3.01,2.98,3.01,2.97,75337852
2019/1/23,2.99,2.98,2.99,2.97,54932032
2019/1/24,2.97,2.97,2.98,2.96,56591581
2019/1/25,2.97,2.98,2.98,2.96,45509255
2019/1/28,3.01,2.99,3.02,2.99,93396791
2019/1/29,2.99,2.95,2.99,2.93,105175315
2019/1/30,2.96,2.97,2.97,2.95,49189999
2019/1/31,2.98,2.98,3.02,2.96,112379860
2019/2/1,2.99,3.01,3.01,2.97,86699838
2019/2/11,3.01,3.05,3.06,3.01,152350959
2019/2/12,3.04,3.08,3.08,3.03,150506609
2019/2/13,3.09,3.2,3.22,3.06,277932624
2019/2/14,3.19,3.17,3.19,3.14,132319449
2019/2/15,3.16,3.25,3.3,3.16,248612565
2019/2/18,3.27,3.4,3.42,3.27,267694257
2019/2/19,3.41,3.39,3.47,3.37,198043064
2019/2/20,3.48,3.51,3.58,3.44,304060192
2019/2/21,3.53,3.49,3.56,3.45,227817222
2019/2/22,3.42,3.48,3.48,3.4,196605150
2019/2/25,3.51,3.74,3.77,3.5,421263088
2019/2/26,3.68,3.69,3.79,3.66,338028800
2019/2/27,3.66,3.63,3.71,3.59,274601696
2019/2/28,3.62,3.58,3.65,3.56,139667105
2019/3/1,3.59,3.63,3.63,3.55,131776899
2019/3/4,3.62,3.63,3.71,3.58,297107376
2019/3/5,3.58,3.61,3.62,3.56,212953785
2019/3/6,3.62,3.7,3.73,3.61,342072784
2019/3/7,3.68,3.77,3.86,3.65,468007536
2019/3/8,3.68,3.55,3.69,3.53,310032384
2019/3/11,3.55,3.61,3.61,3.53,184553876
2019/3/12,3.63,3.6,3.64,3.57,221104114
2019/3/13,3.62,3.56,3.63,3.55,169520946
2019/3/14,3.56,3.45,3.61,3.43,182958636
2019/3/15,3.45,3.48,3.51,3.43,149209484
2019/3/18,3.48,3.56,3.57,3.48,157844342
2019/3/19,3.57,3.55,3.58,3.51,148766752
2019/3/20,3.54,3.54,3.58,3.49,147702573
2019/3/21,3.58,3.64,3.67,3.57,313392128
2019/3/22,3.62,3.59,3.63,3.56,159107065
2019/3/25,3.57,3.52,3.58,3.51,185615645
2019/3/26,3.55,3.5,3.59,3.48,158470262
2019/3/27,3.5,3.47,3.51,3.41,151900538
2019/3/28,3.43,3.45,3.47,3.41,103903538
2019/3/29,3.43,3.51,3.51,3.41,167790834
2019/4/1,3.55,3.65,3.72,3.54,346648720
2019/4/2,3.67,3.66,3.69,3.61,235620825
2019/4/3,3.63,3.7,3.72,3.61,230835767
2019/4/4,3.72,3.73,3.84,3.7,288487952
2019/4/8,3.76,3.75,3.81,3.68,333352432
2019/4/9,3.76,3.69,3.8,3.63,257117880
2019/4/10,3.68,3.68,3.7,3.63,197666788
2019/4/11,3.67,3.61,3.69,3.6,156941363
2019/4/12,3.57,3.55,3.59,3.51,170424612
2019/4/15,3.59,3.52,3.63,3.49,160273922
2019/4/16,3.5,3.63,3.64,3.48,263379873
2019/4/17,3.6,3.59,3.62,3.56,226071018
2019/4/18,3.58,3.56,3.63,3.54,175409777
2019/4/19,3.54,3.57,3.57,3.51,158245475
2019/4/22,3.58,3.54,3.59,3.51,148102227
2019/4/23,3.52,3.47,3.53,3.45,146636430
2019/4/24,3.46,3.49,3.49,3.43,109202266
2019/4/25,3.47,3.39,3.47,3.38,172772380
2019/4/26,3.37,3.33,3.4,3.33,123799987
2019/4/29,3.35,3.31,3.36,3.3,127627281
2019/4/30,3.3,3.32,3.33,3.28,117784272
2019/5/6,3.22,3.18,3.28,3.15,230442131
2019/5/7,3.18,3.21,3.21,3.15,146427468
2019/5/8,3.17,3.28,3.3,3.16,162070654
2019/5/9,3.23,3.2,3.25,3.19,103281446
2019/5/10,3.22,3.25,3.25,3.2,114172700
2019/5/13,3.22,3.2,3.23,3.2,61057401
2019/5/14,3.23,3.25,3.29,3.23,145078681
2019/5/15,3.23,3.26,3.27,3.22,99146627
2019/5/16,3.24,3.31,3.35,3.24,150643893
2019/5/17,3.28,3.21,3.29,3.2,120071846
2019/5/20,3.19,3.19,3.2,3.15,69048190
2019/5/21,3.18,3.24,3.27,3.17,87065610
2019/5/22,3.24,3.23,3.26,3.21,57109946
2019/5/23,3.22,3.19,3.23,3.18,48545816
2019/5/24,3.22,3.2,3.23,3.19,44999395
2019/5/27,3.19,3.22,3.23,3.18,76507453
2019/5/28,3.22,3.23,3.24,3.19,96931021
2019/5/29,3.2,3.23,3.23,3.2,63991993
2019/5/30,3.21,3.21,3.22,3.17,76343565
2019/5/31,3.23,3.25,3.25,3.22,113893012
2019/6/3,3.3,3.34,3.36,3.27,266795971
2019/6/4,3.39,3.31,3.4,3.29,171255469
2019/6/5,3.31,3.36,3.37,3.29,157710476
2019/6/6,3.33,3.3,3.37,3.3,121516118
2019/6/10,3.3,3.25,3.3,3.22,158761527
2019/6/11,3.24,3.32,3.33,3.22,154686714
2019/6/12,3.3,3.42,3.48,3.29,375130400
2019/6/13,3.39,3.4,3.43,3.36,184375944
2019/6/14,3.42,3.48,3.49,3.37,286710416
2019/6/17,3.42,3.43,3.48,3.41,178284782
2019/6/18,3.41,3.47,3.48,3.41,145246787
2019/6/19,3.45,3.47,3.5,3.42,179674094
2019/6/20,3.57,3.63,3.68,3.52,541793888
2019/6/21,3.72,3.73,3.9,3.64,677274912
2019/6/24,3.79,3.75,3.83,3.71,382163728
2019/6/25,3.83,3.92,3.98,3.82,834572848
2019/6/26,3.8,3.67,3.82,3.65,542518720
2019/6/27,3.66,3.73,3.76,3.65,309696848
2019/6/28,3.79,3.77,3.88,3.75,319098704
2019/7/1,3.65,3.74,3.77,3.62,303932528
2019/7/2,3.71,3.78,3.79,3.68,235653589
2019/7/3,3.96,3.83,3.99,3.82,339464304
2019/7/4,3.82,3.72,3.85,3.69,272680640
2019/7/5,3.72,3.76,3.77,3.72,133314881
2019/7/8,3.7,3.7,3.72,3.63,199171360
2019/7/9,3.65,3.65,3.66,3.61,100211367
2019/7/10,3.62,3.58,3.65,3.57,101798956
2019/7/11,3.6,3.58,3.64,3.55,211054511
2019/7/12,3.54,3.52,3.56,3.49,121573973
2019/7/15,3.53,3.55,3.56,3.48,99242100
2019/7/16,3.53,3.57,3.58,3.52,86871280
2019/7/17,3.53,3.52,3.55,3.5,93719750
2019/7/18,3.6,3.53,3.61,3.52,132252728
2019/7/19,3.62,3.67,3.69,3.58,268517568
2019/7/22,3.6,3.61,3.63,3.54,144723990
2019/7/23,3.56,3.61,3.61,3.56,92937260
2019/7/24,3.6,3.64,3.64,3.59,124948452
2019/7/25,3.61,3.61,3.63,3.58,128370877
2019/7/26,3.57,3.58,3.58,3.53,110488584
2019/7/29,3.59,3.57,3.6,3.55,81150731
2019/7/30,3.58,3.63,3.63,3.56,167623940
2019/7/31,3.62,3.66,3.67,3.6,162458817
2019/8/1,3.56,3.58,3.6,3.52,167697088
2019/8/2,3.64,3.58,3.66,3.56,136928969
2019/8/5,3.57,3.79,3.83,3.57,458177648
2019/8/6,3.8,3.69,3.85,3.65,387461552
2019/8/7,3.75,3.78,3.82,3.73,323050304
2019/8/8,3.85,3.8,3.88,3.76,285591168
2019/8/9,3.79,3.73,3.82,3.72,195146372
2019/8/12,3.72,3.71,3.72,3.67,136638962
2019/8/13,3.76,3.83,3.87,3.73,309429104
2019/8/14,3.7,3.72,3.76,3.68,223181302
2019/8/15,3.77,3.71,3.78,3.69,218554432
2019/8/16,3.72,3.71,3.74,3.69,149629883
2019/8/19,3.66,3.68,3.68,3.62,198651411
2019/8/20,3.64,3.7,3.71,3.62,181590340
2019/8/21,3.69,3.66,3.69,3.66,96672290
2019/8/22,3.66,3.62,3.66,3.61,99838837
2019/8/23,3.6,3.63,3.65,3.58,100201136
2019/8/26,3.73,3.69,3.77,3.67,215623393
2019/8/27,3.66,3.69,3.72,3.64,182000141
2019/8/28,3.69,3.64,3.7,3.62,162154048
2019/8/29,3.62,3.7,3.7,3.61,157937605
2019/8/30,3.64,3.66,3.7,3.63,127445684
2019/9/2,3.65,3.62,3.66,3.59,181443744
2019/9/3,3.61,3.57,3.62,3.55,172952508
2019/9/4,3.6,3.59,3.61,3.57,184818636
2019/9/5,3.6,3.63,3.65,3.59,199660011
2019/9/6,3.58,3.54,3.58,3.53,222410678
2019/9/9,3.54,3.55,3.55,3.51,155197013
2019/9/10,3.52,3.54,3.55,3.51,124017965
2019/9/11,3.53,3.56,3.58,3.52,155344511
2019/9/12,3.54,3.55,3.55,3.53,93111669
2019/9/16,3.56,3.58,3.58,3.54,119140628
2019/9/17,3.56,3.49,3.56,3.48,119951230
2019/9/18,3.49,3.48,3.51,3.48,74665247
2019/9/19,3.47,3.47,3.47,3.43,87685864
2019/9/20,3.46,3.5,3.5,3.46,85767787
2019/9/23,3.5,3.45,3.51,3.45,70250594
2019/9/24,3.46,3.44,3.47,3.43,90421323
2019/9/25,3.46,3.41,3.46,3.4,80683010
2019/9/26,3.38,3.31,3.39,3.28,152296672
2019/9/27,3.3,3.29,3.31,3.28,78820942
2019/9/30,3.29,3.27,3.3,3.26,57650269
2019/10/8,3.27,3.26,3.3,3.25,56785613
2019/10/9,3.27,3.32,3.34,3.27,74633694
2019/10/10,3.32,3.33,3.34,3.3,59814655
2019/10/11,3.32,3.34,3.34,3.3,48805114
2019/10/14,3.32,3.33,3.35,3.31,108556823
2019/10/15,3.33,3.3,3.34,3.3,53369662
2019/10/16,3.31,3.28,3.31,3.28,43326972
2019/10/17,3.29,3.27,3.29,3.26,62259627
2019/10/18,3.27,3.21,3.28,3.21,74581850
2019/10/21,3.21,3.22,3.23,3.16,68742172
2019/10/22,3.2,3.21,3.21,3.19,48405094
2019/10/23,3.2,3.24,3.25,3.2,69112601
2019/10/24,3.24,3.21,3.24,3.19,49556042
2019/10/25,3.22,3.24,3.24,3.2,51727067
2019/10/28,3.23,3.36,3.36,3.22,179880301
2019/10/29,3.33,3.31,3.35,3.31,70227470
2019/10/30,3.31,3.35,3.36,3.3,124647773
2019/10/31,3.36,3.38,3.39,3.33,108485100
2019/11/1,3.4,3.37,3.43,3.35,140977812
2019/11/4,3.37,3.47,3.49,3.36,201467036
2019/11/5,3.47,3.47,3.5,3.44,105677308
2019/11/6,3.44,3.59,3.63,3.44,304066848
2019/11/7,3.58,3.59,3.61,3.53,126546850
2019/11/8,3.57,3.59,3.61,3.54,132126617
2019/11/11,3.56,3.5,3.57,3.48,160408254
2019/11/12,3.49,3.44,3.5,3.41,113034113
2019/11/13,3.51,3.49,3.62,3.47,218683387
2019/11/14,3.49,3.44,3.5,3.42,159394784
2019/11/15,3.44,3.44,3.44,3.44,0
2019/11/18,3.44,3.44,3.44,3.44,0
2019/11/19,3.44,3.44,3.44,3.44,0
2019/11/20,3.44,3.44,3.44,3.44,0
2019/11/21,3.46,3.53,3.55,3.46,208016211
2019/11/22,3.52,3.62,3.64,3.5,202963641
2019/11/25,3.67,3.77,3.8,3.63,298447504
2019/11/26,3.74,3.77,3.77,3.69,149457075
2019/11/27,3.75,3.68,3.75,3.63,127916678
2019/11/28,3.66,3.64,3.71,3.63,80012924
2019/11/29,3.54,3.56,3.6,3.49,255794315
2019/12/2,3.6,3.7,3.78,3.58,281817648
2019/12/3,3.77,3.73,3.8,3.71,166242030
2019/12/4,3.77,3.77,3.8,3.73,207460504
2019/12/5,3.76,3.7,3.77,3.67,157013478
2019/12/6,3.69,3.68,3.72,3.65,109172021
2019/12/9,3.66,3.85,3.85,3.66,304464624
2019/12/10,3.85,3.96,4,3.83,362710976
2019/12/11,3.96,3.95,4.02,3.93,159072047
2019/12/12,4.02,3.93,4.05,3.93,138460815
2019/12/13,3.95,3.96,3.99,3.91,125701226
2019/12/16,3.96,3.95,3.97,3.87,165928676
2019/12/17,3.96,3.99,4.03,3.93,209732926
2019/12/18,3.98,3.97,3.99,3.95,130068260
2019/12/19,3.96,4.1,4.13,3.94,310569072
2019/12/20,4.1,4.02,4.11,3.99,206432567
2019/12/23,3.99,3.97,4.04,3.96,116477193
2019/12/24,3.98,4.12,4.14,3.93,210025202
2019/12/25,4.15,4.14,4.2,4.09,169416725
2019/12/26,4.12,4.19,4.24,4.1,188737081
2019/12/27,4.19,4.46,4.61,4.19,476812688
2019/12/30,4.48,4.49,4.6,4.37,293426672
2019/12/31,4.53,4.59,4.64,4.45,292216496
2020/1/2,4.62,4.75,4.85,4.6,350856768
2020/1/3,4.78,4.8,4.9,4.71,274099872
2020/1/6,4.94,4.86,5.02,4.65,577602336
2020/1/7,4.73,4.67,4.73,4.62,402402480
2020/1/8,4.79,4.7,4.83,4.61,440337776
2020/1/9,4.53,4.51,4.62,4.48,387550880
2020/1/10,4.5,4.54,4.55,4.46,235712336
2020/1/13,4.55,4.63,4.64,4.52,203908618
2020/1/14,4.63,4.74,4.88,4.62,321751152
2020/1/15,4.73,4.6,4.74,4.57,189435385
2020/1/16,4.6,4.52,4.62,4.49,168868136
2020/1/17,4.52,4.62,4.66,4.49,179916087
2020/1/20,4.6,4.54,4.61,4.48,185356720
2020/1/21,4.52,4.36,4.52,4.36,255850302
2020/1/22,4.33,4.43,4.47,4.21,192937829
2020/1/23,4.31,4.29,4.53,4.22,295411008
2020/2/3,3.86,3.86,4.05,3.86,449831808
2020/2/4,3.86,3.98,4.03,3.86,278159584
2020/2/5,3.96,4.03,4.12,3.93,302199280
2020/2/6,4.07,4.13,4.18,4,302518832
2020/2/7,4.09,4.1,4.18,4.03,234159108
2020/2/10,4.06,4.2,4.23,4.01,292442848
2020/2/11,4.18,4.24,4.38,4.16,262161138
2020/2/12,4.23,4.3,4.32,4.22,169084056
2020/2/13,4.3,4.32,4.35,4.26,178212554
2020/2/14,4.33,4.54,4.59,4.28,336806368
2020/2/17,4.55,4.61,4.63,4.48,247418859
2020/2/18,4.64,4.57,4.64,4.55,199042510
2020/2/19,4.64,4.59,4.67,4.53,255613779
2020/2/20,4.57,4.59,4.6,4.5,216979060
2020/2/21,4.63,4.7,4.77,4.58,368369248
2020/2/24,4.83,4.72,4.86,4.66,364972688
2020/2/25,4.57,4.57,4.69,4.53,346098272
2020/2/26,4.5,4.36,4.5,4.35,351814208
2020/2/27,4.36,4.41,4.44,4.31,169457473
2020/2/28,4.28,4.16,4.35,4.16,260306946
2020/3/2,4.15,4.3,4.34,4.15,190485086
2020/3/3,4.35,4.3,4.41,4.28,170989183
2020/3/4,4.4,4.33,4.43,4.27,246941406
2020/3/5,4.3,4.35,4.37,4.3,190491581
2020/3/6,4.4,4.38,4.42,4.35,245260315
2020/3/9,4.38,4.08,4.38,4.06,415442816
2020/3/10,3.96,4.04,4.07,3.92,361726480
2020/3/11,4.05,4.02,4.11,4.02,223741044
2020/3/12,3.91,3.92,3.95,3.86,221317398
2020/3/13,3.64,3.84,3.89,3.55,318814192
2020/3/16,3.84,3.64,3.84,3.6,253454001
2020/3/17,3.62,3.48,3.69,3.36,340711248
2020/3/18,3.53,3.41,3.58,3.4,242283744
2020/3/19,3.3,3.36,3.38,3.27,306868416
2020/3/20,3.4,3.46,3.49,3.33,225092925
2020/3/23,3.37,3.46,3.54,3.33,315355984
2020/3/24,3.72,3.74,3.8,3.61,542024272
2020/3/25,3.9,3.8,3.91,3.78,367117008
2020/3/26,3.73,3.77,3.85,3.69,246570302
2020/3/27,3.79,3.79,3.83,3.77,201100657
2020/3/30,3.71,3.69,3.78,3.67,176598747
2020/3/31,3.69,3.69,3.73,3.66,135420854
2020/4/1,3.64,3.73,3.73,3.6,175852865
2020/4/2,3.66,3.7,3.7,3.63,168837319
2020/4/3,3.7,3.7,3.8,3.69,210445660
2020/4/7,3.82,3.97,4.02,3.79,426568704
2020/4/8,3.9,3.95,3.99,3.88,185435271
2020/4/9,3.95,3.95,3.98,3.91,152568999
2020/4/10,4.09,3.97,4.1,3.95,288564080
2020/4/13,3.96,4,4.05,3.94,146092977
2020/4/14,4.1,4.28,4.36,4.06,503774400
2020/4/15,4.26,4.26,4.35,4.22,271626608
2020/4/16,4.2,4.25,4.25,4.14,273389792
2020/4/17,4.17,4.13,4.2,4.08,272941408
2020/4/20,4.08,4.14,4.17,4.04,171816787
2020/4/21,4.12,4.09,4.16,4.03,159913476
2020/4/22,4.05,4.06,4.09,4.02,156436189
2020/4/23,4.16,4.15,4.21,4.1,264954481
2020/4/24,4.13,4.23,4.25,4.11,296695088
2020/4/27,3.95,3.84,4,3.81,588580640
2020/4/28,3.84,3.97,3.98,3.76,392069152
2020/4/29,3.97,3.92,4,3.89,139861213
2020/4/30,3.93,3.91,3.95,3.86,182031895
2020/5/6,3.92,3.96,3.98,3.9,149217826
2020/5/7,3.93,3.95,4.03,3.91,152442431
2020/5/8,4.03,4.01,4.05,3.97,148640409
2020/5/11,3.99,3.95,4.02,3.94,129290571
2020/5/12,3.93,3.88,3.94,3.86,161932416
2020/5/13,3.88,3.88,3.9,3.85,108110906
2020/5/14,3.89,3.83,3.9,3.8,132539659
2020/5/15,3.87,3.94,3.96,3.85,211454554
2020/5/18,4.03,4.14,4.19,3.99,370651360
2020/5/19,4.08,4.02,4.11,4,208508107
2020/5/20,4.09,4.12,4.16,4.05,187880102
2020/5/21,4.11,4.03,4.15,4.01,145381960
2020/5/22,4.02,3.92,4.02,3.88,155083436
2020/5/25,3.89,3.84,3.89,3.81,141222959
2020/5/26,3.87,3.88,3.92,3.85,114431254
2020/5/27,3.83,3.8,3.84,3.78,155699736
2020/5/28,3.82,3.83,3.86,3.79,142375582
2020/5/29,3.8,3.78,3.82,3.75,148432424
2020/6/1,3.81,3.89,3.91,3.8,204161218
2020/6/2,3.89,3.88,3.92,3.84,140908222
2020/6/3,3.88,3.93,3.98,3.86,181300723
2020/6/4,3.88,3.85,3.9,3.84,153906963
2020/6/5,3.87,3.82,3.87,3.81,122956377
2020/6/8,3.87,4.01,4.03,3.87,358920560
2020/6/9,4.03,4.04,4.06,3.99,176534926
2020/6/10,4.1,4.01,4.12,3.98,134188940
2020/6/11,4.08,4.05,4.14,4.03,204945094
2020/6/12,3.93,3.97,4,3.91,156647213
2020/6/15,3.97,3.91,4,3.91,138581732
2020/6/16,3.93,4,4.02,3.92,153538189
2020/6/17,3.98,4.03,4.03,3.94,164785221
2020/6/18,4.05,4.15,4.18,3.99,315164336
2020/6/19,4.15,4.16,4.2,4.11,203306269
2020/6/22,4.21,4.25,4.34,4.2,283332704
2020/6/23,4.28,4.24,4.31,4.21,145361538
2020/6/24,4.33,4.38,4.41,4.32,240447058
2020/6/29,4.37,4.37,4.44,4.3,191705099
2020/6/30,4.37,4.4,4.42,4.31,159963505
2020/7/1,4.47,4.59,4.7,4.47,336231584
2020/7/2,4.51,4.62,4.65,4.51,272079408
2020/7/3,4.6,4.75,4.79,4.58,330125520
2020/7/6,4.77,5.11,5.13,4.77,525666208
2020/7/7,5.2,5.13,5.45,5.12,463256288
2020/7/8,5.16,5.58,5.6,5.14,565314768
2020/7/9,5.65,6.14,6.14,5.65,690230768
2020/7/10,6,5.66,6,5.64,623383168
2020/7/13,5.83,6,6.07,5.81,576155696
2020/7/14,5.78,5.82,5.95,5.7,426061472
2020/7/15,5.85,5.65,5.94,5.6,368158624
2020/7/16,5.58,5.44,5.78,5.4,308009088
2020/7/17,5.3,5.35,5.44,5.21,243140716
2020/7/20,5.46,5.61,5.62,5.42,380512080
2020/7/21,5.71,5.68,5.78,5.6,298565088
2020/7/22,6.01,5.85,6.08,5.82,383973296
2020/7/23,5.93,5.82,5.95,5.62,305906640
2020/7/24,5.78,5.63,5.87,5.54,359066864
2020/7/27,5.77,6.02,6.04,5.69,581687440
2020/7/28,6.23,5.76,6.3,5.7,641076128
2020/7/29,5.76,5.74,5.79,5.58,419692240
2020/7/30,5.77,5.65,5.86,5.63,294110304
2020/7/31,5.7,5.85,5.85,5.63,349910752
2020/8/3,5.8,5.84,5.88,5.71,300128608
2020/8/4,5.83,5.79,5.95,5.76,285044608
2020/8/5,5.97,6.04,6.05,5.82,471020400
2020/8/6,6.09,6.57,6.6,6.08,718268736
2020/8/7,6.57,6.64,6.98,6.51,728252320
2020/8/10,6.37,6.33,6.43,6.2,408542640
2020/8/11,6.2,6.03,6.35,6,398065552
2020/8/12,5.59,5.7,5.76,5.44,596546480
2020/8/13,5.71,5.72,5.77,5.6,197710106
2020/8/14,5.74,5.78,5.92,5.7,181252163
2020/8/17,5.75,6.11,6.16,5.69,317022000
2020/8/18,6.27,6.36,6.41,6.18,305112736
2020/8/19,6.36,6.5,6.52,6.28,452817744
2020/8/20,6.19,6.32,6.55,6.1,355196080
2020/8/21,6.33,6.2,6.4,6.16,208846031
2020/8/24,6.3,6.7,6.8,6.26,492134400
2020/8/25,6.76,6.6,6.76,6.34,368169776
2020/8/26,6.53,6.53,6.72,6.43,264105493
2020/8/27,6.66,6.48,6.71,6.42,186834777
2020/8/28,6.45,6.65,6.69,6.29,259636921
2020/8/31,6.77,7.19,7.32,6.76,746287392
2020/9/1,7.2,7.34,7.49,7.15,444801360
2020/9/2,7.25,7.13,7.31,7.02,346897504
2020/9/3,7.01,7.06,7.25,6.95,270134576
2020/9/4,6.92,7,7.19,6.91,223535260
2020/9/7,7.1,7.09,7.43,6.97,350756192
2020/9/8,6.99,7.04,7.12,6.71,305837184
2020/9/9,6.84,6.73,6.99,6.71,233008778
2020/9/10,6.9,6.98,7.17,6.83,343475744
2020/9/11,6.9,6.91,6.96,6.73,214292288
2020/9/14,7,7.14,7.24,6.85,286499184
2020/9/15,7.2,7.17,7.28,7.11,237318149
2020/9/16,7.05,7.04,7.14,6.92,168620765
2020/9/17,6.98,6.8,6.99,6.74,233631054
2020/9/18,6.86,7.03,7.05,6.82,220922464
2020/9/21,7.02,6.87,7.11,6.83,198003684
2020/9/22,6.6,6.56,6.77,6.51,281916496
2020/9/23,6.58,6.45,6.63,6.38,256802497
2020/9/24,6.28,6.02,6.3,6,394361760
2020/9/25,6.13,6.2,6.24,6.1,220718804
2020/9/28,6.22,6.19,6.28,6.09,155839487
2020/9/29,6.32,6.19,6.42,6.16,208115087
2020/9/30,6.25,6.15,6.29,6.07,160117715
2020/10/9,6.25,6.22,6.28,6.15,255638892
2020/10/12,6.24,6.58,6.59,6.24,283980144
2020/10/13,6.54,6.58,6.6,6.42,143854706
2020/10/14,6.41,6.49,6.54,6.37,126964096
2020/10/15,6.51,6.56,6.67,6.49,132363029
2020/10/16,6.7,6.59,6.82,6.56,164105665
2020/10/19,6.6,6.68,6.71,6.48,146237282
2020/10/20,6.71,6.75,6.82,6.57,181648607
2020/10/21,6.88,6.97,7.04,6.88,250975220
2020/10/22,6.99,6.96,7,6.86,132248568
2020/10/23,6.87,6.91,7.03,6.86,123050431
2020/10/26,6.91,7.04,7.07,6.77,187101086
2020/10/27,7,7.07,7.1,6.98,125888167
2020/10/28,7.05,7.16,7.23,7,165674101
2020/10/29,6.95,7.01,7.08,6.88,150836485
2020/10/30,7.04,6.99,7.28,6.95,196605879
2020/11/2,7.07,7.19,7.22,7,202034380
2020/11/3,7.26,7.65,7.89,7.22,416717744
2020/11/4,7.65,7.67,7.73,7.51,198735271
2020/11/5,7.74,7.66,7.8,7.51,220684641
2020/11/6,7.85,7.9,8.03,7.76,318343984
2020/11/9,8.02,8.13,8.17,7.95,293704256
2020/11/10,7.75,7.7,7.86,7.61,389531056
2020/11/11,7.68,7.53,7.75,7.5,223126301
2020/11/12,7.47,7.67,7.72,7.34,248024070
2020/11/13,7.7,7.64,7.77,7.52,155571312
2020/11/16,7.78,8.19,8.3,7.78,402642368
2020/11/17,8.19,8.21,8.41,8.11,289942160
2020/11/18,8.16,8.42,8.86,8.15,467088240
2020/11/19,8.35,8.38,8.43,8.11,233169686
2020/11/20,8.34,8.98,8.98,8.3,341594880
2020/11/23,9.16,9.16,9.43,8.82,490866560
2020/11/24,8.89,9.15,9.16,8.81,368028912
2020/11/25,9.12,8.62,9.4,8.6,527469520
2020/11/26,8.62,8.86,8.86,8.58,296723120
2020/11/27,9,8.95,9.1,8.68,258483274
2020/11/30,8.91,9.29,9.47,8.82,430307408
2020/12/1,9.13,9.39,9.39,9.05,260739041
2020/12/2,9.55,9.35,9.7,9.2,330162864
2020/12/3,9.22,8.86,9.29,8.77,377381824
2020/12/4,8.88,9.13,9.15,8.75,267796859
2020/12/7,9.07,8.81,9.18,8.71,264861178
2020/12/8,8.91,8.91,9.13,8.8,285706864
2020/12/9,8.92,8.71,9.05,8.68,234836436
2020/12/10,8.51,8.55,8.6,8.2,297764688
2020/12/11,8.81,8.43,8.84,8.29,285486336
2020/12/14,8.3,8.51,8.57,8.2,191295595
2020/12/15,8.42,8.33,8.45,8.11,285011728
2020/12/16,8.43,8.38,8.5,8.19,195560638
2020/12/17,8.41,8.83,8.83,8.38,359553632
2020/12/18,8.95,9.19,9.33,8.92,374924512
2020/12/21,9.33,9.39,9.48,9.16,280066576
2020/12/22,9.18,8.75,9.23,8.71,391525600
2020/12/23,8.67,8.77,8.85,8.52,249846668
2020/12/24,8.82,8.91,9.07,8.82,200987038
2020/12/25,8.93,9.27,9.3,8.71,273356912
2020/12/28,9.37,9.44,9.65,9.35,321029008
2020/12/29,9.51,9.1,9.55,9.1,244064436
2020/12/30,9.09,9.27,9.36,8.99,245102232
2020/12/31,9.32,9.29,9.43,9.16,243889964
2021/1/4,9.42,10.04,10.17,9.38,445168336
2021/1/5,10.09,10.21,10.25,9.85,362738176
2021/1/6,10.45,10.5,10.79,10.31,382786000
2021/1/7,10.43,11.18,11.32,10.38,447954128
2021/1/8,11.4,11.35,11.52,10.9,389430576
2021/1/11,10.9,10.67,11.12,10.5,471688816
2021/1/12,10.3,10.9,10.9,10.23,330386256
2021/1/13,10.92,10.68,11.56,10.51,446550144
2021/1/14,10.62,10.43,10.72,10.31,248924015
2021/1/15,10.59,10.56,10.88,10.24,265911595
2021/1/18,10.3,10.69,10.71,9.93,297687280
2021/1/19,10.55,10.28,10.74,10.14,241515575
2021/1/20,10.28,10.56,10.66,10.28,207543682
2021/1/21,10.7,10.97,11.15,10.62,327400496
2021/1/22,10.87,10.83,10.99,10.66,209061346
2021/1/25,10.84,11.05,11.34,10.72,302129488
2021/1/26,11,10.74,11,10.51,268877456
2021/1/27,10.79,10.42,10.92,10.15,264593333
2021/1/28,10,9.68,10.21,9.6,351893776
2021/1/29,9.9,9.6,10,9.31,277139968
2021/2/1,9.94,10.44,10.48,9.82,355225248
2021/2/2,10.48,10.8,10.89,10.33,280799952
2021/2/3,10.59,10.49,10.76,10.25,281468912
2021/2/4,10.5,10.15,10.56,10.03,186606141
2021/2/5,9.99,9.8,10.34,9.73,263340422
2021/2/8,10.1,10.59,10.65,10.06,302447968
2021/2/9,10.98,11.34,11.35,10.78,347099984
2021/2/10,11.47,12.08,12.28,11.43,426762336
2021/2/18,13.29,13.29,13.29,13.29,81753772
2021/2/19,13.67,13.64,14.11,12.89,1008802432
2021/2/22,14.46,14.63,15,14.32,1031889104
2021/2/23,14.1,13.85,14.54,13.77,717283184
2021/2/24,13.95,13.1,14.27,12.55,763929152
2021/2/25,13.65,12.98,13.74,12.88,546806688
2021/2/26,12.19,12.19,12.56,11.98,636144896
2021/3/1,12.22,12.32,12.4,11.76,531899040
2021/3/2,12.1,11.75,12.1,11.55,495700048
2021/3/3,11.96,12.32,12.35,11.8,522198992
2021/3/4,11.93,11.45,12.03,11.2,603698528
2021/3/5,10.78,11,11.13,10.6,532956768
2021/3/8,11.33,10.67,11.4,10.59,418196496
2021/3/9,10.7,10.71,11.07,10.01,505206080
2021/3/10,10.79,10.49,10.8,10.35,296477776
2021/3/11,10.65,11.54,11.54,10.54,572997920
2021/3/12,11.71,11.35,11.77,11.06,460870192
2021/3/15,11.3,11.25,11.64,10.97,418274400
2021/3/16,11.28,11.11,11.3,10.75,305393456
2021/3/17,10.8,11.09,11.11,10.66,244471019
2021/3/18,11.4,11.18,11.57,11.15,302583472
2021/3/19,10.82,10.83,11.03,10.69,360642224
2021/3/22,10.75,10.66,10.84,10.41,311295888
2021/3/23,10.78,10.13,10.84,10,437961712
2021/3/24,9.9,9.36,10.03,9.3,573323232
2021/3/25,9.45,9.56,9.79,9.41,397265840
2021/3/26,9.6,9.91,10.02,9.52,408898176
2021/3/29,9.92,9.93,10,9.65,295006016
2021/3/30,9.81,9.93,10.16,9.68,296079312
2021/3/31,9.81,9.62,9.83,9.45,341747840
2021/4/1,9.72,9.74,9.82,9.61,230815665
2021/4/2,9.85,10.13,10.14,9.82,395349728
2021/4/6,10.35,10.15,10.44,10.13,306084880
2021/4/7,10.25,10.24,10.29,9.9,253068408
2021/4/8,10.2,10.53,10.68,10.07,409922288
2021/4/9,10.59,10.29,10.62,10.25,227726836
2021/4/12,10.17,9.68,10.17,9.6,382576976
2021/4/13,9.59,9.7,9.83,9.51,215462208
2021/4/14,9.72,9.93,9.97,9.72,222354597
2021/4/15,10.1,10.21,10.24,9.8,283596688
2021/4/16,10.57,10.23,10.69,10.2,411957776
2021/4/19,10.24,10.65,10.65,9.98,399896656
2021/4/20,10.5,10.74,10.86,10.46,375163760
2021/4/21,10.5,10.55,10.66,10.35,240994349
2021/4/22,10.66,10.6,10.83,10.52,258894772
2021/4/23,10.56,10.78,10.82,10.41,285518032
2021/4/26,11.03,11.15,11.4,10.93,486226800
2021/4/27,11.32,11.29,11.54,11.01,490881808
2021/4/28,11.02,11.09,11.23,10.85,299160544
2021/4/29,11.31,11.36,11.48,11.16,352853728
2021/4/30,11.2,11.03,11.41,10.85,369975088
2021/5/6,11.56,11.54,11.97,11.41,498383280
2021/5/7,11.97,11.92,12.09,11.84,501563280
2021/5/10,12.35,12.35,12.5,12.13,577791600
2021/5/11,11.9,11.58,11.9,11.31,533978720
2021/5/12,11.5,11.75,11.78,11.41,267046039
2021/5/13,11.26,11.08,11.41,11,401687360
2021/5/14,11.01,11.06,11.12,10.7,359966288
2021/5/17,11.12,11.45,11.5,11,382905376
2021/5/18,11.74,11.73,11.88,11.59,293717680
2021/5/19,11.57,11.42,11.57,11.32,260692258
2021/5/20,10.9,10.93,11.1,10.6,440449024
2021/5/21,10.8,10.82,11.03,10.67,273640496
2021/5/24,10.56,10.62,10.76,10.49,261063789
2021/5/25,10.69,10.93,11.01,10.55,309188928
2021/5/26,10.93,11.06,11.19,10.88,264624958
2021/5/27,11.19,11.14,11.24,10.96,235782674
2021/5/28,11.44,11.19,11.51,11.19,284479216
2021/5/31,11.29,11.23,11.38,11.09,274209232
2021/6/1,11.15,11.44,11.44,11.07,299210048
2021/6/2,11.3,11.18,11.4,11.15,241051336
2021/6/3,11.14,11,11.27,11,264730027
2021/6/4,10.51,10.84,10.97,10.39,402898080
2021/6/7,10.87,11.17,11.32,10.85,332356304
2021/6/8,11.29,11.06,11.35,10.99,261484316
2021/6/9,11.2,11.08,11.2,10.91,207377190
2021/6/10,11.1,11.07,11.24,11.05,216082902
2021/6/11,11.12,11,11.27,10.81,418514480
2021/6/15,10.88,10.47,10.9,10.4,460805360
2021/6/16,10.27,9.94,10.39,9.9,416736944
2021/6/17,9.78,9.87,10.07,9.73,251847790
2021/6/18,9.53,9.77,9.84,9.38,398962480
2021/6/21,9.64,9.76,9.85,9.57,243546360
2021/6/22,9.86,9.78,9.89,9.71,227173133
2021/6/23,9.83,9.78,9.84,9.69,235780723
2021/6/24,9.83,9.73,9.87,9.62,207415719
2021/6/25,9.75,10.15,10.17,9.75,371821152
2021/6/28,10.15,9.97,10.15,9.92,239332470
2021/6/29,9.93,9.65,9.93,9.57,287644320
2021/6/30,9.64,9.69,9.75,9.52,141339080
2021/7/1,9.74,9.79,9.79,9.61,159486111
2021/7/2,9.88,9.84,10.09,9.79,302368928
2021/7/5,9.85,10.03,10.08,9.84,298247136
2021/7/6,10.11,10.04,10.15,9.9,245210281
2021/7/7,9.83,9.99,10.07,9.76,244861197
2021/7/8,10.07,9.73,10.09,9.68,307122592
2021/7/9,9.63,10.14,10.23,9.55,524989984
2021/7/12,10.48,10.38,10.7,10.28,515750928
2021/7/13,10.3,10.15,10.5,10.03,287840304
2021/7/14,10.03,9.82,10.03,9.78,303091648
2021/7/15,9.84,10.03,10.04,9.65,299806672
2021/7/16,10,10,10.2,9.88,271506592
2021/7/19,9.92,9.97,10.05,9.85,255394747
2021/7/20,9.77,9.72,9.78,9.62,274588416
2021/7/21,9.75,9.82,9.84,9.65,293460784
2021/7/22,9.77,10.03,10.1,9.7,374177424
2021/7/23,10.03,10.13,10.38,10,438245056
2021/7/26,10.35,10.18,10.45,9.95,465878176
2021/7/27,10.52,10.64,11.13,10.47,927630608
2021/7/28,10.51,10.02,10.6,9.91,551300384
2021/7/29,10.18,10.24,10.3,9.92,392959024
2021/7/30,10.24,10.25,10.4,10.09,291420832
2021/8/2,10.38,10.81,11,10.16,583619328
2021/8/3,10.76,10.41,10.77,10.33,410342432
2021/8/4,10.42,10.53,10.59,10.22,357410288
2021/8/5,10.33,10.28,10.42,10.16,342679856
2021/8/6,10.23,10.68,10.76,10.23,500137056
2021/8/9,10.3,10.69,10.92,10.21,409476208
2021/8/10,10.56,10.55,10.68,10.4,294265232
2021/8/11,10.65,10.59,10.82,10.48,337027616
2021/8/12,10.62,11.01,11.15,10.51,664056032
2021/8/13,10.9,11.29,11.34,10.78,507957552
2021/8/16,11.44,11.17,11.84,11.15,539013216
2021/8/17,11.07,10.95,11.44,10.78,448247904
2021/8/18,10.79,10.91,10.98,10.6,359915568
2021/8/19,10.62,10.34,10.65,10.11,591193040
2021/8/20,10.13,10.04,10.14,9.9,414310592
2021/8/23,10.13,10.14,10.25,10.02,296510672
2021/8/24,10.25,10.32,10.43,10.21,304859936
2021/8/25,10.32,10.52,10.62,10.13,345752576
2021/8/26,10.43,10.39,10.67,10.37,295880000
2021/8/27,10.31,10.45,10.5,10.28,278706512
2021/8/30,10.66,10.89,11.02,10.53,536410944
2021/8/31,10.8,11.11,11.11,10.65,482796496
2021/9/1,11.12,10.69,11.24,10.57,476200784
2021/9/2,10.59,10.9,11.04,10.55,371841824
2021/9/3,11.02,11.07,11.42,10.94,478081040
2021/9/6,11.22,10.95,11.28,10.76,382572000
2021/9/7,10.96,10.98,11.09,10.82,355052672
2021/9/8,10.91,10.85,11.04,10.68,423473728
2021/9/9,10.77,11.43,11.57,10.73,791356848
2021/9/10,11.42,11.97,12.45,11.38,920206624
2021/9/13,12.28,12.39,12.68,12.13,720541120
2021/9/14,12.1,11.72,12.22,11.67,572338176
2021/9/15,11.6,11.52,11.67,11.31,356747856
2021/9/16,11.7,11.11,11.83,11.1,390504096
2021/9/17,10.82,10.81,11.07,10.59,374819440
2021/9/22,10.5,10.71,10.73,10.43,276147424
2021/9/23,10.79,10.58,10.85,10.52,273484160
2021/9/24,10.52,10.34,10.63,10.31,290751152
2021/9/27,10.33,10.13,10.37,10.01,291327184
2021/9/28,10.14,10.22,10.36,10.09,192161870
2021/9/29,10.1,10.02,10.15,9.91,224656525
2021/9/30,10,10.09,10.1,9.98,123459769
2021/10/8,10.26,10.26,10.3,10.06,151931425
2021/10/11,10.73,11.04,11.2,10.62,555733360
2021/10/12,10.98,10.82,10.98,10.53,316027968
2021/10/13,10.71,10.71,10.78,10.56,146895461
2021/10/14,11,11.13,11.34,11,384859984
2021/10/15,11.2,11.46,11.95,11.2,514937216
2021/10/18,11.7,11.56,11.8,11.18,529088368
2021/10/19,11.4,11.8,11.88,11.27,410110320
2021/10/20,11.38,11.32,11.46,11.16,428670640
2021/10/21,11.43,11.34,11.58,11.25,284046656
2021/10/22,11.1,11.12,11.24,10.9,305697616
2021/10/25,11.12,11.16,11.27,10.88,194366975
2021/10/26,11.26,11.31,11.47,11.11,224968726
2021/10/27,11.2,10.89,11.26,10.84,276186240
2021/10/28,10.7,10.51,10.82,10.37,286533280
2021/10/29,10.59,10.46,10.64,10.37,208885775
2021/11/1,10.37,10.48,10.56,10.28,210225343
2021/11/2,10.47,10.23,10.52,10.05,315797376
2021/11/3,10.23,10.2,10.26,10.08,231626822
2021/11/4,10.21,10.26,10.26,10.12,188213934
2021/11/5,10.17,10.18,10.25,10.15,150868038
2021/11/8,10.3,10.51,10.64,10.3,291238976
2021/11/9,10.6,10.56,10.65,10.41,165074576
2021/11/10,10.54,10.55,10.58,10.35,168884883
2021/11/11,10.5,10.69,10.73,10.5,200024833
2021/11/12,10.76,10.74,10.95,10.73,178949092
2021/11/15,10.75,10.56,10.9,10.5,160909699
2021/11/16,10.57,10.36,10.61,10.32,163075827
2021/11/17,10.31,10.42,10.44,10.28,103452801
2021/11/18,10.32,10.36,10.44,10.32,135204181
2021/11/19,10.36,10.43,10.45,10.24,165884255
2021/11/22,10.44,10.54,10.56,10.37,155700446
2021/11/23,10.5,10.58,10.68,10.46,163768165
2021/11/24,10.6,10.44,10.62,10.36,155171133
2021/11/25,10.48,10.53,10.57,10.34,147353124
2021/11/26,10.44,10.36,10.46,10.33,136933219
2021/11/29,10.2,10.25,10.44,10.08,196592099
2021/11/30,10.27,10.15,10.32,10.13,164771599
2021/12/1,10.09,10.14,10.17,10,173396555
2021/12/2,10.09,10.04,10.14,10.01,171598087
2021/12/3,10.05,10.12,10.12,9.97,180795611
2021/12/6,10.12,10.17,10.26,10.06,165710038
2021/12/7,10.26,10.25,10.28,10.16,154853258
2021/12/8,10.34,10.3,10.34,10.25,149696872
2021/12/9,10.34,10.36,10.39,10.28,179496338
2021/12/10,10.31,10.26,10.32,10.16,152268622
2021/12/13,10.28,10.38,10.49,10.25,225459238
2021/12/14,10.3,10.14,10.32,10.1,201746051
2021/12/15,10.11,10.05,10.12,10.03,153263643
2021/12/16,10.05,10.11,10.14,10,154927165
2021/12/17,10.18,10.17,10.33,10.16,184007620
2021/12/20,10.02,9.96,10.12,9.92,234661098
2021/12/21,9.94,9.99,10.01,9.92,81491132
2021/12/22,9.99,9.97,10.04,9.94,100050658
2021/12/23,10,10.03,10.08,9.96,108666698
2021/12/24,10.03,9.69,10.03,9.63,229753578
2021/12/27,9.76,9.58,9.76,9.54,130990345
2021/12/28,9.62,9.71,9.74,9.56,127947316
2021/12/29,9.7,9.62,9.72,9.58,105092586
2021/12/30,9.65,9.64,9.74,9.59,90555018
2021/12/31,9.67,9.7,9.73,9.62,80544673
2022/1/4,9.7,9.82,9.86,9.62,151937844
2022/1/5,9.8,9.77,9.86,9.72,117856607
2022/1/6,9.71,9.67,9.81,9.65,112224349
2022/1/7,9.65,9.37,9.66,9.3,288598400
2022/1/10,9.37,9.4,9.43,9.31,130256364
2022/1/11,9.42,9.43,9.49,9.38,107029977
2022/1/12,9.49,10.01,10.09,9.49,438182880
2022/1/13,10.23,10.06,10.46,10.05,389068320
2022/1/14,10,9.82,10.01,9.78,195308862
2022/1/17,9.85,9.68,9.86,9.58,197777488
2022/1/18,9.75,9.94,10.09,9.67,247705199
2022/1/19,9.95,9.89,10.01,9.83,159293183
2022/1/20,10.08,10.12,10.21,10.05,278928960
2022/1/21,10.13,10.27,10.35,9.97,293429744
2022/1/24,10.13,10.29,10.3,10.11,179100403
2022/1/25,10.19,10.11,10.45,10.1,228660124
2022/1/26,10.2,10.18,10.27,9.98,140693969
2022/1/27,10.2,9.91,10.2,9.9,177745272
2022/1/28,9.88,9.76,9.99,9.61,148019030
2022/2/7,10.03,10.25,10.28,10.02,242635817
2022/2/8,10.28,10.35,10.35,10.13,190474875
2022/2/9,10.41,10.78,10.89,10.37,393840768
2022/2/10,11.02,11.21,11.41,11.02,526339376
2022/2/11,11.27,11.06,11.62,11.05,353530336
2022/2/14,11.06,11.06,11.24,10.97,236092175
2022/2/15,11.13,10.9,11.15,10.76,214786908
2022/2/16,10.83,10.93,11.03,10.77,162692641
2022/2/17,10.94,11.27,11.32,10.92,277804592
2022/2/18,11.34,11.23,11.34,11.08,183977329
2022/2/21,11.14,11.12,11.38,11.04,154311223
2022/2/22,11.17,11.2,11.26,10.96,191084683
2022/2/23,11.11,10.92,11.14,10.83,260732359
2022/2/24,10.88,11,11.29,10.84,437359792
2022/2/25,10.89,10.95,11.17,10.65,284296432
2022/2/28,11,11.22,11.28,10.85,305738560
2022/3/1,11.23,11.15,11.26,10.97,202566146
2022/3/2,11.36,11.4,11.52,11.31,320060320
2022/3/3,11.52,11.87,12.09,11.52,455231456
2022/3/4,11.81,11.58,11.97,11.52,295238176
2022/3/7,12.01,11.83,12.17,11.73,417808496
2022/3/8,11.44,11.41,11.79,11.1,411158640
2022/3/9,11.48,11.27,11.6,10.82,307834288
2022/3/10,11.01,10.98,11.14,10.77,289722720
2022/3/11,10.89,10.98,10.98,10.65,198185486
2022/3/14,10.75,10.45,10.85,10.44,216690517
2022/3/15,10.07,9.55,10.14,9.52,378224160
2022/3/16,9.7,10.12,10.15,9.32,293755904
2022/3/17,10.3,10.3,10.49,10.15,213102023
2022/3/18,10.36,10.63,10.69,10.24,196944613
2022/3/21,10.82,11,11.06,10.55,235034214
2022/3/22,10.94,11.3,11.39,10.9,254417629
2022/3/23,11.4,11.34,11.4,11.18,170924368
2022/3/24,11.43,11.71,11.83,11.42,267406595
2022/3/25,11.65,11.52,11.81,11.48,201675870
2022/3/28,11.44,11.56,11.69,11.25,192200509
2022/3/29,11.5,11.59,11.73,11.47,139373074
2022/3/30,11.58,11.46,11.58,11.35,179686151
2022/3/31,11.53,11.34,11.69,11.25,148366567
2022/4/1,11.37,11.45,11.59,11.2,131866667
2022/4/6,11.52,11.6,11.78,11.4,137554740
2022/4/7,11.45,11.53,11.68,11.38,123728339
2022/4/8,11.6,11.95,12.05,11.59,323989792
2022/4/11,12,11.68,12.02,11.48,245756229
2022/4/12,11.7,11.68,11.79,11.43,170559305
2022/4/13,11.78,12.53,12.74,11.73,415821440
2022/4/14,12.61,12.74,12.91,12.42,258289403
2022/4/15,12.43,12.13,12.86,12.08,351868144
2022/4/18,12.1,12.02,12.2,11.88,167335376
2022/4/19,12.2,12,12.36,11.91,225673388
2022/4/20,11.82,11.44,12,11.4,232400706
2022/4/21,11.36,11.01,11.48,10.91,188969162
2022/4/22,10.9,11.33,11.45,10.71,193633012
2022/4/25,10.88,10.62,11.1,10.53,249779205
2022/4/26,10.62,10.24,10.66,10.09,234308568
2022/4/27,10.18,10.89,11,10.16,292473024
2022/4/28,10.9,10.8,10.91,10.58,158313438
2022/4/29,10.83,11.07,11.08,10.68,229876483
2022/5/5,10.92,10.84,10.94,10.59,247028234
2022/5/6,10.39,10.07,10.42,10,338454096
2022/5/9,9.97,9.8,9.99,9.66,297419568
2022/5/10,9.5,9.63,9.65,9.26,462887328
2022/5/11,9.51,9.8,9.96,9.36,410262352
2022/5/12,9.6,9.53,9.74,9.4,325554048
2022/5/13,9.49,9.53,9.57,9.33,254805221
2022/5/16,9.58,9.7,9.7,9.5,236498868
2022/5/17,9.78,9.97,9.98,9.7,309536272
2022/5/18,10,9.79,10.02,9.72,234661822
2022/5/19,9.54,9.72,9.76,9.49,170773758
2022/5/20,9.84,10.02,10.07,9.79,303767616
2022/5/23,10.1,10.01,10.1,9.9,208817422
2022/5/24,10.01,9.71,10.15,9.7,249769582
2022/5/25,9.79,9.9,9.93,9.71,187539449
2022/5/26,9.95,9.86,9.95,9.67,191665641
2022/5/27,9.96,9.93,10.05,9.84,201010876
2022/5/30,9.99,10.11,10.25,9.96,265527615
2022/5/31,10.08,10.06,10.09,9.95,176527091
2022/6/1,10.05,9.86,10.05,9.75,249920959
2022/6/2,9.8,9.87,9.87,9.73,144421219
2022/6/6,9.96,10.4,10.42,9.96,433529408
2022/6/7,10.43,10.3,10.47,10.24,219949651
2022/6/8,10.36,10.34,10.4,10.13,236458960
2022/6/9,10.29,10.28,10.39,10.16,179958773
2022/6/10,9.97,10.19,10.19,9.81,229679022
2022/6/13,10.01,10.12,10.18,10,215313176
2022/6/14,9.9,10.01,10.01,9.66,317968368
2022/6/15,9.96,9.98,10.14,9.88,315337360
2022/6/16,10.06,9.9,10.08,9.87,229291736
2022/6/17,9.8,9.88,9.92,9.75,258604068
2022/6/20,9.8,9.59,9.8,9.5,479455216
2022/6/21,9.58,9.43,9.58,9.35,317665168
2022/6/22,9.45,9.25,9.49,9.21,343157280
2022/6/23,9.2,9.3,9.3,9.16,260965342
2022/6/24,9.15,9.2,9.25,9.11,353997888
2022/6/27,9.2,9.29,9.45,9.14,451805744
2022/6/28,9.29,9.36,9.37,9.19,323094000
2022/6/29,9.29,9.2,9.33,9.16,292823408
2022/6/30,9.3,9.33,9.38,9.26,272617200
2022/7/1,9.33,9.47,9.54,9.23,320559520
2022/7/4,9.4,9.36,9.41,9.29,261484338
2022/7/5,9.36,9.35,9.43,9.3,257958904
2022/7/6,9.17,9.04,9.18,8.97,508560160
2022/7/7,8.99,9.04,9.15,8.89,235114955
2022/7/8,9.17,9.07,9.17,9.05,179642361
2022/7/11,9.15,9.05,9.15,9,199478383
2022/7/12,9,8.92,9.04,8.92,185281318
2022/7/13,8.85,8.75,8.85,8.7,267767224
2022/7/14,8.71,8.62,8.76,8.58,315775490
2022/7/15,8.52,8.37,8.62,8.36,323754101
2022/7/18,8.44,8.87,8.87,8.4,428426581
2022/7/19,8.87,8.74,8.87,8.68,220073438
2022/7/20,8.78,8.79,8.84,8.73,163351405
2022/7/21,8.71,8.67,8.78,8.65,155175807
2022/7/22,8.72,8.67,8.79,8.58,153563469
2022/7/25,8.67,8.71,8.78,8.67,129878162
2022/7/26,8.74,8.91,8.92,8.71,221952273
2022/7/27,8.88,8.81,8.89,8.76,127274986
2022/7/28,8.94,8.97,9.15,8.92,254046326
2022/7/29,9.06,8.93,9.07,8.9,178230301
2022/8/1,8.94,8.84,8.95,8.78,149292011
2022/8/2,8.73,8.6,8.73,8.51,201534963
2022/8/3,8.56,8.49,8.7,8.47,157131379
2022/8/4,8.54,8.55,8.62,8.47,133839573
2022/8/5,8.64,8.82,8.85,8.62,252322205
2022/8/8,8.8,8.72,8.81,8.69,189877419
2022/8/9,8.73,8.79,8.83,8.68,175622493
2022/8/10,8.8,8.84,8.98,8.8,222811135
2022/8/11,8.88,9.03,9.03,8.86,278114790
2022/8/12,9.06,9.19,9.2,8.96,309872781
2022/8/15,9.2,9.04,9.32,9.01,301855501
2022/8/16,9,9.03,9.05,8.9,181031289
2022/8/17,9.04,9.02,9.05,8.9,148829974
2022/8/18,8.95,8.89,8.96,8.87,146135336
2022/8/19,8.9,8.84,8.94,8.84,130913731
2022/8/22,8.89,9.05,9.12,8.81,221648699
2022/8/23,9,9,9.05,8.93,134652997
2022/8/24,9.04,8.88,9.15,8.86,187531129
2022/8/25,8.9,9.13,9.15,8.87,313089212
2022/8/26,9.18,9.15,9.25,9.12,249539410
2022/8/29,9,9.02,9.04,8.91,146273141
2022/8/30,8.99,8.9,9.02,8.86,140910396
2022/8/31,8.82,8.8,8.91,8.76,185611990
2022/9/1,8.75,8.65,8.75,8.65,155301212
2022/9/2,8.62,8.52,8.65,8.5,156636962
2022/9/5,8.52,8.59,8.6,8.46,122101200
2022/9/6,8.62,8.84,8.85,8.61,184190365
2022/9/7,8.8,8.94,9.01,8.76,192296930
2022/9/8,9,9.06,9.11,8.9,299728212
2022/9/9,9.15,9.19,9.28,9.13,314943845
2022/9/13,9.22,9.29,9.38,9.21,296454908
2022/9/14,9.04,9,9.14,9,228910343
2022/9/15,9.05,8.95,9.08,8.9,167790849
2022/9/16,8.9,8.68,8.92,8.6,263963327
2022/9/19,8.72,8.62,8.75,8.57,128844015
2022/9/20,8.69,8.7,8.78,8.64,109319140
2022/9/21,8.65,8.71,8.74,8.57,102311798
2022/9/22,8.61,8.65,8.75,8.59,98676666
2022/9/23,8.65,8.53,8.69,8.5,139700434
2022/9/26,8.37,7.82,8.37,7.68,524156843
2022/9/27,7.71,7.85,7.88,7.61,248076288
2022/9/28,7.78,7.48,7.78,7.46,234017150
2022/9/29,7.65,7.7,7.82,7.65,234463111
2022/9/30,7.78,7.84,7.92,7.73,198857512
2022/10/10,7.9,7.77,7.92,7.76,162469224
2022/10/11,7.81,7.88,7.89,7.69,139793507
2022/10/12,7.85,7.99,8,7.73,175211317
2022/10/13,8,7.84,8,7.81,141275714
2022/10/14,7.89,7.96,8.01,7.83,172754824
2022/10/17,7.88,8.05,8.06,7.83,146074707
2022/10/18,8.06,8,8.13,7.98,101832305
2022/10/19,8,7.92,8.07,7.91,106845757
2022/10/20,7.85,7.85,7.92,7.76,107125151
2022/10/21,7.93,7.93,8.02,7.88,136386500
2022/10/24,8.02,7.94,8.18,7.93,265077369
2022/10/25,7.91,7.9,8,7.74,168484044
2022/10/26,7.9,7.94,7.99,7.86,146393708
2022/10/27,8.1,8.23,8.37,8.07,342977068
2022/10/28,8.16,8.1,8.29,8.07,173211806
2022/10/31,7.99,7.92,8.03,7.8,171305082
2022/11/1,7.95,8.2,8.2,7.88,218922797
2022/11/2,8.22,8.26,8.33,8.13,173509392
2022/11/3,8.12,8.14,8.2,8.06,142263556
2022/11/4,8.14,8.36,8.44,8.11,293136408
2022/11/7,8.77,9.09,9.2,8.77,742699594
2022/11/8,8.92,9.06,9.19,8.86,363657732
2022/11/9,9.35,9.29,9.53,9.28,536101697
2022/11/10,9.18,9.15,9.27,9.03,213962717
2022/11/11,9.9,9.92,10.05,9.75,820813076
2022/11/14,10.04,9.97,10.07,9.76,459254363
2022/11/15,9.85,9.92,10.02,9.72,296318868
2022/11/16,9.93,9.99,10.03,9.83,249677241
2022/11/17,9.89,9.77,10.01,9.62,347511455
2022/11/18,9.72,9.64,9.78,9.6,222152882
2022/11/21,9.45,9.42,9.45,9.19,275648574
2022/11/22,9.4,9.53,9.69,9.4,179331303
2022/11/23,9.59,9.55,9.75,9.53,155610090
2022/11/24,9.7,9.74,9.8,9.65,171961026
2022/11/25,9.66,9.79,9.9,9.65,173300051
2022/11/28,9.6,9.58,9.62,9.41,163193830
2022/11/29,9.6,9.87,9.91,9.56,208150733
2022/11/30,9.83,9.83,9.89,9.74,147098132
2022/12/1,10.2,10.3,10.4,10.14,432823798
2022/12/2,10.32,10.11,10.39,10.07,227035825
2022/12/5,10.23,10.45,10.56,10.14,288048196
2022/12/6,10.28,10.41,10.49,10.26,172410459
2022/12/7,10.35,10.27,10.4,10.18,163043069
2022/12/8,10.27,10.32,10.43,10.23,94830304
2022/12/9,10.36,10.61,10.65,10.34,234509493
2022/12/12,10.46,10.33,10.55,10.3,166552027
2022/12/13,10.25,10.34,10.43,10.23,106640564
2022/12/14,10.51,10.47,10.61,10.42,130256410
2022/12/15,10.4,10.26,10.55,10.18,145297324
2022/12/16,10.12,10.3,10.37,10.1,118304167
2022/12/19,10.38,10.06,10.44,9.97,139321031
2022/12/20,10,9.9,10.08,9.79,133898026
2022/12/21,10.05,9.97,10.15,9.94,79063000
2022/12/22,10.15,10.01,10.17,9.98,88120531
2022/12/23,9.86,9.9,9.98,9.77,90110430
2022/12/26,9.95,9.78,9.96,9.74,112772086
2022/12/27,9.88,10.05,10.07,9.85,115147751
2022/12/28,10,10,10.01,9.88,82167768
2022/12/29,9.88,9.84,9.94,9.77,133667018
2022/12/30,9.88,10,10.09,9.85,132916479
2023/1/3,9.96,10.53,10.59,9.88,237742369
2023/1/4,10.43,10.3,10.51,10.25,135956369
2023/1/5,10.43,10.39,10.5,10.33,162355070
2023/1/6,10.44,10.43,10.5,10.39,105452849
2023/1/9,10.69,11.44,11.46,10.67,389677661
2023/1/10,11.44,11.41,11.52,11.28,187217759
2023/1/11,11.56,11.49,11.69,11.44,151648273
2023/1/12,11.7,11.42,11.85,11.38,152678023
2023/1/13,11.59,11.55,11.77,11.45,141332948
2023/1/16,11.65,11.51,11.77,11.4,192191522
2023/1/17,11.45,11.29,11.45,11.11,187682889
2023/1/18,11.39,11.39,11.52,11.33,131328387
2023/1/19,11.4,11.58,11.64,11.33,122601126
2023/1/20,11.68,11.91,12.11,11.67,215167523
2023/1/30,12,11.53,12,11.48,308807306
2023/1/31,11.53,11.79,11.93,11.45,216048832
2023/2/1,11.87,12.27,12.32,11.85,258835312
2023/2/2,12.26,12.07,12.27,11.99,156991318
2023/2/3,11.88,11.85,11.89,11.7,171095072
2023/2/6,11.5,11.39,11.51,11.21,257288012
2023/2/7,11.45,11.56,11.69,11.39,148197686
2023/2/8,11.59,11.37,11.62,11.36,120970851
2023/2/9,11.3,11.4,11.42,11.24,113320039
2023/2/10,11.3,11.19,11.34,11.13,131292710
2023/2/13,11.02,11.3,11.36,11.02,136635604
2023/2/14,11.32,11.57,11.68,11.28,183553830
2023/2/15,11.58,11.57,11.91,11.46,168857877
2023/2/16,11.55,11.27,11.57,11.18,133298984
2023/2/17,11.35,11.36,11.69,11.32,156839795
2023/2/20,11.41,11.69,11.7,11.38,168910196
2023/2/21,11.75,12.13,12.24,11.72,263388056
2023/2/22,12.03,11.95,12.18,11.9,144342540
2023/2/23,11.95,11.95,12.05,11.83,83065313
2023/2/24,11.79,11.63,11.81,11.56,162573387
2023/2/27,11.4,11.41,11.55,11.26,135699473
2023/2/28,11.49,11.41,11.58,11.3,106019006
2023/3/1,11.55,11.98,12.05,11.52,192370983
2023/3/2,12.06,12.1,12.25,11.93,162166552
2023/3/3,12.1,11.98,12.14,11.9,99356063
2023/3/6,12.04,11.93,12.09,11.66,128029028
2023/3/7,11.95,11.98,12.19,11.81,196536373
2023/3/8,11.7,11.66,11.75,11.42,157851419
2023/3/9,11.7,11.56,11.75,11.51,96441797
2023/3/10,11.46,11.44,11.59,11.41,93161452
2023/3/13,11.68,12.16,12.2,11.67,250055940
2023/3/14,12.34,12.03,12.59,12,215749155
2023/3/15,12.02,11.82,12.03,11.81,136479127
2023/3/16,11.6,11.39,11.71,11.36,231926620
2023/3/17,11.49,11.46,11.69,11.32,171872537
2023/3/20,11.73,11.8,11.9,11.67,165806656
2023/3/21,11.8,11.82,11.89,11.62,111609459
2023/3/22,11.71,11.74,11.9,11.65,119278038
2023/3/23,11.82,12.14,12.18,11.74,201091345
2023/3/24,12.2,12.01,12.2,11.97,117251488
2023/3/27,12,11.99,12.07,11.73,123953844
2023/3/28,11.99,12.01,12.14,11.88,107876553
2023/3/29,12.12,12.01,12.34,11.99,109723903
2023/3/30,12.04,12.25,12.25,11.93,150717840
2023/3/31,12.29,12.39,12.45,12.25,158691034
2023/4/3,12.39,12.12,12.45,12.07,168677506
2023/4/4,12.2,12.35,12.43,12.09,155954633
2023/4/6,12.43,13.13,13.14,12.41,294272220
2023/4/7,12.96,12.89,13.07,12.79,138168235
2023/4/10,12.79,12.98,13.12,12.66,116873407
2023/4/11,12.98,13.43,13.44,12.84,225374558
2023/4/12,13.38,13.55,13.75,13.32,185436762
2023/4/13,13.5,13.4,13.78,13.24,158387217
2023/4/14,13.74,13.94,13.99,13.69,210578014
2023/4/17,13.58,13.91,14.02,13.48,163355709
2023/4/18,13.87,13.86,14.05,13.75,123473848
2023/4/19,13.9,13.9,14.1,13.83,115489075
2023/4/20,13.8,13.59,13.82,13.32,205681007
2023/4/21,13.62,13.29,13.66,13.29,129483400
2023/4/24,13.25,12.69,13.43,12.58,244729896
2023/4/25,12.83,12.88,13.08,12.67,181595737
2023/4/26,12.66,12.57,12.81,12.47,169260872
2023/4/27,12.49,12.82,13.03,12.42,177955680
2023/4/28,12.55,12.83,12.98,12.55,145362116
2023/5/4,13.25,12.93,13.38,12.84,211489221
2023/5/5,13.03,12.58,13.14,12.45,187067529
2023/5/8,12.49,12.66,12.74,12.31,147503510
2023/5/9,12.67,12.25,12.67,12.19,171466059
2023/5/10,12.32,12.08,12.42,12.04,124335355
2023/5/11,12.04,11.68,12.09,11.6,186931676
2023/5/12,11.4,10.98,11.41,10.91,338569980
2023/5/15,10.98,11.11,11.2,10.66,235775700
2023/5/16,11.05,11.25,11.42,11,206495633
2023/5/17,11.04,11,11.2,10.93,130722931
2023/5/18,11.17,11.1,11.27,11.01,138468681
2023/5/19,10.86,10.89,11.03,10.7,205289952
2023/5/22,10.9,10.9,11,10.81,99725436
2023/5/23,10.88,10.67,10.94,10.67,126921865
2023/5/24,10.62,10.69,10.83,10.51,128497770
2023/5/25,10.62,10.52,10.62,10.38,148254167
2023/5/26,10.45,10.8,10.87,10.39,128083399
2023/5/29,10.82,10.8,10.88,10.71,115787493
2023/5/30,10.79,10.71,10.87,10.61,118788486
2023/5/31,10.75,10.69,10.87,10.61,124179454
2023/6/1,10.73,11.05,11.23,10.68,220497810
2023/6/2,11.17,11.59,11.62,11.17,267583940
2023/6/5,11.41,11.28,11.41,11.14,167579066
2023/6/6,11.38,11.39,11.65,11.34,168797874
2023/6/7,11.46,11.4,11.6,11.36,110395819
2023/6/8,11.28,11.52,11.57,11.16,117954964
2023/6/9,11.69,11.71,11.88,11.52,150815129
2023/6/12,11.59,11.55,11.62,11.38,136545790
2023/6/13,11.49,11.6,11.62,11.42,88581336
2023/6/14,11.7,11.88,12,11.7,196690302
2023/6/15,11.68,11.8,11.84,11.42,145484376
2023/6/16,11.85,12.03,12.28,11.84,180454160
2023/6/19,12.03,11.81,12.08,11.71,148234676
2023/6/20,11.79,11.76,11.86,11.59,92657207
2023/6/21,11.6,11.57,11.85,11.54,84114400
2023/6/26,11.52,11.49,11.65,11.43,79180144
2023/6/27,11.45,11.69,11.73,11.28,102267126
2023/6/28,11.59,11.66,11.73,11.52,73042283
2023/6/29,11.61,11.35,11.66,11.33,94829276
2023/6/30,11.39,11.37,11.52,11.25,66313367
2023/7/3,11.5,11.93,12.03,11.49,171518591
2023/7/4,11.97,11.8,12,11.74,107427130
2023/7/5,11.78,11.8,11.9,11.73,71207528
2023/7/6,11.71,11.61,11.75,11.52,76833555
2023/7/7,11.51,11.55,11.72,11.28,125582984
2023/7/10,11.58,11.54,11.76,11.48,80589768
2023/7/11,11.71,11.84,11.95,11.68,121686578
2023/7/12,11.83,11.95,12.05,11.77,187653141
2023/7/13,12.38,12.52,12.76,12.38,289777576
2023/7/14,12.75,12.58,12.8,12.56,127187184
2023/7/17,12.48,12.34,12.5,12.3,86362787
2023/7/18,12.34,12.4,12.53,12.26,68098977
2023/7/19,12.56,12.59,12.66,12.45,103886841
2023/7/20,12.54,12.61,12.8,12.52,98663315
2023/7/21,12.55,12.53,12.68,12.49,70515847
2023/7/24,12.41,12.43,12.62,12.38,57319982
2023/7/25,12.64,12.94,13.1,12.64,175567357
2023/7/26,12.96,13.07,13.08,12.88,89449527
2023/7/27,13.07,12.88,13.1,12.83,76066981
2023/7/28,12.66,12.79,12.84,12.55,145064577
2023/7/31,12.99,13.01,13.18,12.95,116713079
2023/8/1,13.27,13.05,13.44,13,120142346
2023/8/2,12.82,12.86,12.96,12.77,83936798
2023/8/3,12.75,12.74,12.8,12.6,109846621
2023/8/4,12.86,12.85,12.99,12.78,78105281
2023/8/7,12.78,12.85,12.88,12.73,44623088
2023/8/8,12.85,13.03,13.13,12.74,111902027
2023/8/9,12.9,12.87,12.98,12.74,84007485
2023/8/10,12.8,12.73,12.88,12.69,70330322
2023/8/11,12.75,12.5,12.83,12.44,93182422
2023/8/14,12.39,12.32,12.42,12.15,131024479
2023/8/15,12.34,12.32,12.43,12.16,68007984
2023/8/16,12.18,12.19,12.25,12.08,74573738
2023/8/17,12.06,12.29,12.34,11.84,101796875
2023/8/18,12.29,12.08,12.43,12.05,76821225
2023/8/21,12.08,11.98,12.18,11.98,75479962
2023/8/22,12.08,12.41,12.48,12.08,165777633
2023/8/23,12.45,12.17,12.49,12.12,126975644
2023/8/24,12.45,12.49,12.65,12.35,138872628
2023/8/25,12.4,12.3,12.45,12.15,127145799
2023/8/28,12.92,12.14,12.97,12.06,203852109
2023/8/29,12.11,12.08,12.37,12.04,140982272
2023/8/30,12.25,12.45,12.54,12.22,159470560
2023/8/31,12.49,12.36,12.6,12.34,82969987
2023/9/1,12.39,12.8,12.9,12.37,143485185
2023/9/4,12.95,13.2,13.5,12.95,188698652
2023/9/5,13.1,13.15,13.21,12.97,80427855
2023/9/6,13.02,13.06,13.18,12.93,72466469
2023/9/7,12.94,13.01,13.11,12.9,72247716
2023/9/8,13.01,12.88,13.1,12.81,55492369
2023/9/11,12.88,13,13.15,12.82,87787035
2023/9/12,13.01,12.84,13.09,12.8,84410056
2023/9/13,12.78,12.84,12.98,12.76,87054305
2023/9/14,12.9,12.98,13.1,12.84,152218542
2023/9/15,13.19,13.15,13.42,13.06,173231399
2023/9/18,13.08,13.07,13.08,12.89,105742734
2023/9/19,13,13.17,13.25,12.98,108154112
2023/9/20,13.1,13.25,13.28,13.04,90314021
2023/9/21,13.1,13.09,13.2,12.98,96166185
2023/9/22,12.95,12.93,12.98,12.68,186231640
2023/9/25,12.88,12.76,12.99,12.74,115655415
2023/9/26,12.69,12.65,12.75,12.49,128915086
2023/9/27,12.65,12.41,12.68,12.38,133613484
2023/9/28,12.41,12.13,12.52,12.06,149985684
2023/10/9,11.91,12.2,12.25,11.74,122116683
2023/10/10,12.28,12.22,12.42,12.2,68398356
2023/10/11,12.3,12.13,12.31,11.99,85168723
2023/10/12,12.27,12.29,12.36,12.18,70314506
2023/10/13,12.13,12.02,12.15,12,66449566
2023/10/16,12.25,12.14,12.28,12.1,94815422
2023/10/17,12.12,12.06,12.14,11.98,80051798
2023/10/18,12.09,11.98,12.13,11.96,73584741
2023/10/19,11.95,11.77,11.98,11.75,98618747
2023/10/20,11.82,11.65,11.93,11.59,79552087
2023/10/23,11.58,11.45,11.66,11.33,85800104
2023/10/24,11.54,11.75,11.83,11.53,119694433
2023/10/25,12.04,12.08,12.31,12.04,129416820
2023/10/26,12,12.08,12.11,11.88,74025968
2023/10/27,11.98,12.01,12.16,11.95,92836222
2023/10/30,12.2,12.42,12.68,12.19,180159501
2023/10/31,12.4,12.44,12.46,12.28,75169604
2023/11/1,12.32,12.2,12.35,12.14,93872097
2023/11/2,12.35,12.21,12.48,12.2,91383818
2023/11/3,12.22,12.17,12.3,12.1,81585921
2023/11/6,12.18,11.93,12.2,11.87,144313303
2023/11/7,11.88,12.01,12.03,11.72,91670061
2023/11/8,11.88,11.82,11.95,11.72,113321587
2023/11/9,11.7,11.88,11.9,11.7,77642269
2023/11/10,11.83,11.78,11.86,11.72,43771753
2023/11/13,11.79,11.9,11.93,11.73,55328036
2023/11/14,11.95,11.86,11.98,11.81,49533264
2023/11/15,12.23,12,12.23,11.93,100819208
2023/11/16,11.97,11.97,12.03,11.85,72428050
2023/11/17,11.98,11.97,12.02,11.87,56250453
2023/11/20,11.96,11.86,11.97,11.77,67797583
2023/11/21,11.96,12.14,12.21,11.91,146698506
2023/11/22,12.14,11.95,12.14,11.92,62734020
2023/11/23,11.94,11.99,12,11.82,55954963
2023/11/24,11.97,11.85,11.99,11.84,51770983
2023/11/27,11.86,11.87,12.03,11.73,57775499
2023/11/28,11.86,11.89,11.9,11.71,62640831
2023/11/29,12.09,12.15,12.2,12.08,169653492
2023/11/30,12.14,12.18,12.27,12.07,116747513
2023/12/1,12.15,12.04,12.2,11.96,101753675
2023/12/4,12.45,12.4,12.69,12.38,229119485
2023/12/5,12.12,11.95,12.16,11.92,158484060
2023/12/6,11.84,12,12.08,11.75,110464022
2023/12/7,11.9,11.8,11.92,11.75,108883301
2023/12/8,11.81,11.67,11.83,11.65,118281121
2023/12/11,11.59,11.67,11.73,11.38,111213214
2023/12/12,11.57,11.62,11.63,11.46,89300708
2023/12/13,11.54,11.44,11.61,11.44,85644343
2023/12/14,11.8,11.48,11.83,11.46,135531561
2023/12/15,11.6,11.7,11.97,11.6,204753292
2023/12/18,11.64,11.78,11.85,11.58,73733359
2023/12/19,11.76,11.8,11.84,11.65,59946318
2023/12/20,11.92,12.02,12.12,11.86,165592823
2023/12/21,11.94,12.07,12.09,11.89,108702830
2023/12/22,12.15,12.14,12.18,11.99,127206298
2023/12/25,12.03,12.22,12.24,12.01,85968431
2023/12/26,12.2,12.18,12.28,12.15,74621667
2023/12/27,12.23,12.4,12.42,12.19,125564716
2023/12/28,12.49,12.35,12.67,12.31,185718401
2023/12/29,12.27,12.46,12.48,12.27,121461541
